<?xml version="1.0" encoding="UTF-8" standalone="no"?><author age_group="xx" gender="xx" lang="EN" type="twitter" url="https://twitter.com/mabelbullon">
	<documents count="78">
		<document id="120858253369413632" url="https://twitter.com/mabelbullon/status/120858253369413632"><![CDATA[Azure Monitor para Windows Phone 7 <a href="http://t.co/ktbmdebp" rel="nofollow" dir="ltr" data-expanded-url="http://www.estoyenlanube.com/azure-monitor-para-windows-phone-7/" class="twitter-timeline-link" target="_blank" title="http://www.estoyenlanube.com/azure-monitor-para-windows-phone-7/" ><span class="tco-ellipsis"></span><span class="invisible">http://www.</span><span class="js-display-url">estoyenlanube.com/azure-monitor-</span><span class="invisible">para-windows-phone-7/</span><span class="tco-ellipsis"><span class="invisible">&nbsp;</span>…</span></a>]]></document>
		<document id="213544723800014848" url="https://twitter.com/mabelbullon/status/213544723800014848"><![CDATA[<a href="http://t.co/cKBB0XMq" rel="nofollow" dir="ltr" data-expanded-url="http://smlk.es/Gt7YCx" class="twitter-timeline-link" target="_blank" title="http://smlk.es/Gt7YCx" ><span class="tco-ellipsis"></span><span class="invisible">http://</span><span class="js-display-url">smlk.es/Gt7YCx</span><span class="invisible"></span><span class="tco-ellipsis"><span class="invisible">&nbsp;</span></span></a>
Completa tu ingeneria  Exchange Server 2010]]></document>
		<document id="234776003078156288" url="https://twitter.com/mabelbullon/status/234776003078156288"><![CDATA[<a href="/CiscoSecurity" class="twitter-atreply pretty-link js-nav" dir="ltr" data-mentioned-user-id="16206570" ><s>@</s><b>CiscoSecurity</b></a>]]></document>
		<document id="241470212803788800" url="https://twitter.com/mabelbullon/status/241470212803788800"><![CDATA[40007A: 
First Look Clinic: Microsoft SQL Server 2012
<a href="/Idese" class="twitter-atreply pretty-link js-nav" dir="ltr" data-mentioned-user-id="190273304" ><s>@</s><b>idese</b></a> <a href="/hashtag/database?src=hash" data-query-source="hashtag_click" class="twitter-hashtag pretty-link js-nav" dir="ltr" ><s>#</s><b>database</b></a> <a href="/hashtag/SQL?src=hash" data-query-source="hashtag_click" class="twitter-hashtag pretty-link js-nav" dir="ltr" ><s>#</s><b>SQL</b></a>  19 de sepriembre 2012 75€]]></document>
		<document id="241502541446266880" url="https://twitter.com/mabelbullon/status/241502541446266880"><![CDATA[First Look Clinic 40007 Windows Server 2012 <a href="/Idese" class="twitter-atreply pretty-link js-nav" dir="ltr" data-mentioned-user-id="190273304" ><s>@</s><b>idese</b></a> <a href="/hashtag/SQLServer?src=hash" data-query-source="hashtag_click" class="twitter-hashtag pretty-link js-nav" dir="ltr" ><s>#</s><b>SQLServer</b></a>]]></document>
		<document id="242650853373251585" url="https://twitter.com/mabelbullon/status/242650853373251585"><![CDATA[Cursos Oficiales  en SQL Server 2012
 Curso 10775 : Administering Microsoft SQL Server 2012 Databases
10/09/2012 <a href="/Idese" class="twitter-atreply pretty-link js-nav" dir="ltr" data-mentioned-user-id="190273304" ><s>@</s><b>idese</b></a> <a href="/hashtag/database?src=hash" data-query-source="hashtag_click" class="twitter-hashtag pretty-link js-nav" dir="ltr" ><s>#</s><b>database</b></a> <a href="/hashtag/SQL?src=hash" data-query-source="hashtag_click" class="twitter-hashtag pretty-link js-nav" dir="ltr" ><s>#</s><b>SQL</b></a>]]></document>
		<document id="245108852176080896" url="https://twitter.com/mabelbullon/status/245108852176080896"><![CDATA[Branding en Pymes. CEU-UCH: <a href="http://t.co/iNJAfcum" rel="nofollow" dir="ltr" data-expanded-url="http://www.uchceu.es/actividades_culturales/2012/conferencias/branding_en_pymes.aspx#.UE3CRd19ykI.twitter" class="twitter-timeline-link" target="_blank" title="http://www.uchceu.es/actividades_culturales/2012/conferencias/branding_en_pymes.aspx#.UE3CRd19ykI.twitter" ><span class="tco-ellipsis"></span><span class="invisible">http://www.</span><span class="js-display-url">uchceu.es/actividades_cu</span><span class="invisible">lturales/2012/conferencias/branding_en_pymes.aspx#.UE3CRd19ykI.twitter</span><span class="tco-ellipsis"><span class="invisible">&nbsp;</span>…</span></a>]]></document>
		<document id="252800077008084994" url="https://twitter.com/mabelbullon/status/252800077008084994"><![CDATA[<a href="/Idese" class="twitter-atreply pretty-link js-nav" dir="ltr" data-mentioned-user-id="190273304" ><s>@</s><b>Idese</b></a> <a href="/hashtag/windowsserver2012?src=hash" data-query-source="hashtag_click" class="twitter-hashtag pretty-link js-nav" dir="ltr" ><s>#</s><b>windowsserver2012</b></a>
  Curso  20417 Upgrading Your Skilis to MCSA windows server 2012]]></document>
		<document id="253044279990169600" url="https://twitter.com/mabelbullon/status/253044279990169600"><![CDATA[iniciate en SQL Server 2012 <a href="/Idese" class="twitter-atreply pretty-link js-nav" dir="ltr" data-mentioned-user-id="190273304" ><s>@</s><b>idese</b></a> <a href="/hashtag/SQL?src=hash" data-query-source="hashtag_click" class="twitter-hashtag pretty-link js-nav" dir="ltr" ><s>#</s><b>SQL</b></a> Server]]></document>
		<document id="255313944854556675" url="https://twitter.com/mabelbullon/status/255313944854556675"><![CDATA[Actualizate 20417A Updating your skills to MCSA Windows Server 2012 <a href="http://t.co/dcWRyVC6" rel="nofollow" dir="ltr" data-expanded-url="http://www.idese.es/index.php?option=com_eventbooking&amp;task=view_event&amp;event_id=42&amp;Itemid=79" class="twitter-timeline-link" target="_blank" title="http://www.idese.es/index.php?option=com_eventbooking&amp;task=view_event&amp;event_id=42&amp;Itemid=79" ><span class="tco-ellipsis"></span><span class="invisible">http://www.</span><span class="js-display-url">idese.es/index.php?opti</span><span class="invisible">on=com_eventbooking&amp;task=view_event&amp;event_id=42&amp;Itemid=79</span><span class="tco-ellipsis"><span class="invisible">&nbsp;</span>…</span></a>]]></document>
		<document id="270465689201016833" url="https://twitter.com/mabelbullon/status/270465689201016833"><![CDATA[ITIL Foundation 2011 <a href="http://t.co/K95QRaVX" rel="nofollow" dir="ltr" data-expanded-url="http://www.idese.es/index.php?option=com_eventbooking&amp;task=view_event&amp;event_id=14&amp;Itemid=89" class="twitter-timeline-link" target="_blank" title="http://www.idese.es/index.php?option=com_eventbooking&amp;task=view_event&amp;event_id=14&amp;Itemid=89" ><span class="tco-ellipsis"></span><span class="invisible">http://www.</span><span class="js-display-url">idese.es/index.php?opti</span><span class="invisible">on=com_eventbooking&amp;task=view_event&amp;event_id=14&amp;Itemid=89</span><span class="tco-ellipsis"><span class="invisible">&nbsp;</span>…</span></a>]]></document>
		<document id="270573750842425344" url="https://twitter.com/mabelbullon/status/270573750842425344"><![CDATA[20412A Configuring Advanced Windows Server 2012 Services <a href="http://t.co/1KCxZqOB" rel="nofollow" dir="ltr" data-expanded-url="http://www.idese.es/index.php?option=com_eventbooking&amp;task=view_event&amp;event_id=48&amp;Itemid=79" class="twitter-timeline-link" target="_blank" title="http://www.idese.es/index.php?option=com_eventbooking&amp;task=view_event&amp;event_id=48&amp;Itemid=79" ><span class="tco-ellipsis"></span><span class="invisible">http://www.</span><span class="js-display-url">idese.es/index.php?opti</span><span class="invisible">on=com_eventbooking&amp;task=view_event&amp;event_id=48&amp;Itemid=79</span><span class="tco-ellipsis"><span class="invisible">&nbsp;</span>…</span></a>]]></document>
		<document id="275630513568481281" url="https://twitter.com/mabelbullon/status/275630513568481281"><![CDATA[10777A Implementing Data Warehouse  with Microsoft  SQL Server 2012-Microsoft Servidores de Bases de Datos <a href="http://t.co/riyP6L7v" rel="nofollow" dir="ltr" data-expanded-url="http://www.idese.es/microsoft/servidores-de-bases-de-datos-.html?task=view_event&amp;event_id=10" class="twitter-timeline-link" target="_blank" title="http://www.idese.es/microsoft/servidores-de-bases-de-datos-.html?task=view_event&amp;event_id=10" ><span class="tco-ellipsis"></span><span class="invisible">http://www.</span><span class="js-display-url">idese.es/microsoft/serv</span><span class="invisible">idores-de-bases-de-datos-.html?task=view_event&amp;event_id=10</span><span class="tco-ellipsis"><span class="invisible">&nbsp;</span>…</span></a> vía <a href="/Idese" class="twitter-atreply pretty-link js-nav" dir="ltr" data-mentioned-user-id="190273304" ><s>@</s><b>idese</b></a>]]></document>
		<document id="288577914121908224" url="https://twitter.com/mabelbullon/status/288577914121908224"><![CDATA[Seminario  Exchange Online Services. Office 365-Seminarios <a href="http://t.co/27k3fWpX" rel="nofollow" dir="ltr" data-expanded-url="http://www.idese.es/mas-cursos/seminarios.html?task=view_event&amp;event_id=159" class="twitter-timeline-link" target="_blank" title="http://www.idese.es/mas-cursos/seminarios.html?task=view_event&amp;event_id=159" ><span class="tco-ellipsis"></span><span class="invisible">http://www.</span><span class="js-display-url">idese.es/mas-cursos/sem</span><span class="invisible">inarios.html?task=view_event&amp;event_id=159</span><span class="tco-ellipsis"><span class="invisible">&nbsp;</span>…</span></a> vía <a href="/Idese" class="twitter-atreply pretty-link js-nav" dir="ltr" data-mentioned-user-id="190273304" ><s>@</s><b>idese</b></a> <a href="/hashtag/office365?src=hash" data-query-source="hashtag_click" class="twitter-hashtag pretty-link js-nav" dir="ltr" ><s>#</s><b>office365</b></a>]]></document>
		<document id="289020427110588418" url="https://twitter.com/mabelbullon/status/289020427110588418"><![CDATA[40030A Windows 8 para profesionales TI (Clinic and Lab)-Seminarios <a href="http://t.co/KvYNYDxN" rel="nofollow" dir="ltr" data-expanded-url="http://www.idese.es/mas-cursos/seminarios.html?task=view_event&amp;event_id=162" class="twitter-timeline-link" target="_blank" title="http://www.idese.es/mas-cursos/seminarios.html?task=view_event&amp;event_id=162" ><span class="tco-ellipsis"></span><span class="invisible">http://www.</span><span class="js-display-url">idese.es/mas-cursos/sem</span><span class="invisible">inarios.html?task=view_event&amp;event_id=162</span><span class="tco-ellipsis"><span class="invisible">&nbsp;</span>…</span></a> vía <a href="/Idese" class="twitter-atreply pretty-link js-nav" dir="ltr" data-mentioned-user-id="190273304" ><s>@</s><b>idese</b></a> <a href="/hashtag/windows8?src=hash" data-query-source="hashtag_click" class="twitter-hashtag pretty-link js-nav" dir="ltr" ><s>#</s><b>windows8</b></a>]]></document>
		<document id="291888332944834560" url="https://twitter.com/mabelbullon/status/291888332944834560"><![CDATA[365Ex Exchange Online Services. Office 365-Seminarios <a href="http://t.co/27k3fWpX" rel="nofollow" dir="ltr" data-expanded-url="http://www.idese.es/mas-cursos/seminarios.html?task=view_event&amp;event_id=159" class="twitter-timeline-link" target="_blank" title="http://www.idese.es/mas-cursos/seminarios.html?task=view_event&amp;event_id=159" ><span class="tco-ellipsis"></span><span class="invisible">http://www.</span><span class="js-display-url">idese.es/mas-cursos/sem</span><span class="invisible">inarios.html?task=view_event&amp;event_id=159</span><span class="tco-ellipsis"><span class="invisible">&nbsp;</span>…</span></a> vía <a href="/Idese" class="twitter-atreply pretty-link js-nav" dir="ltr" data-mentioned-user-id="190273304" ><s>@</s><b>idese</b></a>]]></document>
		<document id="291888415732006912" url="https://twitter.com/mabelbullon/status/291888415732006912"><![CDATA[40025 - 40026 - First look: Introduction to Windows 8 Development - C# (Clinic and Lab)-Seminarios <a href="http://t.co/skGfVWNt" rel="nofollow" dir="ltr" data-expanded-url="http://www.idese.es/mas-cursos/seminarios.html?task=view_event&amp;event_id=143" class="twitter-timeline-link" target="_blank" title="http://www.idese.es/mas-cursos/seminarios.html?task=view_event&amp;event_id=143" ><span class="tco-ellipsis"></span><span class="invisible">http://www.</span><span class="js-display-url">idese.es/mas-cursos/sem</span><span class="invisible">inarios.html?task=view_event&amp;event_id=143</span><span class="tco-ellipsis"><span class="invisible">&nbsp;</span>…</span></a> vía <a href="/Idese" class="twitter-atreply pretty-link js-nav" dir="ltr" data-mentioned-user-id="190273304" ><s>@</s><b>idese</b></a>]]></document>
		<document id="296193124290666496" url="https://twitter.com/mabelbullon/status/296193124290666496"><![CDATA[ITIL Foundation 2011-ITIL 2011 Foundation Certificate  <a href="http://t.co/FnXU8jwY" rel="nofollow" dir="ltr" data-expanded-url="http://www.idese.es/itil-training/itil.html?task=view_event&amp;event_id=14" class="twitter-timeline-link" target="_blank" title="http://www.idese.es/itil-training/itil.html?task=view_event&amp;event_id=14" ><span class="tco-ellipsis"></span><span class="invisible">http://www.</span><span class="js-display-url">idese.es/itil-training/</span><span class="invisible">itil.html?task=view_event&amp;event_id=14</span><span class="tco-ellipsis"><span class="invisible">&nbsp;</span>…</span></a> vía @idese@valencia <a href="/ITIL" class="twitter-atreply pretty-link js-nav" dir="ltr" data-mentioned-user-id="18580096" ><s>@</s><b>itil</b></a>]]></document>
		<document id="298436828736921600" url="https://twitter.com/mabelbullon/status/298436828736921600"><![CDATA[365Ex Exchange Online Services. Office 365-Seminarios <a href="http://t.co/27k3fWpX" rel="nofollow" dir="ltr" data-expanded-url="http://www.idese.es/mas-cursos/seminarios.html?task=view_event&amp;event_id=159" class="twitter-timeline-link" target="_blank" title="http://www.idese.es/mas-cursos/seminarios.html?task=view_event&amp;event_id=159" ><span class="tco-ellipsis"></span><span class="invisible">http://www.</span><span class="js-display-url">idese.es/mas-cursos/sem</span><span class="invisible">inarios.html?task=view_event&amp;event_id=159</span><span class="tco-ellipsis"><span class="invisible">&nbsp;</span>…</span></a> vía <a href="/Idese" class="twitter-atreply pretty-link js-nav" dir="ltr" data-mentioned-user-id="190273304" ><s>@</s><b>idese</b></a> <a href="/hashtag/exchange2013?src=hash" data-query-source="hashtag_click" class="twitter-hashtag pretty-link js-nav" dir="ltr" ><s>#</s><b>exchange2013</b></a> <a href="/hashtag/office?src=hash" data-query-source="hashtag_click" class="twitter-hashtag pretty-link js-nav" dir="ltr" ><s>#</s><b>office</b></a> 365]]></document>
		<document id="299569718728216577" url="https://twitter.com/mabelbullon/status/299569718728216577"><![CDATA[Seminario Office 2013 First Look -Seminarios <a href="http://t.co/SwyiFDbg" rel="nofollow" dir="ltr" data-expanded-url="http://www.idese.es/mas-cursos/seminarios.html?task=view_event&amp;event_id=170" class="twitter-timeline-link" target="_blank" title="http://www.idese.es/mas-cursos/seminarios.html?task=view_event&amp;event_id=170" ><span class="tco-ellipsis"></span><span class="invisible">http://www.</span><span class="js-display-url">idese.es/mas-cursos/sem</span><span class="invisible">inarios.html?task=view_event&amp;event_id=170</span><span class="tco-ellipsis"><span class="invisible">&nbsp;</span>…</span></a> vía <a href="/Idese" class="twitter-atreply pretty-link js-nav" dir="ltr" data-mentioned-user-id="190273304" ><s>@</s><b>idese</b></a> <a href="/hashtag/office?src=hash" data-query-source="hashtag_click" class="twitter-hashtag pretty-link js-nav" dir="ltr" ><s>#</s><b>office</b></a>]]></document>
		<document id="303514145188347904" url="https://twitter.com/mabelbullon/status/303514145188347904"><![CDATA[ITIL Foundation 2011-ITIL 2011 Foundation Certificate  <a href="http://t.co/FnXU8jwY" rel="nofollow" dir="ltr" data-expanded-url="http://www.idese.es/itil-training/itil.html?task=view_event&amp;event_id=14" class="twitter-timeline-link" target="_blank" title="http://www.idese.es/itil-training/itil.html?task=view_event&amp;event_id=14" ><span class="tco-ellipsis"></span><span class="invisible">http://www.</span><span class="js-display-url">idese.es/itil-training/</span><span class="invisible">itil.html?task=view_event&amp;event_id=14</span><span class="tco-ellipsis"><span class="invisible">&nbsp;</span>…</span></a> vía <a href="/Idese" class="twitter-atreply pretty-link js-nav" dir="ltr" data-mentioned-user-id="190273304" ><s>@</s><b>idese</b></a> <a href="/hashtag/itil?src=hash" data-query-source="hashtag_click" class="twitter-hashtag pretty-link js-nav" dir="ltr" ><s>#</s><b>itil</b></a>]]></document>
		<document id="306691514480857088" url="https://twitter.com/mabelbullon/status/306691514480857088"><![CDATA[10174  Configuring and Administering Microsoft SharePoint 2010-Microsoft Gestión documental <a href="http://t.co/anjGBzGBSi" rel="nofollow" dir="ltr" data-expanded-url="http://www.idese.es/microsoft/plataforma-de-colaboracion-empresarial-.html?task=view_event&amp;event_id=90" class="twitter-timeline-link" target="_blank" title="http://www.idese.es/microsoft/plataforma-de-colaboracion-empresarial-.html?task=view_event&amp;event_id=90" ><span class="tco-ellipsis"></span><span class="invisible">http://www.</span><span class="js-display-url">idese.es/microsoft/plat</span><span class="invisible">aforma-de-colaboracion-empresarial-.html?task=view_event&amp;event_id=90</span><span class="tco-ellipsis"><span class="invisible">&nbsp;</span>…</span></a> vía <a href="/Idese" class="twitter-atreply pretty-link js-nav" dir="ltr" data-mentioned-user-id="190273304" ><s>@</s><b>idese</b></a>]]></document>
		<document id="314764392480780289" url="https://twitter.com/mabelbullon/status/314764392480780289"><![CDATA[10775A Administering Microsoft SQL Server 2012 Databases-Microsoft Servidores de Bases de Datos <a href="http://t.co/9g0tgXFm0r" rel="nofollow" dir="ltr" data-expanded-url="http://www.idese.es/microsoft/servidores-de-bases-de-datos-.html?task=view_event&amp;event_id=12" class="twitter-timeline-link" target="_blank" title="http://www.idese.es/microsoft/servidores-de-bases-de-datos-.html?task=view_event&amp;event_id=12" ><span class="tco-ellipsis"></span><span class="invisible">http://www.</span><span class="js-display-url">idese.es/microsoft/serv</span><span class="invisible">idores-de-bases-de-datos-.html?task=view_event&amp;event_id=12</span><span class="tco-ellipsis"><span class="invisible">&nbsp;</span>…</span></a> vía <a href="/Idese" class="twitter-atreply pretty-link js-nav" dir="ltr" data-mentioned-user-id="190273304" ><s>@</s><b>idese</b></a> <a href="/hashtag/SQL?src=hash" data-query-source="hashtag_click" class="twitter-hashtag pretty-link js-nav" dir="ltr" ><s>#</s><b>SQL</b></a>]]></document>
		<document id="333886154418057216" url="https://twitter.com/mabelbullon/status/333886154418057216"><![CDATA[20417 Updating your skills to MCSA Windows Server 2012-<a href="http://t.co/g33F1rXSo5" rel="nofollow" dir="ltr" data-expanded-url="http://www.idese.es/microsoft/sistemas-operativos-de-servidores.html?task=view_event&amp;event_id=177" class="twitter-timeline-link" target="_blank" title="http://www.idese.es/microsoft/sistemas-operativos-de-servidores.html?task=view_event&amp;event_id=177" ><span class="tco-ellipsis"></span><span class="invisible">http://www.</span><span class="js-display-url">idese.es/microsoft/sist</span><span class="invisible">emas-operativos-de-servidores.html?task=view_event&amp;event_id=177</span><span class="tco-ellipsis"><span class="invisible">&nbsp;</span>…</span></a> vía <a href="/Idese" class="twitter-atreply pretty-link js-nav" dir="ltr" data-mentioned-user-id="190273304" ><s>@</s><b>idese</b></a> # windowsserver2012]]></document>
		<document id="335065940834283522" url="https://twitter.com/mabelbullon/status/335065940834283522"><![CDATA[20410 Installing and Configuring Windows Server 2012-Microsoft Sistemas Operativos de Servidores <a href="http://t.co/LEdJ73LVqO" rel="nofollow" dir="ltr" data-expanded-url="http://www.idese.es/microsoft/sistemas-operativos-de-servidores.html?task=view_event&amp;event_id=174" class="twitter-timeline-link" target="_blank" title="http://www.idese.es/microsoft/sistemas-operativos-de-servidores.html?task=view_event&amp;event_id=174" ><span class="tco-ellipsis"></span><span class="invisible">http://www.</span><span class="js-display-url">idese.es/microsoft/sist</span><span class="invisible">emas-operativos-de-servidores.html?task=view_event&amp;event_id=174</span><span class="tco-ellipsis"><span class="invisible">&nbsp;</span>…</span></a> vía <a href="/Idese" class="twitter-atreply pretty-link js-nav" dir="ltr" data-mentioned-user-id="190273304" ><s>@</s><b>idese</b></a>]]></document>
		<document id="336847714711126017" url="https://twitter.com/mabelbullon/status/336847714711126017"><![CDATA[20410 Installing and Configuring Windows Server 2012-Microsoft Sistemas Operativos de Servidores <a href="http://t.co/LEdJ73LVqO" rel="nofollow" dir="ltr" data-expanded-url="http://www.idese.es/microsoft/sistemas-operativos-de-servidores.html?task=view_event&amp;event_id=174" class="twitter-timeline-link" target="_blank" title="http://www.idese.es/microsoft/sistemas-operativos-de-servidores.html?task=view_event&amp;event_id=174" ><span class="tco-ellipsis"></span><span class="invisible">http://www.</span><span class="js-display-url">idese.es/microsoft/sist</span><span class="invisible">emas-operativos-de-servidores.html?task=view_event&amp;event_id=174</span><span class="tco-ellipsis"><span class="invisible">&nbsp;</span>…</span></a> vía <a href="/Idese" class="twitter-atreply pretty-link js-nav" dir="ltr" data-mentioned-user-id="190273304" ><s>@</s><b>idese</b></a>]]></document>
		<document id="336875837410402304" url="https://twitter.com/mabelbullon/status/336875837410402304"><![CDATA[Software Assurance <a href="http://t.co/aTcQHpAmLA" rel="nofollow" dir="ltr" data-expanded-url="http://www.idese.es/home/formacion-personalizada/74-software-assurance.html" class="twitter-timeline-link" target="_blank" title="http://www.idese.es/home/formacion-personalizada/74-software-assurance.html" ><span class="tco-ellipsis"></span><span class="invisible">http://www.</span><span class="js-display-url">idese.es/home/formacion</span><span class="invisible">-personalizada/74-software-assurance.html</span><span class="tco-ellipsis"><span class="invisible">&nbsp;</span>…</span></a> vía <a href="/Idese" class="twitter-atreply pretty-link js-nav" dir="ltr" data-mentioned-user-id="190273304" ><s>@</s><b>idese</b></a> <a href="/hashtag/microsoft?src=hash" data-query-source="hashtag_click" class="twitter-hashtag pretty-link js-nav" dir="ltr" ><s>#</s><b>microsoft</b></a> <a href="/hashtag/sql?src=hash" data-query-source="hashtag_click" class="twitter-hashtag pretty-link js-nav" dir="ltr" ><s>#</s><b>sql</b></a> <a href="/hashtag/sharepoin?src=hash" data-query-source="hashtag_click" class="twitter-hashtag pretty-link js-nav" dir="ltr" ><s>#</s><b>sharepoin</b></a> <a href="/hashtag/navision?src=hash" data-query-source="hashtag_click" class="twitter-hashtag pretty-link js-nav" dir="ltr" ><s>#</s><b>navision</b></a>]]></document>
		<document id="337538423776739329" url="https://twitter.com/mabelbullon/status/337538423776739329"><![CDATA[Transition Your MCTS on SQL Server 2008 to MCSA: SQL Server 2012. 70-457 <a href="/hashtag/SQL?src=hash" data-query-source="hashtag_click" class="twitter-hashtag pretty-link js-nav" dir="ltr" ><s>#</s><b>SQL</b></a> 2008 <a href="http://t.co/H0IDxwgc2M" rel="nofollow" dir="ltr" data-expanded-url="http://www.idese.es/microsoft/servidores-de-bases-de-datos-.html?task=view_event&amp;event_id=199" class="twitter-timeline-link" target="_blank" title="http://www.idese.es/microsoft/servidores-de-bases-de-datos-.html?task=view_event&amp;event_id=199" ><span class="tco-ellipsis"></span><span class="invisible">http://www.</span><span class="js-display-url">idese.es/microsoft/serv</span><span class="invisible">idores-de-bases-de-datos-.html?task=view_event&amp;event_id=199</span><span class="tco-ellipsis"><span class="invisible">&nbsp;</span>…</span></a> vía <a href="/Idese" class="twitter-atreply pretty-link js-nav" dir="ltr" data-mentioned-user-id="190273304" ><s>@</s><b>idese</b></a>]]></document>
		<document id="337854214724272128" url="https://twitter.com/mabelbullon/status/337854214724272128"><![CDATA[CCNP. Implementing Cisco IP Routing -CISCO CCNP + CCDP <a href="http://t.co/AFjR2H29sl" rel="nofollow" dir="ltr" data-expanded-url="http://www.idese.es/cisco/ccna.html?task=view_event&amp;event_id=231" class="twitter-timeline-link" target="_blank" title="http://www.idese.es/cisco/ccna.html?task=view_event&amp;event_id=231" ><span class="tco-ellipsis"></span><span class="invisible">http://www.</span><span class="js-display-url">idese.es/cisco/ccna.htm</span><span class="invisible">l?task=view_event&amp;event_id=231</span><span class="tco-ellipsis"><span class="invisible">&nbsp;</span>…</span></a> vía <a href="/Idese" class="twitter-atreply pretty-link js-nav" dir="ltr" data-mentioned-user-id="190273304" ><s>@</s><b>idese</b></a>]]></document>
		<document id="339017869918613504" url="https://twitter.com/mabelbullon/status/339017869918613504"><![CDATA[ITIL Foundation 2011 - Webex-ITIL 2011 Foundation Certificate  <a href="http://t.co/b1t6mJUYA8" rel="nofollow" dir="ltr" data-expanded-url="http://www.idese.es/itil-training/itil.html?task=view_event&amp;event_id=154" class="twitter-timeline-link" target="_blank" title="http://www.idese.es/itil-training/itil.html?task=view_event&amp;event_id=154" ><span class="tco-ellipsis"></span><span class="invisible">http://www.</span><span class="js-display-url">idese.es/itil-training/</span><span class="invisible">itil.html?task=view_event&amp;event_id=154</span><span class="tco-ellipsis"><span class="invisible">&nbsp;</span>…</span></a> vía <a href="/Idese" class="twitter-atreply pretty-link js-nav" dir="ltr" data-mentioned-user-id="190273304" ><s>@</s><b>idese</b></a> <a href="/hashtag/itil?src=hash" data-query-source="hashtag_click" class="twitter-hashtag pretty-link js-nav" dir="ltr" ><s>#</s><b>itil</b></a>]]></document>
		<document id="339053297522573312" url="https://twitter.com/mabelbullon/status/339053297522573312"><![CDATA[Oracle Database 11g: Administration I-Oracle <a href="http://t.co/DTy2dll17q" rel="nofollow" dir="ltr" data-expanded-url="http://www.idese.es/mas-cursos/oracle-database-11g-administration-i-administration-ii.html?task=view_event&amp;event_id=54" class="twitter-timeline-link" target="_blank" title="http://www.idese.es/mas-cursos/oracle-database-11g-administration-i-administration-ii.html?task=view_event&amp;event_id=54" ><span class="tco-ellipsis"></span><span class="invisible">http://www.</span><span class="js-display-url">idese.es/mas-cursos/ora</span><span class="invisible">cle-database-11g-administration-i-administration-ii.html?task=view_event&amp;event_id=54</span><span class="tco-ellipsis"><span class="invisible">&nbsp;</span>…</span></a> vía <a href="/Idese" class="twitter-atreply pretty-link js-nav" dir="ltr" data-mentioned-user-id="190273304" ><s>@</s><b>idese</b></a> <a href="/hashtag/oracle?src=hash" data-query-source="hashtag_click" class="twitter-hashtag pretty-link js-nav" dir="ltr" ><s>#</s><b>oracle</b></a>]]></document>
		<document id="339390163484553216" url="https://twitter.com/mabelbullon/status/339390163484553216"><![CDATA[20480A Programming con HTML5, CSS3 and Javascript-Microsoft Desarrollo de Software <a href="http://t.co/YMDJSNjno4" rel="nofollow" dir="ltr" data-expanded-url="http://www.idese.es/microsoft/desarrollo-de-software.html?task=view_event&amp;event_id=61" class="twitter-timeline-link" target="_blank" title="http://www.idese.es/microsoft/desarrollo-de-software.html?task=view_event&amp;event_id=61" ><span class="tco-ellipsis"></span><span class="invisible">http://www.</span><span class="js-display-url">idese.es/microsoft/desa</span><span class="invisible">rrollo-de-software.html?task=view_event&amp;event_id=61</span><span class="tco-ellipsis"><span class="invisible">&nbsp;</span>…</span></a> vía <a href="/Idese" class="twitter-atreply pretty-link js-nav" dir="ltr" data-mentioned-user-id="190273304" ><s>@</s><b>idese</b></a> <a href="/hashtag/html5?src=hash" data-query-source="hashtag_click" class="twitter-hashtag pretty-link js-nav" dir="ltr" ><s>#</s><b>html5</b></a> <a href="/hashtag/javascriot?src=hash" data-query-source="hashtag_click" class="twitter-hashtag pretty-link js-nav" dir="ltr" ><s>#</s><b>javascriot</b></a>]]></document>
		<document id="377783292931866625" url="https://twitter.com/mabelbullon/status/377783292931866625"><![CDATA[Curso Acelerado de CCNA, Interconnecting Cisco Networking Devices <a href="http://t.co/cnkDFXzstt" rel="nofollow" dir="ltr" data-expanded-url="http://lnkd.in/m95NCg" class="twitter-timeline-link" target="_blank" title="http://lnkd.in/m95NCg" ><span class="tco-ellipsis"></span><span class="invisible">http://</span><span class="js-display-url">lnkd.in/m95NCg</span><span class="invisible"></span><span class="tco-ellipsis"><span class="invisible">&nbsp;</span></span></a>]]></document>
		<document id="385768157480091648" url="https://twitter.com/mabelbullon/status/385768157480091648"><![CDATA[Microsoft Surface RT VS Apple iPad 3 -- Comparativas: <a href="http://t.co/uChhsjXh2h" rel="nofollow" dir="ltr" data-expanded-url="http://youtu.be/mNAuTJCJeiM" class="twitter-timeline-link" target="_blank" title="http://youtu.be/mNAuTJCJeiM" ><span class="tco-ellipsis"></span><span class="invisible">http://</span><span class="js-display-url">youtu.be/mNAuTJCJeiM</span><span class="invisible"></span><span class="tco-ellipsis"><span class="invisible">&nbsp;</span></span></a> vía <a href="/YouTube" class="twitter-atreply pretty-link js-nav" dir="ltr" data-mentioned-user-id="10228272" ><s>@</s><b>youtube</b></a>]]></document>
		<document id="120858253369413632" url="https://twitter.com/mabelbullon/status/120858253369413632"><![CDATA[Azure Monitor para Windows Phone 7 <a href="http://t.co/ktbmdebp" rel="nofollow" dir="ltr" data-expanded-url="http://www.estoyenlanube.com/azure-monitor-para-windows-phone-7/" class="twitter-timeline-link" target="_blank" title="http://www.estoyenlanube.com/azure-monitor-para-windows-phone-7/" ><span class="tco-ellipsis"></span><span class="invisible">http://www.</span><span class="js-display-url">estoyenlanube.com/azure-monitor-</span><span class="invisible">para-windows-phone-7/</span><span class="tco-ellipsis"><span class="invisible">&nbsp;</span>…</span></a>]]></document>
		<document id="213544723800014848" url="https://twitter.com/mabelbullon/status/213544723800014848"><![CDATA[<a href="http://t.co/cKBB0XMq" rel="nofollow" dir="ltr" data-expanded-url="http://smlk.es/Gt7YCx" class="twitter-timeline-link" target="_blank" title="http://smlk.es/Gt7YCx" ><span class="tco-ellipsis"></span><span class="invisible">http://</span><span class="js-display-url">smlk.es/Gt7YCx</span><span class="invisible"></span><span class="tco-ellipsis"><span class="invisible">&nbsp;</span></span></a>
Completa tu ingeneria  Exchange Server 2010]]></document>
		<document id="234776003078156288" url="https://twitter.com/mabelbullon/status/234776003078156288"><![CDATA[<a href="/CiscoSecurity" class="twitter-atreply pretty-link js-nav" dir="ltr" data-mentioned-user-id="16206570" ><s>@</s><b>CiscoSecurity</b></a>]]></document>
		<document id="241470212803788800" url="https://twitter.com/mabelbullon/status/241470212803788800"><![CDATA[40007A: 
First Look Clinic: Microsoft SQL Server 2012
<a href="/Idese" class="twitter-atreply pretty-link js-nav" dir="ltr" data-mentioned-user-id="190273304" ><s>@</s><b>idese</b></a> <a href="/hashtag/database?src=hash" data-query-source="hashtag_click" class="twitter-hashtag pretty-link js-nav" dir="ltr" ><s>#</s><b>database</b></a> <a href="/hashtag/SQL?src=hash" data-query-source="hashtag_click" class="twitter-hashtag pretty-link js-nav" dir="ltr" ><s>#</s><b>SQL</b></a>  19 de sepriembre 2012 75€]]></document>
		<document id="241502541446266880" url="https://twitter.com/mabelbullon/status/241502541446266880"><![CDATA[First Look Clinic 40007 Windows Server 2012 <a href="/Idese" class="twitter-atreply pretty-link js-nav" dir="ltr" data-mentioned-user-id="190273304" ><s>@</s><b>idese</b></a> <a href="/hashtag/SQLServer?src=hash" data-query-source="hashtag_click" class="twitter-hashtag pretty-link js-nav" dir="ltr" ><s>#</s><b>SQLServer</b></a>]]></document>
		<document id="242650853373251585" url="https://twitter.com/mabelbullon/status/242650853373251585"><![CDATA[Cursos Oficiales  en SQL Server 2012
 Curso 10775 : Administering Microsoft SQL Server 2012 Databases
10/09/2012 <a href="/Idese" class="twitter-atreply pretty-link js-nav" dir="ltr" data-mentioned-user-id="190273304" ><s>@</s><b>idese</b></a> <a href="/hashtag/database?src=hash" data-query-source="hashtag_click" class="twitter-hashtag pretty-link js-nav" dir="ltr" ><s>#</s><b>database</b></a> <a href="/hashtag/SQL?src=hash" data-query-source="hashtag_click" class="twitter-hashtag pretty-link js-nav" dir="ltr" ><s>#</s><b>SQL</b></a>]]></document>
		<document id="245108852176080896" url="https://twitter.com/mabelbullon/status/245108852176080896"><![CDATA[Branding en Pymes. CEU-UCH: <a href="http://t.co/iNJAfcum" rel="nofollow" dir="ltr" data-expanded-url="http://www.uchceu.es/actividades_culturales/2012/conferencias/branding_en_pymes.aspx#.UE3CRd19ykI.twitter" class="twitter-timeline-link" target="_blank" title="http://www.uchceu.es/actividades_culturales/2012/conferencias/branding_en_pymes.aspx#.UE3CRd19ykI.twitter" ><span class="tco-ellipsis"></span><span class="invisible">http://www.</span><span class="js-display-url">uchceu.es/actividades_cu</span><span class="invisible">lturales/2012/conferencias/branding_en_pymes.aspx#.UE3CRd19ykI.twitter</span><span class="tco-ellipsis"><span class="invisible">&nbsp;</span>…</span></a>]]></document>
		<document id="252800077008084994" url="https://twitter.com/mabelbullon/status/252800077008084994"><![CDATA[<a href="/Idese" class="twitter-atreply pretty-link js-nav" dir="ltr" data-mentioned-user-id="190273304" ><s>@</s><b>Idese</b></a> <a href="/hashtag/windowsserver2012?src=hash" data-query-source="hashtag_click" class="twitter-hashtag pretty-link js-nav" dir="ltr" ><s>#</s><b>windowsserver2012</b></a>
  Curso  20417 Upgrading Your Skilis to MCSA windows server 2012]]></document>
		<document id="253044279990169600" url="https://twitter.com/mabelbullon/status/253044279990169600"><![CDATA[iniciate en SQL Server 2012 <a href="/Idese" class="twitter-atreply pretty-link js-nav" dir="ltr" data-mentioned-user-id="190273304" ><s>@</s><b>idese</b></a> <a href="/hashtag/SQL?src=hash" data-query-source="hashtag_click" class="twitter-hashtag pretty-link js-nav" dir="ltr" ><s>#</s><b>SQL</b></a> Server]]></document>
		<document id="255313944854556675" url="https://twitter.com/mabelbullon/status/255313944854556675"><![CDATA[Actualizate 20417A Updating your skills to MCSA Windows Server 2012 <a href="http://t.co/dcWRyVC6" rel="nofollow" dir="ltr" data-expanded-url="http://www.idese.es/index.php?option=com_eventbooking&amp;task=view_event&amp;event_id=42&amp;Itemid=79" class="twitter-timeline-link" target="_blank" title="http://www.idese.es/index.php?option=com_eventbooking&amp;task=view_event&amp;event_id=42&amp;Itemid=79" ><span class="tco-ellipsis"></span><span class="invisible">http://www.</span><span class="js-display-url">idese.es/index.php?opti</span><span class="invisible">on=com_eventbooking&amp;task=view_event&amp;event_id=42&amp;Itemid=79</span><span class="tco-ellipsis"><span class="invisible">&nbsp;</span>…</span></a>]]></document>
		<document id="270465689201016833" url="https://twitter.com/mabelbullon/status/270465689201016833"><![CDATA[ITIL Foundation 2011 <a href="http://t.co/K95QRaVX" rel="nofollow" dir="ltr" data-expanded-url="http://www.idese.es/index.php?option=com_eventbooking&amp;task=view_event&amp;event_id=14&amp;Itemid=89" class="twitter-timeline-link" target="_blank" title="http://www.idese.es/index.php?option=com_eventbooking&amp;task=view_event&amp;event_id=14&amp;Itemid=89" ><span class="tco-ellipsis"></span><span class="invisible">http://www.</span><span class="js-display-url">idese.es/index.php?opti</span><span class="invisible">on=com_eventbooking&amp;task=view_event&amp;event_id=14&amp;Itemid=89</span><span class="tco-ellipsis"><span class="invisible">&nbsp;</span>…</span></a>]]></document>
		<document id="270573750842425344" url="https://twitter.com/mabelbullon/status/270573750842425344"><![CDATA[20412A Configuring Advanced Windows Server 2012 Services <a href="http://t.co/1KCxZqOB" rel="nofollow" dir="ltr" data-expanded-url="http://www.idese.es/index.php?option=com_eventbooking&amp;task=view_event&amp;event_id=48&amp;Itemid=79" class="twitter-timeline-link" target="_blank" title="http://www.idese.es/index.php?option=com_eventbooking&amp;task=view_event&amp;event_id=48&amp;Itemid=79" ><span class="tco-ellipsis"></span><span class="invisible">http://www.</span><span class="js-display-url">idese.es/index.php?opti</span><span class="invisible">on=com_eventbooking&amp;task=view_event&amp;event_id=48&amp;Itemid=79</span><span class="tco-ellipsis"><span class="invisible">&nbsp;</span>…</span></a>]]></document>
		<document id="275630513568481281" url="https://twitter.com/mabelbullon/status/275630513568481281"><![CDATA[10777A Implementing Data Warehouse  with Microsoft  SQL Server 2012-Microsoft Servidores de Bases de Datos <a href="http://t.co/riyP6L7v" rel="nofollow" dir="ltr" data-expanded-url="http://www.idese.es/microsoft/servidores-de-bases-de-datos-.html?task=view_event&amp;event_id=10" class="twitter-timeline-link" target="_blank" title="http://www.idese.es/microsoft/servidores-de-bases-de-datos-.html?task=view_event&amp;event_id=10" ><span class="tco-ellipsis"></span><span class="invisible">http://www.</span><span class="js-display-url">idese.es/microsoft/serv</span><span class="invisible">idores-de-bases-de-datos-.html?task=view_event&amp;event_id=10</span><span class="tco-ellipsis"><span class="invisible">&nbsp;</span>…</span></a> vía <a href="/Idese" class="twitter-atreply pretty-link js-nav" dir="ltr" data-mentioned-user-id="190273304" ><s>@</s><b>idese</b></a>]]></document>
		<document id="288577914121908224" url="https://twitter.com/mabelbullon/status/288577914121908224"><![CDATA[Seminario  Exchange Online Services. Office 365-Seminarios <a href="http://t.co/27k3fWpX" rel="nofollow" dir="ltr" data-expanded-url="http://www.idese.es/mas-cursos/seminarios.html?task=view_event&amp;event_id=159" class="twitter-timeline-link" target="_blank" title="http://www.idese.es/mas-cursos/seminarios.html?task=view_event&amp;event_id=159" ><span class="tco-ellipsis"></span><span class="invisible">http://www.</span><span class="js-display-url">idese.es/mas-cursos/sem</span><span class="invisible">inarios.html?task=view_event&amp;event_id=159</span><span class="tco-ellipsis"><span class="invisible">&nbsp;</span>…</span></a> vía <a href="/Idese" class="twitter-atreply pretty-link js-nav" dir="ltr" data-mentioned-user-id="190273304" ><s>@</s><b>idese</b></a> <a href="/hashtag/office365?src=hash" data-query-source="hashtag_click" class="twitter-hashtag pretty-link js-nav" dir="ltr" ><s>#</s><b>office365</b></a>]]></document>
		<document id="289020427110588418" url="https://twitter.com/mabelbullon/status/289020427110588418"><![CDATA[40030A Windows 8 para profesionales TI (Clinic and Lab)-Seminarios <a href="http://t.co/KvYNYDxN" rel="nofollow" dir="ltr" data-expanded-url="http://www.idese.es/mas-cursos/seminarios.html?task=view_event&amp;event_id=162" class="twitter-timeline-link" target="_blank" title="http://www.idese.es/mas-cursos/seminarios.html?task=view_event&amp;event_id=162" ><span class="tco-ellipsis"></span><span class="invisible">http://www.</span><span class="js-display-url">idese.es/mas-cursos/sem</span><span class="invisible">inarios.html?task=view_event&amp;event_id=162</span><span class="tco-ellipsis"><span class="invisible">&nbsp;</span>…</span></a> vía <a href="/Idese" class="twitter-atreply pretty-link js-nav" dir="ltr" data-mentioned-user-id="190273304" ><s>@</s><b>idese</b></a> <a href="/hashtag/windows8?src=hash" data-query-source="hashtag_click" class="twitter-hashtag pretty-link js-nav" dir="ltr" ><s>#</s><b>windows8</b></a>]]></document>
		<document id="291888332944834560" url="https://twitter.com/mabelbullon/status/291888332944834560"><![CDATA[365Ex Exchange Online Services. Office 365-Seminarios <a href="http://t.co/27k3fWpX" rel="nofollow" dir="ltr" data-expanded-url="http://www.idese.es/mas-cursos/seminarios.html?task=view_event&amp;event_id=159" class="twitter-timeline-link" target="_blank" title="http://www.idese.es/mas-cursos/seminarios.html?task=view_event&amp;event_id=159" ><span class="tco-ellipsis"></span><span class="invisible">http://www.</span><span class="js-display-url">idese.es/mas-cursos/sem</span><span class="invisible">inarios.html?task=view_event&amp;event_id=159</span><span class="tco-ellipsis"><span class="invisible">&nbsp;</span>…</span></a> vía <a href="/Idese" class="twitter-atreply pretty-link js-nav" dir="ltr" data-mentioned-user-id="190273304" ><s>@</s><b>idese</b></a>]]></document>
		<document id="291888415732006912" url="https://twitter.com/mabelbullon/status/291888415732006912"><![CDATA[40025 - 40026 - First look: Introduction to Windows 8 Development - C# (Clinic and Lab)-Seminarios <a href="http://t.co/skGfVWNt" rel="nofollow" dir="ltr" data-expanded-url="http://www.idese.es/mas-cursos/seminarios.html?task=view_event&amp;event_id=143" class="twitter-timeline-link" target="_blank" title="http://www.idese.es/mas-cursos/seminarios.html?task=view_event&amp;event_id=143" ><span class="tco-ellipsis"></span><span class="invisible">http://www.</span><span class="js-display-url">idese.es/mas-cursos/sem</span><span class="invisible">inarios.html?task=view_event&amp;event_id=143</span><span class="tco-ellipsis"><span class="invisible">&nbsp;</span>…</span></a> vía <a href="/Idese" class="twitter-atreply pretty-link js-nav" dir="ltr" data-mentioned-user-id="190273304" ><s>@</s><b>idese</b></a>]]></document>
		<document id="296193124290666496" url="https://twitter.com/mabelbullon/status/296193124290666496"><![CDATA[ITIL Foundation 2011-ITIL 2011 Foundation Certificate  <a href="http://t.co/FnXU8jwY" rel="nofollow" dir="ltr" data-expanded-url="http://www.idese.es/itil-training/itil.html?task=view_event&amp;event_id=14" class="twitter-timeline-link" target="_blank" title="http://www.idese.es/itil-training/itil.html?task=view_event&amp;event_id=14" ><span class="tco-ellipsis"></span><span class="invisible">http://www.</span><span class="js-display-url">idese.es/itil-training/</span><span class="invisible">itil.html?task=view_event&amp;event_id=14</span><span class="tco-ellipsis"><span class="invisible">&nbsp;</span>…</span></a> vía @idese@valencia <a href="/ITIL" class="twitter-atreply pretty-link js-nav" dir="ltr" data-mentioned-user-id="18580096" ><s>@</s><b>itil</b></a>]]></document>
		<document id="298436828736921600" url="https://twitter.com/mabelbullon/status/298436828736921600"><![CDATA[365Ex Exchange Online Services. Office 365-Seminarios <a href="http://t.co/27k3fWpX" rel="nofollow" dir="ltr" data-expanded-url="http://www.idese.es/mas-cursos/seminarios.html?task=view_event&amp;event_id=159" class="twitter-timeline-link" target="_blank" title="http://www.idese.es/mas-cursos/seminarios.html?task=view_event&amp;event_id=159" ><span class="tco-ellipsis"></span><span class="invisible">http://www.</span><span class="js-display-url">idese.es/mas-cursos/sem</span><span class="invisible">inarios.html?task=view_event&amp;event_id=159</span><span class="tco-ellipsis"><span class="invisible">&nbsp;</span>…</span></a> vía <a href="/Idese" class="twitter-atreply pretty-link js-nav" dir="ltr" data-mentioned-user-id="190273304" ><s>@</s><b>idese</b></a> <a href="/hashtag/exchange2013?src=hash" data-query-source="hashtag_click" class="twitter-hashtag pretty-link js-nav" dir="ltr" ><s>#</s><b>exchange2013</b></a> <a href="/hashtag/office?src=hash" data-query-source="hashtag_click" class="twitter-hashtag pretty-link js-nav" dir="ltr" ><s>#</s><b>office</b></a> 365]]></document>
		<document id="299569718728216577" url="https://twitter.com/mabelbullon/status/299569718728216577"><![CDATA[Seminario Office 2013 First Look -Seminarios <a href="http://t.co/SwyiFDbg" rel="nofollow" dir="ltr" data-expanded-url="http://www.idese.es/mas-cursos/seminarios.html?task=view_event&amp;event_id=170" class="twitter-timeline-link" target="_blank" title="http://www.idese.es/mas-cursos/seminarios.html?task=view_event&amp;event_id=170" ><span class="tco-ellipsis"></span><span class="invisible">http://www.</span><span class="js-display-url">idese.es/mas-cursos/sem</span><span class="invisible">inarios.html?task=view_event&amp;event_id=170</span><span class="tco-ellipsis"><span class="invisible">&nbsp;</span>…</span></a> vía <a href="/Idese" class="twitter-atreply pretty-link js-nav" dir="ltr" data-mentioned-user-id="190273304" ><s>@</s><b>idese</b></a> <a href="/hashtag/office?src=hash" data-query-source="hashtag_click" class="twitter-hashtag pretty-link js-nav" dir="ltr" ><s>#</s><b>office</b></a>]]></document>
		<document id="303514145188347904" url="https://twitter.com/mabelbullon/status/303514145188347904"><![CDATA[ITIL Foundation 2011-ITIL 2011 Foundation Certificate  <a href="http://t.co/FnXU8jwY" rel="nofollow" dir="ltr" data-expanded-url="http://www.idese.es/itil-training/itil.html?task=view_event&amp;event_id=14" class="twitter-timeline-link" target="_blank" title="http://www.idese.es/itil-training/itil.html?task=view_event&amp;event_id=14" ><span class="tco-ellipsis"></span><span class="invisible">http://www.</span><span class="js-display-url">idese.es/itil-training/</span><span class="invisible">itil.html?task=view_event&amp;event_id=14</span><span class="tco-ellipsis"><span class="invisible">&nbsp;</span>…</span></a> vía <a href="/Idese" class="twitter-atreply pretty-link js-nav" dir="ltr" data-mentioned-user-id="190273304" ><s>@</s><b>idese</b></a> <a href="/hashtag/itil?src=hash" data-query-source="hashtag_click" class="twitter-hashtag pretty-link js-nav" dir="ltr" ><s>#</s><b>itil</b></a>]]></document>
		<document id="306691514480857088" url="https://twitter.com/mabelbullon/status/306691514480857088"><![CDATA[10174  Configuring and Administering Microsoft SharePoint 2010-Microsoft Gestión documental <a href="http://t.co/anjGBzGBSi" rel="nofollow" dir="ltr" data-expanded-url="http://www.idese.es/microsoft/plataforma-de-colaboracion-empresarial-.html?task=view_event&amp;event_id=90" class="twitter-timeline-link" target="_blank" title="http://www.idese.es/microsoft/plataforma-de-colaboracion-empresarial-.html?task=view_event&amp;event_id=90" ><span class="tco-ellipsis"></span><span class="invisible">http://www.</span><span class="js-display-url">idese.es/microsoft/plat</span><span class="invisible">aforma-de-colaboracion-empresarial-.html?task=view_event&amp;event_id=90</span><span class="tco-ellipsis"><span class="invisible">&nbsp;</span>…</span></a> vía <a href="/Idese" class="twitter-atreply pretty-link js-nav" dir="ltr" data-mentioned-user-id="190273304" ><s>@</s><b>idese</b></a>]]></document>
		<document id="314764392480780289" url="https://twitter.com/mabelbullon/status/314764392480780289"><![CDATA[10775A Administering Microsoft SQL Server 2012 Databases-Microsoft Servidores de Bases de Datos <a href="http://t.co/9g0tgXFm0r" rel="nofollow" dir="ltr" data-expanded-url="http://www.idese.es/microsoft/servidores-de-bases-de-datos-.html?task=view_event&amp;event_id=12" class="twitter-timeline-link" target="_blank" title="http://www.idese.es/microsoft/servidores-de-bases-de-datos-.html?task=view_event&amp;event_id=12" ><span class="tco-ellipsis"></span><span class="invisible">http://www.</span><span class="js-display-url">idese.es/microsoft/serv</span><span class="invisible">idores-de-bases-de-datos-.html?task=view_event&amp;event_id=12</span><span class="tco-ellipsis"><span class="invisible">&nbsp;</span>…</span></a> vía <a href="/Idese" class="twitter-atreply pretty-link js-nav" dir="ltr" data-mentioned-user-id="190273304" ><s>@</s><b>idese</b></a> <a href="/hashtag/SQL?src=hash" data-query-source="hashtag_click" class="twitter-hashtag pretty-link js-nav" dir="ltr" ><s>#</s><b>SQL</b></a>]]></document>
		<document id="333886154418057216" url="https://twitter.com/mabelbullon/status/333886154418057216"><![CDATA[20417 Updating your skills to MCSA Windows Server 2012-<a href="http://t.co/g33F1rXSo5" rel="nofollow" dir="ltr" data-expanded-url="http://www.idese.es/microsoft/sistemas-operativos-de-servidores.html?task=view_event&amp;event_id=177" class="twitter-timeline-link" target="_blank" title="http://www.idese.es/microsoft/sistemas-operativos-de-servidores.html?task=view_event&amp;event_id=177" ><span class="tco-ellipsis"></span><span class="invisible">http://www.</span><span class="js-display-url">idese.es/microsoft/sist</span><span class="invisible">emas-operativos-de-servidores.html?task=view_event&amp;event_id=177</span><span class="tco-ellipsis"><span class="invisible">&nbsp;</span>…</span></a> vía <a href="/Idese" class="twitter-atreply pretty-link js-nav" dir="ltr" data-mentioned-user-id="190273304" ><s>@</s><b>idese</b></a> # windowsserver2012]]></document>
		<document id="335065940834283522" url="https://twitter.com/mabelbullon/status/335065940834283522"><![CDATA[20410 Installing and Configuring Windows Server 2012-Microsoft Sistemas Operativos de Servidores <a href="http://t.co/LEdJ73LVqO" rel="nofollow" dir="ltr" data-expanded-url="http://www.idese.es/microsoft/sistemas-operativos-de-servidores.html?task=view_event&amp;event_id=174" class="twitter-timeline-link" target="_blank" title="http://www.idese.es/microsoft/sistemas-operativos-de-servidores.html?task=view_event&amp;event_id=174" ><span class="tco-ellipsis"></span><span class="invisible">http://www.</span><span class="js-display-url">idese.es/microsoft/sist</span><span class="invisible">emas-operativos-de-servidores.html?task=view_event&amp;event_id=174</span><span class="tco-ellipsis"><span class="invisible">&nbsp;</span>…</span></a> vía <a href="/Idese" class="twitter-atreply pretty-link js-nav" dir="ltr" data-mentioned-user-id="190273304" ><s>@</s><b>idese</b></a>]]></document>
		<document id="336847714711126017" url="https://twitter.com/mabelbullon/status/336847714711126017"><![CDATA[20410 Installing and Configuring Windows Server 2012-Microsoft Sistemas Operativos de Servidores <a href="http://t.co/LEdJ73LVqO" rel="nofollow" dir="ltr" data-expanded-url="http://www.idese.es/microsoft/sistemas-operativos-de-servidores.html?task=view_event&amp;event_id=174" class="twitter-timeline-link" target="_blank" title="http://www.idese.es/microsoft/sistemas-operativos-de-servidores.html?task=view_event&amp;event_id=174" ><span class="tco-ellipsis"></span><span class="invisible">http://www.</span><span class="js-display-url">idese.es/microsoft/sist</span><span class="invisible">emas-operativos-de-servidores.html?task=view_event&amp;event_id=174</span><span class="tco-ellipsis"><span class="invisible">&nbsp;</span>…</span></a> vía <a href="/Idese" class="twitter-atreply pretty-link js-nav" dir="ltr" data-mentioned-user-id="190273304" ><s>@</s><b>idese</b></a>]]></document>
		<document id="336875837410402304" url="https://twitter.com/mabelbullon/status/336875837410402304"><![CDATA[Software Assurance <a href="http://t.co/aTcQHpAmLA" rel="nofollow" dir="ltr" data-expanded-url="http://www.idese.es/home/formacion-personalizada/74-software-assurance.html" class="twitter-timeline-link" target="_blank" title="http://www.idese.es/home/formacion-personalizada/74-software-assurance.html" ><span class="tco-ellipsis"></span><span class="invisible">http://www.</span><span class="js-display-url">idese.es/home/formacion</span><span class="invisible">-personalizada/74-software-assurance.html</span><span class="tco-ellipsis"><span class="invisible">&nbsp;</span>…</span></a> vía <a href="/Idese" class="twitter-atreply pretty-link js-nav" dir="ltr" data-mentioned-user-id="190273304" ><s>@</s><b>idese</b></a> <a href="/hashtag/microsoft?src=hash" data-query-source="hashtag_click" class="twitter-hashtag pretty-link js-nav" dir="ltr" ><s>#</s><b>microsoft</b></a> <a href="/hashtag/sql?src=hash" data-query-source="hashtag_click" class="twitter-hashtag pretty-link js-nav" dir="ltr" ><s>#</s><b>sql</b></a> <a href="/hashtag/sharepoin?src=hash" data-query-source="hashtag_click" class="twitter-hashtag pretty-link js-nav" dir="ltr" ><s>#</s><b>sharepoin</b></a> <a href="/hashtag/navision?src=hash" data-query-source="hashtag_click" class="twitter-hashtag pretty-link js-nav" dir="ltr" ><s>#</s><b>navision</b></a>]]></document>
		<document id="337538423776739329" url="https://twitter.com/mabelbullon/status/337538423776739329"><![CDATA[Transition Your MCTS on SQL Server 2008 to MCSA: SQL Server 2012. 70-457 <a href="/hashtag/SQL?src=hash" data-query-source="hashtag_click" class="twitter-hashtag pretty-link js-nav" dir="ltr" ><s>#</s><b>SQL</b></a> 2008 <a href="http://t.co/H0IDxwgc2M" rel="nofollow" dir="ltr" data-expanded-url="http://www.idese.es/microsoft/servidores-de-bases-de-datos-.html?task=view_event&amp;event_id=199" class="twitter-timeline-link" target="_blank" title="http://www.idese.es/microsoft/servidores-de-bases-de-datos-.html?task=view_event&amp;event_id=199" ><span class="tco-ellipsis"></span><span class="invisible">http://www.</span><span class="js-display-url">idese.es/microsoft/serv</span><span class="invisible">idores-de-bases-de-datos-.html?task=view_event&amp;event_id=199</span><span class="tco-ellipsis"><span class="invisible">&nbsp;</span>…</span></a> vía <a href="/Idese" class="twitter-atreply pretty-link js-nav" dir="ltr" data-mentioned-user-id="190273304" ><s>@</s><b>idese</b></a>]]></document>
		<document id="337854214724272128" url="https://twitter.com/mabelbullon/status/337854214724272128"><![CDATA[CCNP. Implementing Cisco IP Routing -CISCO CCNP + CCDP <a href="http://t.co/AFjR2H29sl" rel="nofollow" dir="ltr" data-expanded-url="http://www.idese.es/cisco/ccna.html?task=view_event&amp;event_id=231" class="twitter-timeline-link" target="_blank" title="http://www.idese.es/cisco/ccna.html?task=view_event&amp;event_id=231" ><span class="tco-ellipsis"></span><span class="invisible">http://www.</span><span class="js-display-url">idese.es/cisco/ccna.htm</span><span class="invisible">l?task=view_event&amp;event_id=231</span><span class="tco-ellipsis"><span class="invisible">&nbsp;</span>…</span></a> vía <a href="/Idese" class="twitter-atreply pretty-link js-nav" dir="ltr" data-mentioned-user-id="190273304" ><s>@</s><b>idese</b></a>]]></document>
		<document id="339017869918613504" url="https://twitter.com/mabelbullon/status/339017869918613504"><![CDATA[ITIL Foundation 2011 - Webex-ITIL 2011 Foundation Certificate  <a href="http://t.co/b1t6mJUYA8" rel="nofollow" dir="ltr" data-expanded-url="http://www.idese.es/itil-training/itil.html?task=view_event&amp;event_id=154" class="twitter-timeline-link" target="_blank" title="http://www.idese.es/itil-training/itil.html?task=view_event&amp;event_id=154" ><span class="tco-ellipsis"></span><span class="invisible">http://www.</span><span class="js-display-url">idese.es/itil-training/</span><span class="invisible">itil.html?task=view_event&amp;event_id=154</span><span class="tco-ellipsis"><span class="invisible">&nbsp;</span>…</span></a> vía <a href="/Idese" class="twitter-atreply pretty-link js-nav" dir="ltr" data-mentioned-user-id="190273304" ><s>@</s><b>idese</b></a> <a href="/hashtag/itil?src=hash" data-query-source="hashtag_click" class="twitter-hashtag pretty-link js-nav" dir="ltr" ><s>#</s><b>itil</b></a>]]></document>
		<document id="339053297522573312" url="https://twitter.com/mabelbullon/status/339053297522573312"><![CDATA[Oracle Database 11g: Administration I-Oracle <a href="http://t.co/DTy2dll17q" rel="nofollow" dir="ltr" data-expanded-url="http://www.idese.es/mas-cursos/oracle-database-11g-administration-i-administration-ii.html?task=view_event&amp;event_id=54" class="twitter-timeline-link" target="_blank" title="http://www.idese.es/mas-cursos/oracle-database-11g-administration-i-administration-ii.html?task=view_event&amp;event_id=54" ><span class="tco-ellipsis"></span><span class="invisible">http://www.</span><span class="js-display-url">idese.es/mas-cursos/ora</span><span class="invisible">cle-database-11g-administration-i-administration-ii.html?task=view_event&amp;event_id=54</span><span class="tco-ellipsis"><span class="invisible">&nbsp;</span>…</span></a> vía <a href="/Idese" class="twitter-atreply pretty-link js-nav" dir="ltr" data-mentioned-user-id="190273304" ><s>@</s><b>idese</b></a> <a href="/hashtag/oracle?src=hash" data-query-source="hashtag_click" class="twitter-hashtag pretty-link js-nav" dir="ltr" ><s>#</s><b>oracle</b></a>]]></document>
		<document id="339390163484553216" url="https://twitter.com/mabelbullon/status/339390163484553216"><![CDATA[20480A Programming con HTML5, CSS3 and Javascript-Microsoft Desarrollo de Software <a href="http://t.co/YMDJSNjno4" rel="nofollow" dir="ltr" data-expanded-url="http://www.idese.es/microsoft/desarrollo-de-software.html?task=view_event&amp;event_id=61" class="twitter-timeline-link" target="_blank" title="http://www.idese.es/microsoft/desarrollo-de-software.html?task=view_event&amp;event_id=61" ><span class="tco-ellipsis"></span><span class="invisible">http://www.</span><span class="js-display-url">idese.es/microsoft/desa</span><span class="invisible">rrollo-de-software.html?task=view_event&amp;event_id=61</span><span class="tco-ellipsis"><span class="invisible">&nbsp;</span>…</span></a> vía <a href="/Idese" class="twitter-atreply pretty-link js-nav" dir="ltr" data-mentioned-user-id="190273304" ><s>@</s><b>idese</b></a> <a href="/hashtag/html5?src=hash" data-query-source="hashtag_click" class="twitter-hashtag pretty-link js-nav" dir="ltr" ><s>#</s><b>html5</b></a> <a href="/hashtag/javascriot?src=hash" data-query-source="hashtag_click" class="twitter-hashtag pretty-link js-nav" dir="ltr" ><s>#</s><b>javascriot</b></a>]]></document>
		<document id="377783292931866625" url="https://twitter.com/mabelbullon/status/377783292931866625"><![CDATA[Curso Acelerado de CCNA, Interconnecting Cisco Networking Devices <a href="http://t.co/cnkDFXzstt" rel="nofollow" dir="ltr" data-expanded-url="http://lnkd.in/m95NCg" class="twitter-timeline-link" target="_blank" title="http://lnkd.in/m95NCg" ><span class="tco-ellipsis"></span><span class="invisible">http://</span><span class="js-display-url">lnkd.in/m95NCg</span><span class="invisible"></span><span class="tco-ellipsis"><span class="invisible">&nbsp;</span></span></a>]]></document>
		<document id="385768157480091648" url="https://twitter.com/mabelbullon/status/385768157480091648"><![CDATA[Microsoft Surface RT VS Apple iPad 3 -- Comparativas: <a href="http://t.co/uChhsjXh2h" rel="nofollow" dir="ltr" data-expanded-url="http://youtu.be/mNAuTJCJeiM" class="twitter-timeline-link" target="_blank" title="http://youtu.be/mNAuTJCJeiM" ><span class="tco-ellipsis"></span><span class="invisible">http://</span><span class="js-display-url">youtu.be/mNAuTJCJeiM</span><span class="invisible"></span><span class="tco-ellipsis"><span class="invisible">&nbsp;</span></span></a> vía <a href="/YouTube" class="twitter-atreply pretty-link js-nav" dir="ltr" data-mentioned-user-id="10228272" ><s>@</s><b>youtube</b></a>]]></document>
	</documents>
</author>