<?xml version="1.0" encoding="UTF-8" standalone="no"?><author age_group="xx" gender="xx" lang="EN" type="twitter" url="https://twitter.com/Slniecko16">
	<documents count="181">
		<document id="102165568181911552" url="https://twitter.com/Slniecko16/status/102165568181911552"><![CDATA[<a href="/IanMulvany" class="twitter-atreply pretty-link js-nav" dir="ltr" data-mentioned-user-id="4339911" ><s>@</s><b>IanMulvany</b></a> mamma miiiiaaa, enjoy your holiday!!! :-)]]></document>
		<document id="103403163972931584" url="https://twitter.com/Slniecko16/status/103403163972931584"><![CDATA[<a href="/ZESTmagazine" class="twitter-atreply pretty-link js-nav" dir="ltr" data-mentioned-user-id="2484702122" ><s>@</s><b>ZESTmagazine</b></a> 45 minutes of swimming this morning after 2 weeks of not moving a muscle (holidays) :)]]></document>
		<document id="103519479128010753" url="https://twitter.com/Slniecko16/status/103519479128010753"><![CDATA[Off to <a href="/RidingHouseCafe" class="twitter-atreply pretty-link js-nav" dir="ltr" data-mentioned-user-id="123534061" ><s>@</s><b>RidingHouseCafe</b></a> for a birthday dinner of its Chef Miro! :-)]]></document>
		<document id="103756123114438656" url="https://twitter.com/Slniecko16/status/103756123114438656"><![CDATA[<a href="/RidingHouseCafe" class="twitter-atreply pretty-link js-nav" dir="ltr" data-mentioned-user-id="123534061" ><s>@</s><b>RidingHouseCafe</b></a> the dinner last night was amazing, the food and service was amazing!Thanks for making Miro&#39;s B-day so special!!]]></document>
		<document id="104571442246598657" url="https://twitter.com/Slniecko16/status/104571442246598657"><![CDATA[<a href="/MsMiji" class="twitter-atreply pretty-link js-nav" dir="ltr" data-mentioned-user-id="484381980" ><s>@</s><b>msmiji</b></a> uuups somebody had a bad dinner? :-)]]></document>
		<document id="107377084543938560" url="https://twitter.com/Slniecko16/status/107377084543938560"><![CDATA[<a href="/subcide" class="twitter-atreply pretty-link js-nav" dir="ltr" data-mentioned-user-id="13502742" ><s>@</s><b>subcide</b></a> tell me about it, it is so freaking hot over here I cannot sleep...]]></document>
		<document id="108193592119541760" url="https://twitter.com/Slniecko16/status/108193592119541760"><![CDATA[Check out My Little Geek, an ABC book for tech kids.<a href="http://t.co/zYiX7Tm" rel="nofollow" dir="ltr" data-expanded-url="http://www.mylittlegeek.com/" class="twitter-timeline-link u-hidden" target="_blank" title="http://www.mylittlegeek.com/" ><span class="tco-ellipsis"></span><span class="invisible">http://www.</span><span class="js-display-url">mylittlegeek.com</span><span class="invisible">/</span><span class="tco-ellipsis"><span class="invisible">&nbsp;</span></span></a>]]></document>
		<document id="111457589585379328" url="https://twitter.com/Slniecko16/status/111457589585379328"><![CDATA[RIP Demitra :-(( <a href="http://t.co/ytivbK1" rel="nofollow" dir="ltr" data-expanded-url="http://news.sky.com/home/world-news/article/16064597" class="twitter-timeline-link" target="_blank" title="http://news.sky.com/home/world-news/article/16064597" ><span class="tco-ellipsis"></span><span class="invisible">http://</span><span class="js-display-url">news.sky.com/home/world-new</span><span class="invisible">s/article/16064597</span><span class="tco-ellipsis"><span class="invisible">&nbsp;</span>…</span></a>]]></document>
		<document id="111567426063319041" url="https://twitter.com/Slniecko16/status/111567426063319041"><![CDATA[R.I.P Pavol Demitra and all other players who died in Russia today!!]]></document>
		<document id="114021752237072385" url="https://twitter.com/Slniecko16/status/114021752237072385"><![CDATA[cannot believe it&#39;s already 6pm!!]]></document>
		<document id="114349377509797888" url="https://twitter.com/Slniecko16/status/114349377509797888"><![CDATA[organizing B-day cake each month seems to be a success! :-)]]></document>
		<document id="114382632745316353" url="https://twitter.com/Slniecko16/status/114382632745316353"><![CDATA[@bma Fill it up with boiling water please!]]></document>
		<document id="118373284957003776" url="https://twitter.com/Slniecko16/status/118373284957003776"><![CDATA[oh no that looks like a &quot;perfect&quot; weather for cycling tonight! :(]]></document>
		<document id="119378693683544065" url="https://twitter.com/Slniecko16/status/119378693683544065"><![CDATA[<a href="/IanMulvany" class="twitter-atreply pretty-link js-nav" dir="ltr" data-mentioned-user-id="4339911" ><s>@</s><b>IanMulvany</b></a> sweeet :-)]]></document>
		<document id="124535272338763776" url="https://twitter.com/Slniecko16/status/124535272338763776"><![CDATA[<a href="/phpeach" class="twitter-atreply pretty-link js-nav" dir="ltr" data-mentioned-user-id="107289311" ><s>@</s><b>phpeach</b></a> no more nurofen in the cupboard? :(]]></document>
		<document id="124536156233809920" url="https://twitter.com/Slniecko16/status/124536156233809920"><![CDATA[<a href="/phpeach" class="twitter-atreply pretty-link js-nav" dir="ltr" data-mentioned-user-id="107289311" ><s>@</s><b>phpeach</b></a> make sure u drink litres of water that helps!]]></document>
		<document id="131145351519420416" url="https://twitter.com/Slniecko16/status/131145351519420416"><![CDATA[@bma <a href="/albertsq" class="twitter-atreply pretty-link js-nav" dir="ltr" data-mentioned-user-id="468306410" ><s>@</s><b>albertsq</b></a> the best trap is a proper shoe guys! trust me I killed so many two years ago...don&#39;t tell greenpeace though pls!]]></document>
		<document id="131776571295010817" url="https://twitter.com/Slniecko16/status/131776571295010817"><![CDATA[boxing is a fantastic sport, especially if you are trained by a tough female boxer!]]></document>
		<document id="137874124952436737" url="https://twitter.com/Slniecko16/status/137874124952436737"><![CDATA[we&#39;re hiring a Community Strategy Manager to work for Mendeley! <a href="http://t.co/Tab5jFBs" rel="nofollow" dir="ltr" data-expanded-url="http://lnkd.in/B-SPgg" class="twitter-timeline-link" target="_blank" title="http://lnkd.in/B-SPgg" ><span class="tco-ellipsis"></span><span class="invisible">http://</span><span class="js-display-url">lnkd.in/B-SPgg</span><span class="invisible"></span><span class="tco-ellipsis"><span class="invisible">&nbsp;</span></span></a>]]></document>
		<document id="139324601279848449" url="https://twitter.com/Slniecko16/status/139324601279848449"><![CDATA[@bma to make systems administrator&#39;s life more interesting ;-)]]></document>
		<document id="141608123310936064" url="https://twitter.com/Slniecko16/status/141608123310936064"><![CDATA[my third bike puncture within 3 weeks, am I doing something wrong???]]></document>
		<document id="141626346731339777" url="https://twitter.com/Slniecko16/status/141626346731339777"><![CDATA[<a href="/muz" class="twitter-atreply pretty-link js-nav" dir="ltr" data-mentioned-user-id="2033841" ><s>@</s><b>muz</b></a> I think it is the route, this time I managed not to see the broken glass on the road and run through right away..]]></document>
		<document id="146514309143470080" url="https://twitter.com/Slniecko16/status/146514309143470080"><![CDATA[missed swimming this morning thanks to tfl, bloody delays..]]></document>
		<document id="148157689069969408" url="https://twitter.com/Slniecko16/status/148157689069969408"><![CDATA[Drinking a tea for  change....]]></document>
		<document id="149885461857447936" url="https://twitter.com/Slniecko16/status/149885461857447936"><![CDATA[love the spirit in the office today!]]></document>
		<document id="149887417145491460" url="https://twitter.com/Slniecko16/status/149887417145491460"><![CDATA[<a href="/muz" class="twitter-atreply pretty-link js-nav" dir="ltr" data-mentioned-user-id="2033841" ><s>@</s><b>muz</b></a> oh muz please, you know we do not drink here :-))) come in tomorrow we should have some mulled wine :-)]]></document>
		<document id="154275351340650496" url="https://twitter.com/Slniecko16/status/154275351340650496"><![CDATA[I should phone up work to make the door a bit wider after eating slovakian food for a week...]]></document>
		<document id="156747660307611648" url="https://twitter.com/Slniecko16/status/156747660307611648"><![CDATA[I&#39;m hiring! Director of Communications at Mendeley - London, United Kingdom <a href="/hashtag/jobs?src=hash" data-query-source="hashtag_click" class="twitter-hashtag pretty-link js-nav" dir="ltr" ><s>#</s><b>jobs</b></a> <a href="http://t.co/tVBKqs8q" rel="nofollow" dir="ltr" data-expanded-url="http://lnkd.in/BH5nCE" class="twitter-timeline-link" target="_blank" title="http://lnkd.in/BH5nCE" ><span class="tco-ellipsis"></span><span class="invisible">http://</span><span class="js-display-url">lnkd.in/BH5nCE</span><span class="invisible"></span><span class="tco-ellipsis"><span class="invisible">&nbsp;</span></span></a>]]></document>
		<document id="156777990078988289" url="https://twitter.com/Slniecko16/status/156777990078988289"><![CDATA[I&#39;m hiring! Insights &amp; Analytics Manager at Mendeley - London, United Kingdom <a href="/hashtag/jobs?src=hash" data-query-source="hashtag_click" class="twitter-hashtag pretty-link js-nav" dir="ltr" ><s>#</s><b>jobs</b></a> <a href="http://t.co/sJy8AF59" rel="nofollow" dir="ltr" data-expanded-url="http://lnkd.in/-t66Dt" class="twitter-timeline-link" target="_blank" title="http://lnkd.in/-t66Dt" ><span class="tco-ellipsis"></span><span class="invisible">http://</span><span class="js-display-url">lnkd.in/-t66Dt</span><span class="invisible"></span><span class="tco-ellipsis"><span class="invisible">&nbsp;</span></span></a>]]></document>
		<document id="158912539885965312" url="https://twitter.com/Slniecko16/status/158912539885965312"><![CDATA[Please join! Play Fair, Don&#39;t Ask Female Boxers to Wear Skirts <a href="http://t.co/B2qzMeqH" rel="nofollow" dir="ltr" data-expanded-url="http://www.change.org/petitions/tell-aiba-play-fair-dont-ask-female-boxers-to-wear-skirts?share_id=EGFCxWNWQr" class="twitter-timeline-link" target="_blank" title="http://www.change.org/petitions/tell-aiba-play-fair-dont-ask-female-boxers-to-wear-skirts?share_id=EGFCxWNWQr" ><span class="tco-ellipsis"></span><span class="invisible">http://www.</span><span class="js-display-url">change.org/petitions/tell</span><span class="invisible">-aiba-play-fair-dont-ask-female-boxers-to-wear-skirts?share_id=EGFCxWNWQr</span><span class="tco-ellipsis"><span class="invisible">&nbsp;</span>…</span></a> via <a href="/Change" class="twitter-atreply pretty-link js-nav" dir="ltr" data-mentioned-user-id="15947602" ><s>@</s><b>change</b></a>]]></document>
		<document id="159324068150124544" url="https://twitter.com/Slniecko16/status/159324068150124544"><![CDATA[I&#39;m hiring! Director of Communications at Mendeley - London, United Kingdom <a href="/hashtag/jobs?src=hash" data-query-source="hashtag_click" class="twitter-hashtag pretty-link js-nav" dir="ltr" ><s>#</s><b>jobs</b></a> <a href="http://t.co/tVBKqs8q" rel="nofollow" dir="ltr" data-expanded-url="http://lnkd.in/BH5nCE" class="twitter-timeline-link" target="_blank" title="http://lnkd.in/BH5nCE" ><span class="tco-ellipsis"></span><span class="invisible">http://</span><span class="js-display-url">lnkd.in/BH5nCE</span><span class="invisible"></span><span class="tco-ellipsis"><span class="invisible">&nbsp;</span></span></a>]]></document>
		<document id="160529427153956864" url="https://twitter.com/Slniecko16/status/160529427153956864"><![CDATA[Just watched whistleblower movie,great movie but left me very very upset with IO&#39;s...]]></document>
		<document id="164769599219437568" url="https://twitter.com/Slniecko16/status/164769599219437568"><![CDATA[@bma it&#39;s just a soft drink so all good but I might have a shot of the slovak medicine next to Robin soon! :-)]]></document>
		<document id="164769792786571264" url="https://twitter.com/Slniecko16/status/164769792786571264"><![CDATA[<a href="http://t.co/woXT9XQH" rel="nofollow" dir="ltr" data-expanded-url="http://instagr.am/p/m0KSz/" class="twitter-timeline-link" target="_blank" title="http://instagr.am/p/m0KSz/" ><span class="tco-ellipsis"></span><span class="invisible">http://</span><span class="js-display-url">instagr.am/p/m0KSz/</span><span class="invisible"></span><span class="tco-ellipsis"><span class="invisible">&nbsp;</span></span></a> my boyfriend&#39;s back]]></document>
		<document id="170541982047936512" url="https://twitter.com/Slniecko16/status/170541982047936512"><![CDATA[I&#39;m hiring! Java Data Engineer at Mendeley - London, United Kingdom <a href="/hashtag/jobs?src=hash" data-query-source="hashtag_click" class="twitter-hashtag pretty-link js-nav" dir="ltr" ><s>#</s><b>jobs</b></a> <a href="http://t.co/0xsukQY1" rel="nofollow" dir="ltr" data-expanded-url="http://lnkd.in/wN7wVf" class="twitter-timeline-link" target="_blank" title="http://lnkd.in/wN7wVf" ><span class="tco-ellipsis"></span><span class="invisible">http://</span><span class="js-display-url">lnkd.in/wN7wVf</span><span class="invisible"></span><span class="tco-ellipsis"><span class="invisible">&nbsp;</span></span></a>]]></document>
		<document id="172999662184300544" url="https://twitter.com/Slniecko16/status/172999662184300544"><![CDATA[<a href="/hashtag/NowPlaying?src=hash" data-query-source="hashtag_click" class="twitter-hashtag pretty-link js-nav" dir="ltr" ><s>#</s><b>NowPlaying</b></a> Damian Marley – There For You on <a href="/hashtag/Spotify?src=hash" data-query-source="hashtag_click" class="twitter-hashtag pretty-link js-nav" dir="ltr" ><s>#</s><b>Spotify</b></a><a href="http://t.co/qzpvqoNo" rel="nofollow" dir="ltr" data-expanded-url="http://open.spotify.com/track/1MztUniM1MmfEnYQqlgTxv" class="twitter-timeline-link u-hidden" target="_blank" title="http://open.spotify.com/track/1MztUniM1MmfEnYQqlgTxv" ><span class="tco-ellipsis"></span><span class="invisible">http://</span><span class="js-display-url">open.spotify.com/track/1MztUniM</span><span class="invisible">1MmfEnYQqlgTxv</span><span class="tco-ellipsis"><span class="invisible">&nbsp;</span>…</span></a>]]></document>
		<document id="174109638747373568" url="https://twitter.com/Slniecko16/status/174109638747373568"><![CDATA[I&#39;m hiring! C++/Qt Software Engineer at Mendeley - London, United Kingdom <a href="/hashtag/jobs?src=hash" data-query-source="hashtag_click" class="twitter-hashtag pretty-link js-nav" dir="ltr" ><s>#</s><b>jobs</b></a> <a href="http://t.co/H1Ou3E3x" rel="nofollow" dir="ltr" data-expanded-url="http://lnkd.in/5j3igz" class="twitter-timeline-link" target="_blank" title="http://lnkd.in/5j3igz" ><span class="tco-ellipsis"></span><span class="invisible">http://</span><span class="js-display-url">lnkd.in/5j3igz</span><span class="invisible"></span><span class="tco-ellipsis"><span class="invisible">&nbsp;</span></span></a>]]></document>
		<document id="174182728588210176" url="https://twitter.com/Slniecko16/status/174182728588210176"><![CDATA[<a href="/RidingHouseCafe" class="twitter-atreply pretty-link js-nav" dir="ltr" data-mentioned-user-id="123534061" ><s>@</s><b>RidingHouseCafe</b></a> Have fun guys the party is well deserved for all your hard work!]]></document>
		<document id="180323299677581312" url="https://twitter.com/Slniecko16/status/180323299677581312"><![CDATA[Mendeley is looking for a Community and Business Intern! <a href="http://t.co/rbZrjSHe" rel="nofollow" dir="ltr" data-expanded-url="http://www.mendeley.com/careers/london-comm-bus-dev-intern/" class="twitter-timeline-link" target="_blank" title="http://www.mendeley.com/careers/london-comm-bus-dev-intern/" ><span class="tco-ellipsis"></span><span class="invisible">http://www.</span><span class="js-display-url">mendeley.com/careers/london</span><span class="invisible">-comm-bus-dev-intern/</span><span class="tco-ellipsis"><span class="invisible">&nbsp;</span>…</span></a>]]></document>
		<document id="181797046372675586" url="https://twitter.com/Slniecko16/status/181797046372675586"><![CDATA[I&#39;m hiring! VP Product at Mendeley - London, United Kingdom <a href="/hashtag/jobs?src=hash" data-query-source="hashtag_click" class="twitter-hashtag pretty-link js-nav" dir="ltr" ><s>#</s><b>jobs</b></a> <a href="http://t.co/NNSqxezv" rel="nofollow" dir="ltr" data-expanded-url="http://lnkd.in/P3Gdgb" class="twitter-timeline-link" target="_blank" title="http://lnkd.in/P3Gdgb" ><span class="tco-ellipsis"></span><span class="invisible">http://</span><span class="js-display-url">lnkd.in/P3Gdgb</span><span class="invisible"></span><span class="tco-ellipsis"><span class="invisible">&nbsp;</span></span></a>]]></document>
		<document id="185369047779643394" url="https://twitter.com/Slniecko16/status/185369047779643394"><![CDATA[I&#39;m hiring! Hadoop Data Architect at Mendeley - London, United Kingdom <a href="/hashtag/jobs?src=hash" data-query-source="hashtag_click" class="twitter-hashtag pretty-link js-nav" dir="ltr" ><s>#</s><b>jobs</b></a> <a href="http://t.co/tUAgYDug" rel="nofollow" dir="ltr" data-expanded-url="http://lnkd.in/WAArUR" class="twitter-timeline-link" target="_blank" title="http://lnkd.in/WAArUR" ><span class="tco-ellipsis"></span><span class="invisible">http://</span><span class="js-display-url">lnkd.in/WAArUR</span><span class="invisible"></span><span class="tco-ellipsis"><span class="invisible">&nbsp;</span></span></a>]]></document>
		<document id="189698435799187458" url="https://twitter.com/Slniecko16/status/189698435799187458"><![CDATA[Front-end web developer needed for Mendeley- London start up!: <a href="http://t.co/7fBPpQWh" rel="nofollow" dir="ltr" data-expanded-url="http://lnkd.in/pcbKYR" class="twitter-timeline-link" target="_blank" title="http://lnkd.in/pcbKYR" ><span class="tco-ellipsis"></span><span class="invisible">http://</span><span class="js-display-url">lnkd.in/pcbKYR</span><span class="invisible"></span><span class="tco-ellipsis"><span class="invisible">&nbsp;</span></span></a>]]></document>
		<document id="189699706388099072" url="https://twitter.com/Slniecko16/status/189699706388099072"><![CDATA[I&#39;m hiring! Marie Curie Senior Research Fellow - London at Mendeley - London, United Kingdom <a href="/hashtag/jobs?src=hash" data-query-source="hashtag_click" class="twitter-hashtag pretty-link js-nav" dir="ltr" ><s>#</s><b>jobs</b></a> <a href="http://t.co/nboq88jW" rel="nofollow" dir="ltr" data-expanded-url="http://lnkd.in/FaQ-2g" class="twitter-timeline-link" target="_blank" title="http://lnkd.in/FaQ-2g" ><span class="tco-ellipsis"></span><span class="invisible">http://</span><span class="js-display-url">lnkd.in/FaQ-2g</span><span class="invisible"></span><span class="tco-ellipsis"><span class="invisible">&nbsp;</span></span></a>]]></document>
		<document id="190009414948888576" url="https://twitter.com/Slniecko16/status/190009414948888576"><![CDATA[I&#39;m hiring! Finance and Operations Manager at Mendeley - London, United Kingdom <a href="/hashtag/jobs?src=hash" data-query-source="hashtag_click" class="twitter-hashtag pretty-link js-nav" dir="ltr" ><s>#</s><b>jobs</b></a> <a href="http://t.co/JmMDuN7m" rel="nofollow" dir="ltr" data-expanded-url="http://lnkd.in/APddMm" class="twitter-timeline-link" target="_blank" title="http://lnkd.in/APddMm" ><span class="tco-ellipsis"></span><span class="invisible">http://</span><span class="js-display-url">lnkd.in/APddMm</span><span class="invisible"></span><span class="tco-ellipsis"><span class="invisible">&nbsp;</span></span></a>]]></document>
		<document id="190469938438348800" url="https://twitter.com/Slniecko16/status/190469938438348800"><![CDATA[I&#39;m hiring! Back-End Web Developer at Mendeley - London, United Kingdom <a href="/hashtag/jobs?src=hash" data-query-source="hashtag_click" class="twitter-hashtag pretty-link js-nav" dir="ltr" ><s>#</s><b>jobs</b></a> <a href="http://t.co/2ya7Ptdt" rel="nofollow" dir="ltr" data-expanded-url="http://lnkd.in/qY6WiA" class="twitter-timeline-link" target="_blank" title="http://lnkd.in/qY6WiA" ><span class="tco-ellipsis"></span><span class="invisible">http://</span><span class="js-display-url">lnkd.in/qY6WiA</span><span class="invisible"></span><span class="tco-ellipsis"><span class="invisible">&nbsp;</span></span></a>]]></document>
		<document id="190470401070071809" url="https://twitter.com/Slniecko16/status/190470401070071809"><![CDATA[I&#39;m hiring! Front-End Web Developer at Mendeley - London, United Kingdom <a href="/hashtag/jobs?src=hash" data-query-source="hashtag_click" class="twitter-hashtag pretty-link js-nav" dir="ltr" ><s>#</s><b>jobs</b></a> <a href="http://t.co/AXBbDS6m" rel="nofollow" dir="ltr" data-expanded-url="http://lnkd.in/kS285a" class="twitter-timeline-link" target="_blank" title="http://lnkd.in/kS285a" ><span class="tco-ellipsis"></span><span class="invisible">http://</span><span class="js-display-url">lnkd.in/kS285a</span><span class="invisible"></span><span class="tco-ellipsis"><span class="invisible">&nbsp;</span></span></a>]]></document>
		<document id="195082641446412288" url="https://twitter.com/Slniecko16/status/195082641446412288"><![CDATA[I&#39;m hiring! Community and Business Development Intern at Mendeley - London, United Kingdom <a href="/hashtag/jobs?src=hash" data-query-source="hashtag_click" class="twitter-hashtag pretty-link js-nav" dir="ltr" ><s>#</s><b>jobs</b></a> <a href="http://t.co/cUbhEtgi" rel="nofollow" dir="ltr" data-expanded-url="http://lnkd.in/Vf4Dfz" class="twitter-timeline-link" target="_blank" title="http://lnkd.in/Vf4Dfz" ><span class="tco-ellipsis"></span><span class="invisible">http://</span><span class="js-display-url">lnkd.in/Vf4Dfz</span><span class="invisible"></span><span class="tco-ellipsis"><span class="invisible">&nbsp;</span></span></a>]]></document>
		<document id="198377026661523456" url="https://twitter.com/Slniecko16/status/198377026661523456"><![CDATA[<a href="http://t.co/NFYfW17i" rel="nofollow" dir="ltr" data-expanded-url="http://www.iihf.com/en/competition/272/schedule.html" class="twitter-timeline-link" target="_blank" title="http://www.iihf.com/en/competition/272/schedule.html" ><span class="tco-ellipsis"></span><span class="invisible">http://www.</span><span class="js-display-url">iihf.com/en/competition</span><span class="invisible">/272/schedule.html</span><span class="tco-ellipsis"><span class="invisible">&nbsp;</span>…</span></a>]]></document>
		<document id="198442564599296001" url="https://twitter.com/Slniecko16/status/198442564599296001"><![CDATA[I&#39;m hiring! Customer Support Intern at Mendeley - London, United Kingdom <a href="/hashtag/jobs?src=hash" data-query-source="hashtag_click" class="twitter-hashtag pretty-link js-nav" dir="ltr" ><s>#</s><b>jobs</b></a> <a href="http://t.co/N4yCxX5n" rel="nofollow" dir="ltr" data-expanded-url="http://lnkd.in/HXnwwZ" class="twitter-timeline-link" target="_blank" title="http://lnkd.in/HXnwwZ" ><span class="tco-ellipsis"></span><span class="invisible">http://</span><span class="js-display-url">lnkd.in/HXnwwZ</span><span class="invisible"></span><span class="tco-ellipsis"><span class="invisible">&nbsp;</span></span></a>]]></document>
		<document id="200578081923149824" url="https://twitter.com/Slniecko16/status/200578081923149824"><![CDATA[I created group Mendeley on Linkedin.: <a href="http://t.co/G8KkqBSv" rel="nofollow" dir="ltr" data-expanded-url="http://lnkd.in/jcVbgW" class="twitter-timeline-link" target="_blank" title="http://lnkd.in/jcVbgW" ><span class="tco-ellipsis"></span><span class="invisible">http://</span><span class="js-display-url">lnkd.in/jcVbgW</span><span class="invisible"></span><span class="tco-ellipsis"><span class="invisible">&nbsp;</span></span></a>]]></document>
		<document id="202706116487028736" url="https://twitter.com/Slniecko16/status/202706116487028736"><![CDATA[a sunny day on birthday :)]]></document>
		<document id="203144076143497217" url="https://twitter.com/Slniecko16/status/203144076143497217"><![CDATA[Do you use Mendeley to work collaboratively in groups? What are the features you like the most for groups? We love...: <a href="http://t.co/CwTt298c" rel="nofollow" dir="ltr" data-expanded-url="http://lnkd.in/45esKd" class="twitter-timeline-link" target="_blank" title="http://lnkd.in/45esKd" ><span class="tco-ellipsis"></span><span class="invisible">http://</span><span class="js-display-url">lnkd.in/45esKd</span><span class="invisible"></span><span class="tco-ellipsis"><span class="invisible">&nbsp;</span></span></a>]]></document>
		<document id="203146377772007425" url="https://twitter.com/Slniecko16/status/203146377772007425"><![CDATA[Join our Mendeley team and change the way research is done!: <a href="http://t.co/OFDSc8KX" rel="nofollow" dir="ltr" data-expanded-url="http://lnkd.in/UUh_qU" class="twitter-timeline-link" target="_blank" title="http://lnkd.in/UUh_qU" ><span class="tco-ellipsis"></span><span class="invisible">http://</span><span class="js-display-url">lnkd.in/UUh_qU</span><span class="invisible"></span><span class="tco-ellipsis"><span class="invisible">&nbsp;</span></span></a>]]></document>
		<document id="205665700520529920" url="https://twitter.com/Slniecko16/status/205665700520529920"><![CDATA[<a href="/subcide" class="twitter-atreply pretty-link js-nav" dir="ltr" data-mentioned-user-id="13502742" ><s>@</s><b>subcide</b></a> put some ice on it for couple of minutes]]></document>
		<document id="207108622122106880" url="https://twitter.com/Slniecko16/status/207108622122106880"><![CDATA[this is brutal<a href="http://t.co/czFRaA3V" rel="nofollow" dir="ltr" data-expanded-url="http://uk.eurosport.yahoo.com/28052012/58/tragic-tapia-found-dead-45.html" class="twitter-timeline-link u-hidden" target="_blank" title="http://uk.eurosport.yahoo.com/28052012/58/tragic-tapia-found-dead-45.html" ><span class="tco-ellipsis"></span><span class="invisible">http://</span><span class="js-display-url">uk.eurosport.yahoo.com/28052012/58/tr</span><span class="invisible">agic-tapia-found-dead-45.html</span><span class="tco-ellipsis"><span class="invisible">&nbsp;</span>…</span></a>]]></document>
		<document id="212148909781430272" url="https://twitter.com/Slniecko16/status/212148909781430272"><![CDATA[<a href="http://t.co/jBfVtEfb" rel="nofollow" dir="ltr" data-expanded-url="http://www.mendeley.com/careers/london-customer-support-intern/" class="twitter-timeline-link" target="_blank" title="http://www.mendeley.com/careers/london-customer-support-intern/" ><span class="tco-ellipsis"></span><span class="invisible">http://www.</span><span class="js-display-url">mendeley.com/careers/london</span><span class="invisible">-customer-support-intern/</span><span class="tco-ellipsis"><span class="invisible">&nbsp;</span>…</span></a>]]></document>
		<document id="212476142475689984" url="https://twitter.com/Slniecko16/status/212476142475689984"><![CDATA[I&#39;m hiring! Back-End Web Developer at Mendeley - London, United Kingdom <a href="/hashtag/jobs?src=hash" data-query-source="hashtag_click" class="twitter-hashtag pretty-link js-nav" dir="ltr" ><s>#</s><b>jobs</b></a> <a href="http://t.co/MoMmbDat" rel="nofollow" dir="ltr" data-expanded-url="http://lnkd.in/kJWugW" class="twitter-timeline-link" target="_blank" title="http://lnkd.in/kJWugW" ><span class="tco-ellipsis"></span><span class="invisible">http://</span><span class="js-display-url">lnkd.in/kJWugW</span><span class="invisible"></span><span class="tco-ellipsis"><span class="invisible">&nbsp;</span></span></a>]]></document>
		<document id="215123075337945091" url="https://twitter.com/Slniecko16/status/215123075337945091"><![CDATA[I&#39;m hiring! Java Developer at Mendeley - London, United Kingdom <a href="/hashtag/jobs?src=hash" data-query-source="hashtag_click" class="twitter-hashtag pretty-link js-nav" dir="ltr" ><s>#</s><b>jobs</b></a> <a href="http://t.co/ptW71ZB9" rel="nofollow" dir="ltr" data-expanded-url="http://lnkd.in/MzJyPv" class="twitter-timeline-link" target="_blank" title="http://lnkd.in/MzJyPv" ><span class="tco-ellipsis"></span><span class="invisible">http://</span><span class="js-display-url">lnkd.in/MzJyPv</span><span class="invisible"></span><span class="tco-ellipsis"><span class="invisible">&nbsp;</span></span></a>]]></document>
		<document id="215389185626996737" url="https://twitter.com/Slniecko16/status/215389185626996737"><![CDATA[I&#39;m hiring! System Administrator at Mendeley - London, United Kingdom <a href="/hashtag/jobs?src=hash" data-query-source="hashtag_click" class="twitter-hashtag pretty-link js-nav" dir="ltr" ><s>#</s><b>jobs</b></a> <a href="http://t.co/arvdZBGJ" rel="nofollow" dir="ltr" data-expanded-url="http://lnkd.in/AgGQiD" class="twitter-timeline-link" target="_blank" title="http://lnkd.in/AgGQiD" ><span class="tco-ellipsis"></span><span class="invisible">http://</span><span class="js-display-url">lnkd.in/AgGQiD</span><span class="invisible"></span><span class="tco-ellipsis"><span class="invisible">&nbsp;</span></span></a>]]></document>
		<document id="216196071892852736" url="https://twitter.com/Slniecko16/status/216196071892852736"><![CDATA[I&#39;m hiring! Technical Support Agent at Mendeley - London, United Kingdom <a href="/hashtag/jobs?src=hash" data-query-source="hashtag_click" class="twitter-hashtag pretty-link js-nav" dir="ltr" ><s>#</s><b>jobs</b></a> <a href="http://t.co/07diAtmJ" rel="nofollow" dir="ltr" data-expanded-url="http://lnkd.in/5NMWfe" class="twitter-timeline-link" target="_blank" title="http://lnkd.in/5NMWfe" ><span class="tco-ellipsis"></span><span class="invisible">http://</span><span class="js-display-url">lnkd.in/5NMWfe</span><span class="invisible"></span><span class="tco-ellipsis"><span class="invisible">&nbsp;</span></span></a>]]></document>
		<document id="220147064875646980" url="https://twitter.com/Slniecko16/status/220147064875646980"><![CDATA[<a href="/IanMulvany" class="twitter-atreply pretty-link js-nav" dir="ltr" data-mentioned-user-id="4339911" ><s>@</s><b>IanMulvany</b></a> congrats!!! beautiful :)]]></document>
		<document id="220905925484085248" url="https://twitter.com/Slniecko16/status/220905925484085248"><![CDATA[<a href="http://t.co/LUe9WjGb" rel="nofollow" dir="ltr" data-expanded-url="http://www.kililive.com/gigs/marilyn-manson-o2-academy-brixton-london-thu-5-july/" class="twitter-timeline-link" target="_blank" title="http://www.kililive.com/gigs/marilyn-manson-o2-academy-brixton-london-thu-5-july/" ><span class="tco-ellipsis"></span><span class="invisible">http://www.</span><span class="js-display-url">kililive.com/gigs/marilyn-m</span><span class="invisible">anson-o2-academy-brixton-london-thu-5-july/</span><span class="tco-ellipsis"><span class="invisible">&nbsp;</span>…</span></a>]]></document>
		<document id="228146965517570048" url="https://twitter.com/Slniecko16/status/228146965517570048"><![CDATA[I&#39;m hiring! In-house Recruiter (with a focus on tech at Mendeley - London, United Kingdom <a href="/hashtag/jobs?src=hash" data-query-source="hashtag_click" class="twitter-hashtag pretty-link js-nav" dir="ltr" ><s>#</s><b>jobs</b></a> <a href="http://t.co/nMxz3pbw" rel="nofollow" dir="ltr" data-expanded-url="http://lnkd.in/fa6apc" class="twitter-timeline-link" target="_blank" title="http://lnkd.in/fa6apc" ><span class="tco-ellipsis"></span><span class="invisible">http://</span><span class="js-display-url">lnkd.in/fa6apc</span><span class="invisible"></span><span class="tco-ellipsis"><span class="invisible">&nbsp;</span></span></a>]]></document>
		<document id="229232673686691840" url="https://twitter.com/Slniecko16/status/229232673686691840"><![CDATA[BBC News - Female boxers punch into London 2012 <a href="http://t.co/Yv3lovIi" rel="nofollow" dir="ltr" data-expanded-url="http://bbc.in/OiY4wV" class="twitter-timeline-link" target="_blank" title="http://bbc.in/OiY4wV" ><span class="tco-ellipsis"></span><span class="invisible">http://</span><span class="js-display-url">bbc.in/OiY4wV</span><span class="invisible"></span><span class="tco-ellipsis"><span class="invisible">&nbsp;</span></span></a> I am the one in purple shirt heh]]></document>
		<document id="231383621691383808" url="https://twitter.com/Slniecko16/status/231383621691383808"><![CDATA[<a href="/aglet" class="twitter-atreply pretty-link js-nav" dir="ltr" data-mentioned-user-id="14824562" ><s>@</s><b>aglet</b></a> get well soon, make sure u have a proper restxxx]]></document>
		<document id="235007358642819072" url="https://twitter.com/Slniecko16/status/235007358642819072"><![CDATA[We are looking for a QA Team Lead urgently! <a href="http://t.co/s6DScFuo" rel="nofollow" dir="ltr" data-expanded-url="http://www.mendeley.com/careers/london-qa-team-lead/" class="twitter-timeline-link" target="_blank" title="http://www.mendeley.com/careers/london-qa-team-lead/" ><span class="tco-ellipsis"></span><span class="invisible">http://www.</span><span class="js-display-url">mendeley.com/careers/london</span><span class="invisible">-qa-team-lead/</span><span class="tco-ellipsis"><span class="invisible">&nbsp;</span>…</span></a>]]></document>
		<document id="235512366522040320" url="https://twitter.com/Slniecko16/status/235512366522040320"><![CDATA[Mendeley is hiring a QA Team Lead to start immediately! Central London?UK: <a href="http://t.co/6b4De0sY" rel="nofollow" dir="ltr" data-expanded-url="http://lnkd.in/5Hn5Vt" class="twitter-timeline-link" target="_blank" title="http://lnkd.in/5Hn5Vt" ><span class="tco-ellipsis"></span><span class="invisible">http://</span><span class="js-display-url">lnkd.in/5Hn5Vt</span><span class="invisible"></span><span class="tco-ellipsis"><span class="invisible">&nbsp;</span></span></a>]]></document>
		<document id="235512369328054272" url="https://twitter.com/Slniecko16/status/235512369328054272"><![CDATA[Mendeley is hiring a qreat QA Team Lead to start immediately: <a href="http://t.co/BI1SfYzx" rel="nofollow" dir="ltr" data-expanded-url="http://lnkd.in/7tJrGC" class="twitter-timeline-link" target="_blank" title="http://lnkd.in/7tJrGC" ><span class="tco-ellipsis"></span><span class="invisible">http://</span><span class="js-display-url">lnkd.in/7tJrGC</span><span class="invisible"></span><span class="tco-ellipsis"><span class="invisible">&nbsp;</span></span></a>]]></document>
		<document id="242899794656382976" url="https://twitter.com/Slniecko16/status/242899794656382976"><![CDATA[I&#39;m hiring! In-house Recruiter (with a focus on tech at Mendeley - London, United Kingdom <a href="/hashtag/jobs?src=hash" data-query-source="hashtag_click" class="twitter-hashtag pretty-link js-nav" dir="ltr" ><s>#</s><b>jobs</b></a> <a href="http://t.co/PR6i8lS3" rel="nofollow" dir="ltr" data-expanded-url="http://lnkd.in/nSDwvK" class="twitter-timeline-link" target="_blank" title="http://lnkd.in/nSDwvK" ><span class="tco-ellipsis"></span><span class="invisible">http://</span><span class="js-display-url">lnkd.in/nSDwvK</span><span class="invisible"></span><span class="tco-ellipsis"><span class="invisible">&nbsp;</span></span></a>]]></document>
		<document id="248765481283108864" url="https://twitter.com/Slniecko16/status/248765481283108864"><![CDATA[Mendeley is hiring a Product Marketing Manager!]]></document>
		<document id="253149001841520641" url="https://twitter.com/Slniecko16/status/253149001841520641"><![CDATA[I&#39;m hiring! Community Strategy Manager at Mendeley - London, United Kingdom <a href="/hashtag/jobs?src=hash" data-query-source="hashtag_click" class="twitter-hashtag pretty-link js-nav" dir="ltr" ><s>#</s><b>jobs</b></a> <a href="http://t.co/eFzsGonL" rel="nofollow" dir="ltr" data-expanded-url="http://lnkd.in/-s6UmD" class="twitter-timeline-link" target="_blank" title="http://lnkd.in/-s6UmD" ><span class="tco-ellipsis"></span><span class="invisible">http://</span><span class="js-display-url">lnkd.in/-s6UmD</span><span class="invisible"></span><span class="tco-ellipsis"><span class="invisible">&nbsp;</span></span></a>]]></document>
		<document id="253162480040280064" url="https://twitter.com/Slniecko16/status/253162480040280064"><![CDATA[I&#39;m hiring! Agile Project Manager at Mendeley - London, United Kingdom <a href="/hashtag/jobs?src=hash" data-query-source="hashtag_click" class="twitter-hashtag pretty-link js-nav" dir="ltr" ><s>#</s><b>jobs</b></a> <a href="http://t.co/som2Jbc3" rel="nofollow" dir="ltr" data-expanded-url="http://lnkd.in/VZnVha" class="twitter-timeline-link" target="_blank" title="http://lnkd.in/VZnVha" ><span class="tco-ellipsis"></span><span class="invisible">http://</span><span class="js-display-url">lnkd.in/VZnVha</span><span class="invisible"></span><span class="tco-ellipsis"><span class="invisible">&nbsp;</span></span></a>]]></document>
		<document id="255342364317601792" url="https://twitter.com/Slniecko16/status/255342364317601792"><![CDATA[Excellent opportunity for a Business Dev Graduate! <a href="http://t.co/7t58Lpcn" rel="nofollow" dir="ltr" data-expanded-url="http://lnkd.in/VsBYjX" class="twitter-timeline-link" target="_blank" title="http://lnkd.in/VsBYjX" ><span class="tco-ellipsis"></span><span class="invisible">http://</span><span class="js-display-url">lnkd.in/VsBYjX</span><span class="invisible"></span><span class="tco-ellipsis"><span class="invisible">&nbsp;</span></span></a>]]></document>
		<document id="255603183827697665" url="https://twitter.com/Slniecko16/status/255603183827697665"><![CDATA[I&#39;m hiring! Community and Business Development Intern at Mendeley - London, United Kingdom <a href="/hashtag/jobs?src=hash" data-query-source="hashtag_click" class="twitter-hashtag pretty-link js-nav" dir="ltr" ><s>#</s><b>jobs</b></a> <a href="http://t.co/Ww7KVd81" rel="nofollow" dir="ltr" data-expanded-url="http://lnkd.in/pzbzNb" class="twitter-timeline-link" target="_blank" title="http://lnkd.in/pzbzNb" ><span class="tco-ellipsis"></span><span class="invisible">http://</span><span class="js-display-url">lnkd.in/pzbzNb</span><span class="invisible"></span><span class="tco-ellipsis"><span class="invisible">&nbsp;</span></span></a>]]></document>
		<document id="258139382572273664" url="https://twitter.com/Slniecko16/status/258139382572273664"><![CDATA[I&#39;m hiring! Marketing Manager Institutional Products at Mendeley - London, United Kingdom <a href="/hashtag/jobs?src=hash" data-query-source="hashtag_click" class="twitter-hashtag pretty-link js-nav" dir="ltr" ><s>#</s><b>jobs</b></a> <a href="http://t.co/Lx3pM8Mm" rel="nofollow" dir="ltr" data-expanded-url="http://lnkd.in/kM__9W" class="twitter-timeline-link" target="_blank" title="http://lnkd.in/kM__9W" ><span class="tco-ellipsis"></span><span class="invisible">http://</span><span class="js-display-url">lnkd.in/kM__9W</span><span class="invisible"></span><span class="tco-ellipsis"><span class="invisible">&nbsp;</span></span></a>]]></document>
		<document id="260666070355046400" url="https://twitter.com/Slniecko16/status/260666070355046400"><![CDATA[I&#39;m hiring! Commercial Director at Mendeley - London, United Kingdom <a href="/hashtag/jobs?src=hash" data-query-source="hashtag_click" class="twitter-hashtag pretty-link js-nav" dir="ltr" ><s>#</s><b>jobs</b></a> <a href="http://t.co/AHnsZ2Hx" rel="nofollow" dir="ltr" data-expanded-url="http://lnkd.in/cEJnFg" class="twitter-timeline-link" target="_blank" title="http://lnkd.in/cEJnFg" ><span class="tco-ellipsis"></span><span class="invisible">http://</span><span class="js-display-url">lnkd.in/cEJnFg</span><span class="invisible"></span><span class="tco-ellipsis"><span class="invisible">&nbsp;</span></span></a>]]></document>
		<document id="273478080075542529" url="https://twitter.com/Slniecko16/status/273478080075542529"><![CDATA[I&#39;m hiring! C++ Team Lead at Mendeley - London, United Kingdom <a href="/hashtag/jobs?src=hash" data-query-source="hashtag_click" class="twitter-hashtag pretty-link js-nav" dir="ltr" ><s>#</s><b>jobs</b></a> <a href="http://t.co/JNpga4zq" rel="nofollow" dir="ltr" data-expanded-url="http://lnkd.in/zQcKAW" class="twitter-timeline-link" target="_blank" title="http://lnkd.in/zQcKAW" ><span class="tco-ellipsis"></span><span class="invisible">http://</span><span class="js-display-url">lnkd.in/zQcKAW</span><span class="invisible"></span><span class="tco-ellipsis"><span class="invisible">&nbsp;</span></span></a>]]></document>
		<document id="273478703084867584" url="https://twitter.com/Slniecko16/status/273478703084867584"><![CDATA[I&#39;m hiring! Development Manager at Mendeley - London, United Kingdom <a href="/hashtag/jobs?src=hash" data-query-source="hashtag_click" class="twitter-hashtag pretty-link js-nav" dir="ltr" ><s>#</s><b>jobs</b></a> <a href="http://t.co/5YhVUBuL" rel="nofollow" dir="ltr" data-expanded-url="http://lnkd.in/QwwKqT" class="twitter-timeline-link" target="_blank" title="http://lnkd.in/QwwKqT" ><span class="tco-ellipsis"></span><span class="invisible">http://</span><span class="js-display-url">lnkd.in/QwwKqT</span><span class="invisible"></span><span class="tco-ellipsis"><span class="invisible">&nbsp;</span></span></a>]]></document>
		<document id="275920002052399104" url="https://twitter.com/Slniecko16/status/275920002052399104"><![CDATA[I&#39;m hiring! Community Relations Intern at Mendeley - London, United Kingdom <a href="/hashtag/jobs?src=hash" data-query-source="hashtag_click" class="twitter-hashtag pretty-link js-nav" dir="ltr" ><s>#</s><b>jobs</b></a> <a href="http://t.co/ZDww4y7z" rel="nofollow" dir="ltr" data-expanded-url="http://lnkd.in/SVHHtq" class="twitter-timeline-link" target="_blank" title="http://lnkd.in/SVHHtq" ><span class="tco-ellipsis"></span><span class="invisible">http://</span><span class="js-display-url">lnkd.in/SVHHtq</span><span class="invisible"></span><span class="tco-ellipsis"><span class="invisible">&nbsp;</span></span></a>]]></document>
		<document id="279278829665669120" url="https://twitter.com/Slniecko16/status/279278829665669120"><![CDATA[I&#39;m hiring! Senior Online Marketing Manager (B2C) at Mendeley - London, United Kingdom <a href="/hashtag/jobs?src=hash" data-query-source="hashtag_click" class="twitter-hashtag pretty-link js-nav" dir="ltr" ><s>#</s><b>jobs</b></a> <a href="http://t.co/zY34OSkD" rel="nofollow" dir="ltr" data-expanded-url="http://lnkd.in/BexBZ4" class="twitter-timeline-link" target="_blank" title="http://lnkd.in/BexBZ4" ><span class="tco-ellipsis"></span><span class="invisible">http://</span><span class="js-display-url">lnkd.in/BexBZ4</span><span class="invisible"></span><span class="tco-ellipsis"><span class="invisible">&nbsp;</span></span></a>]]></document>
		<document id="292059854326095872" url="https://twitter.com/Slniecko16/status/292059854326095872"><![CDATA[<a href="/subcide" class="twitter-atreply pretty-link js-nav" dir="ltr" data-mentioned-user-id="13502742" ><s>@</s><b>subcide</b></a> oh common the new album is not that bad :)]]></document>
		<document id="293850709231804416" url="https://twitter.com/Slniecko16/status/293850709231804416"><![CDATA[The Europas - Europe&#39;s Tech Startup Oscars - Showcases A Booming...<a href="http://t.co/w4nLLF8B" rel="nofollow" dir="ltr" data-expanded-url="http://lnkd.in/heFpbr" class="twitter-timeline-link u-hidden" target="_blank" title="http://lnkd.in/heFpbr" ><span class="tco-ellipsis"></span><span class="invisible">http://</span><span class="js-display-url">lnkd.in/heFpbr</span><span class="invisible"></span><span class="tco-ellipsis"><span class="invisible">&nbsp;</span></span></a>]]></document>
		<document id="294149192748777473" url="https://twitter.com/Slniecko16/status/294149192748777473"><![CDATA[Mendeley is hiring!
<a href="http://t.co/1QUQqFXo" rel="nofollow" dir="ltr" data-expanded-url="http://lnkd.in/twhCB6" class="twitter-timeline-link" target="_blank" title="http://lnkd.in/twhCB6" ><span class="tco-ellipsis"></span><span class="invisible">http://</span><span class="js-display-url">lnkd.in/twhCB6</span><span class="invisible"></span><span class="tco-ellipsis"><span class="invisible">&nbsp;</span></span></a>]]></document>
		<document id="295333414385614848" url="https://twitter.com/Slniecko16/status/295333414385614848"><![CDATA[Wadi Camacho and Ryan Taylor land Wembley title fights <a href="http://t.co/cDGs7wli" rel="nofollow" dir="ltr" data-expanded-url="http://lnkd.in/3UGppV" class="twitter-timeline-link" target="_blank" title="http://lnkd.in/3UGppV" ><span class="tco-ellipsis"></span><span class="invisible">http://</span><span class="js-display-url">lnkd.in/3UGppV</span><span class="invisible"></span><span class="tco-ellipsis"><span class="invisible">&nbsp;</span></span></a>]]></document>
		<document id="297395312232906752" url="https://twitter.com/Slniecko16/status/297395312232906752"><![CDATA[I&#39;m hiring! Office Manager at Mendeley - London, United Kingdom <a href="/hashtag/jobs?src=hash" data-query-source="hashtag_click" class="twitter-hashtag pretty-link js-nav" dir="ltr" ><s>#</s><b>jobs</b></a> <a href="http://t.co/t7aX4anG" rel="nofollow" dir="ltr" data-expanded-url="http://lnkd.in/cPhVCJ" class="twitter-timeline-link" target="_blank" title="http://lnkd.in/cPhVCJ" ><span class="tco-ellipsis"></span><span class="invisible">http://</span><span class="js-display-url">lnkd.in/cPhVCJ</span><span class="invisible"></span><span class="tco-ellipsis"><span class="invisible">&nbsp;</span></span></a>]]></document>
		<document id="303831047408349185" url="https://twitter.com/Slniecko16/status/303831047408349185"><![CDATA[HMRC letters are the best in increasing your adrenaline...]]></document>
		<document id="311895111070003200" url="https://twitter.com/Slniecko16/status/311895111070003200"><![CDATA[@bma not looking forward to cycling in this shit weather neither..:(]]></document>
		<document id="311895711933411328" url="https://twitter.com/Slniecko16/status/311895711933411328"><![CDATA[@bma does not look like it]]></document>
		<document id="311988679121969153" url="https://twitter.com/Slniecko16/status/311988679121969153"><![CDATA[<a href="/phpeach" class="twitter-atreply pretty-link js-nav" dir="ltr" data-mentioned-user-id="107289311" ><s>@</s><b>phpeach</b></a> you should come to ours!!]]></document>
		<document id="312227601932509186" url="https://twitter.com/Slniecko16/status/312227601932509186"><![CDATA[<a href="/alicebonasio" class="twitter-atreply pretty-link js-nav" dir="ltr" data-mentioned-user-id="277012264" ><s>@</s><b>alicebonasio</b></a> you banoffee pie is better than sex! amazing]]></document>
		<document id="312534913356288000" url="https://twitter.com/Slniecko16/status/312534913356288000"><![CDATA[<a href="/turner_freddie" class="twitter-atreply pretty-link js-nav" dir="ltr" data-mentioned-user-id="727927303" ><s>@</s><b>turner_freddie</b></a> you have no idea! :))]]></document>
		<document id="312537834361868288" url="https://twitter.com/Slniecko16/status/312537834361868288"><![CDATA[<a href="/BinaryTweedDeej" class="twitter-atreply pretty-link js-nav" dir="ltr" data-mentioned-user-id="24785621" ><s>@</s><b>BinaryTweedDeej</b></a> I am sure the Bank people are used to it :)]]></document>
		<document id="312544402411237376" url="https://twitter.com/Slniecko16/status/312544402411237376"><![CDATA[started my weekend at Phlebotomy in East London medical centre..that sucks]]></document>
		<document id="314715696653283328" url="https://twitter.com/Slniecko16/status/314715696653283328"><![CDATA[looking forward to Mendeley&#39;s team night out tonight! :)]]></document>
		<document id="320562912425021441" url="https://twitter.com/Slniecko16/status/320562912425021441"><![CDATA[sad news RIP Michael! BBC News - Boxer Michael Norgrove dies days after ring collapse<a href="http://t.co/3PZOohc7JE" rel="nofollow" dir="ltr" data-expanded-url="http://bbc.in/10Fj59u" class="twitter-timeline-link u-hidden" target="_blank" title="http://bbc.in/10Fj59u" ><span class="tco-ellipsis"></span><span class="invisible">http://</span><span class="js-display-url">bbc.in/10Fj59u</span><span class="invisible"></span><span class="tco-ellipsis"><span class="invisible">&nbsp;</span></span></a>]]></document>
		<document id="320855113818312705" url="https://twitter.com/Slniecko16/status/320855113818312705"><![CDATA[first day after a looong time where I went for run in sunshine and did not return home with a frozen bum]]></document>
		<document id="321265602578743296" url="https://twitter.com/Slniecko16/status/321265602578743296"><![CDATA[Monday, work but no stress....hmm error??]]></document>
		<document id="321648233791229953" url="https://twitter.com/Slniecko16/status/321648233791229953"><![CDATA[<a href="/omphe" class="twitter-atreply pretty-link js-nav" dir="ltr" data-mentioned-user-id="14784397" ><s>@</s><b>omphe</b></a> lol that is my style! ;)]]></document>
		<document id="327457798415867904" url="https://twitter.com/Slniecko16/status/327457798415867904"><![CDATA[I am so excited about my trip to Stockholm in May and the Ice Hockey world championship finals I am gonna watch there live!!!]]></document>
		<document id="332866520659161089" url="https://twitter.com/Slniecko16/status/332866520659161089"><![CDATA[I&#39;m hiring! Front-End Developer at Mendeley - London, United Kingdom <a href="/hashtag/jobs?src=hash" data-query-source="hashtag_click" class="twitter-hashtag pretty-link js-nav" dir="ltr" ><s>#</s><b>jobs</b></a> <a href="http://t.co/J0y9TRDLU3" rel="nofollow" dir="ltr" data-expanded-url="http://lnkd.in/K3_kcb" class="twitter-timeline-link" target="_blank" title="http://lnkd.in/K3_kcb" ><span class="tco-ellipsis"></span><span class="invisible">http://</span><span class="js-display-url">lnkd.in/K3_kcb</span><span class="invisible"></span><span class="tco-ellipsis"><span class="invisible">&nbsp;</span></span></a>]]></document>
		<document id="333981745659650049" url="https://twitter.com/Slniecko16/status/333981745659650049"><![CDATA[Us, Mendeley girls are fundraising for charity &amp; could use your support. Every bit helps! <a href="/hashtag/justgiving?src=hash" data-query-source="hashtag_click" class="twitter-hashtag pretty-link js-nav" dir="ltr" ><s>#</s><b>justgiving</b></a><a href="http://t.co/6KVnE2NqiD" rel="nofollow" dir="ltr" data-expanded-url="http://www.raceforlifesponsorme.org/team-mendeley/eurl.axd/5ba3e7f6674dc74a9e1bb6e96f46fd69" class="twitter-timeline-link u-hidden" target="_blank" title="http://www.raceforlifesponsorme.org/team-mendeley/eurl.axd/5ba3e7f6674dc74a9e1bb6e96f46fd69" ><span class="tco-ellipsis"></span><span class="invisible">http://www.</span><span class="js-display-url">raceforlifesponsorme.org/team-mendeley/</span><span class="invisible">eurl.axd/5ba3e7f6674dc74a9e1bb6e96f46fd69</span><span class="tco-ellipsis"><span class="invisible">&nbsp;</span>…</span></a>]]></document>
		<document id="333985409505820672" url="https://twitter.com/Slniecko16/status/333985409505820672"><![CDATA[<a href="/subcide" class="twitter-atreply pretty-link js-nav" dir="ltr" data-mentioned-user-id="13502742" ><s>@</s><b>subcide</b></a> I agree, but for now you can come and cheer for us :)]]></document>
		<document id="352466449014591488" url="https://twitter.com/Slniecko16/status/352466449014591488"><![CDATA[<a href="/Maxitone" class="twitter-atreply pretty-link js-nav" dir="ltr" data-mentioned-user-id="3152711427" ><s>@</s><b>Maxitone</b></a> an hour and half of thai boxing and circuit to kill it!]]></document>
		<document id="354632158737989634" url="https://twitter.com/Slniecko16/status/354632158737989634"><![CDATA[Careers at Mendeley | Open positions | Mendeley <a href="http://t.co/DRHqSX8uOS" rel="nofollow" dir="ltr" data-expanded-url="http://www.mendeley.com/careers/london-data-analyst-eng/" class="twitter-timeline-link" target="_blank" title="http://www.mendeley.com/careers/london-data-analyst-eng/" ><span class="tco-ellipsis"></span><span class="invisible">http://www.</span><span class="js-display-url">mendeley.com/careers/london</span><span class="invisible">-data-analyst-eng/</span><span class="tco-ellipsis"><span class="invisible">&nbsp;</span>…</span></a>]]></document>
		<document id="358205763325411329" url="https://twitter.com/Slniecko16/status/358205763325411329"><![CDATA[life is good when it&#39;s Friday, sunny, and you have a bbq and cold beers planned by your company lol]]></document>
		<document id="359035495881256960" url="https://twitter.com/Slniecko16/status/359035495881256960"><![CDATA[my sunday baking ;)<a href="http://t.co/NhAVyVJUGr" class="twitter-timeline-link u-hidden" data-pre-embedded="true" dir="ltr" >pic.twitter.com/NhAVyVJUGr</a>]]></document>
		<document id="359044741633028096" url="https://twitter.com/Slniecko16/status/359044741633028096"><![CDATA[@bma redcurrant and jam and some almonds :)]]></document>
		<document id="359046025803087872" url="https://twitter.com/Slniecko16/status/359046025803087872"><![CDATA[@bma I&#39;m in Oxford :( but I promise I&#39;ll do on Wed or so :)]]></document>
		<document id="361194197333708802" url="https://twitter.com/Slniecko16/status/361194197333708802"><![CDATA[<a href="/turner_freddie" class="twitter-atreply pretty-link js-nav" dir="ltr" data-mentioned-user-id="727927303" ><s>@</s><b>turner_freddie</b></a> good luck tonight and enjoy it!!]]></document>
		<document id="361435408057376769" url="https://twitter.com/Slniecko16/status/361435408057376769"><![CDATA[one of my fastest 10km run wooohooo I just ran 10.0 km with Nike+. <a href="http://t.co/oWQMFmsIvI" rel="nofollow" dir="ltr" data-expanded-url="http://go.nike.com/031q2t5m" class="twitter-timeline-link" target="_blank" title="http://go.nike.com/031q2t5m" ><span class="tco-ellipsis"></span><span class="invisible">http://</span><span class="js-display-url">go.nike.com/031q2t5m</span><span class="invisible"></span><span class="tco-ellipsis"><span class="invisible">&nbsp;</span></span></a> <a href="/hashtag/nikeplus?src=hash" data-query-source="hashtag_click" class="twitter-hashtag pretty-link js-nav" dir="ltr" ><s>#</s><b>nikeplus</b></a>]]></document>
		<document id="361837468095483905" url="https://twitter.com/Slniecko16/status/361837468095483905"><![CDATA[<a href="/KoGymMuaythai" class="twitter-atreply pretty-link js-nav" dir="ltr" data-mentioned-user-id="325535220" ><s>@</s><b>KoGymMuaythai</b></a> the interclub was awesome!now I cannot wait till I get out of work and straight to the gym!]]></document>
		<document id="362091632595701760" url="https://twitter.com/Slniecko16/status/362091632595701760"><![CDATA[I just ran 6.01 km with Nike+. <a href="/hashtag/nikeplus?src=hash" data-query-source="hashtag_click" class="twitter-hashtag pretty-link js-nav" dir="ltr" ><s>#</s><b>nikeplus</b></a>]]></document>
		<document id="362135526481985537" url="https://twitter.com/Slniecko16/status/362135526481985537"><![CDATA[WBAN petitions International Olympic Committee on behalf of elite women boxers <a href="http://t.co/l5zvJ8y6Lq" rel="nofollow" dir="ltr" data-expanded-url="http://po.st/qjF8jz" class="twitter-timeline-link" target="_blank" title="http://po.st/qjF8jz" ><span class="tco-ellipsis"></span><span class="invisible">http://</span><span class="js-display-url">po.st/qjF8jz</span><span class="invisible"></span><span class="tco-ellipsis"><span class="invisible">&nbsp;</span></span></a> via <a href="/Po_st" class="twitter-atreply pretty-link js-nav" dir="ltr" data-mentioned-user-id="386270039" ><s>@</s><b>po_st</b></a>]]></document>
		<document id="362156473540812800" url="https://twitter.com/Slniecko16/status/362156473540812800"><![CDATA[Mendeley is hiring an Education Program Manager! <a href="http://t.co/hdImyAceNs" rel="nofollow" dir="ltr" data-expanded-url="http://lnkd.in/R7Knsa" class="twitter-timeline-link" target="_blank" title="http://lnkd.in/R7Knsa" ><span class="tco-ellipsis"></span><span class="invisible">http://</span><span class="js-display-url">lnkd.in/R7Knsa</span><span class="invisible"></span><span class="tco-ellipsis"><span class="invisible">&nbsp;</span></span></a>]]></document>
		<document id="362157062538530816" url="https://twitter.com/Slniecko16/status/362157062538530816"><![CDATA[Careers at Mendeley | Open positions | Mendeley <a href="http://t.co/SnvK7ioHdJ" rel="nofollow" dir="ltr" data-expanded-url="http://www.mendeley.com/careers/london-education-manager/" class="twitter-timeline-link" target="_blank" title="http://www.mendeley.com/careers/london-education-manager/" ><span class="tco-ellipsis"></span><span class="invisible">http://www.</span><span class="js-display-url">mendeley.com/careers/london</span><span class="invisible">-education-manager/</span><span class="tco-ellipsis"><span class="invisible">&nbsp;</span>…</span></a>]]></document>
		<document id="362157126015139842" url="https://twitter.com/Slniecko16/status/362157126015139842"><![CDATA[Careers at Mendeley | Open positions | Mendeley <a href="http://t.co/qu8ZoP5tNP" rel="nofollow" dir="ltr" data-expanded-url="http://www.mendeley.com/careers/london-web-developer/" class="twitter-timeline-link" target="_blank" title="http://www.mendeley.com/careers/london-web-developer/" ><span class="tco-ellipsis"></span><span class="invisible">http://www.</span><span class="js-display-url">mendeley.com/careers/london</span><span class="invisible">-web-developer/</span><span class="tco-ellipsis"><span class="invisible">&nbsp;</span>…</span></a>]]></document>
		<document id="362157178901118978" url="https://twitter.com/Slniecko16/status/362157178901118978"><![CDATA[Careers at Mendeley | Open positions | Mendeley <a href="http://t.co/zKTMwh8I24" rel="nofollow" dir="ltr" data-expanded-url="http://www.mendeley.com/careers/london-java-developer/" class="twitter-timeline-link" target="_blank" title="http://www.mendeley.com/careers/london-java-developer/" ><span class="tco-ellipsis"></span><span class="invisible">http://www.</span><span class="js-display-url">mendeley.com/careers/london</span><span class="invisible">-java-developer/</span><span class="tco-ellipsis"><span class="invisible">&nbsp;</span>…</span></a>]]></document>
		<document id="362157352805335040" url="https://twitter.com/Slniecko16/status/362157352805335040"><![CDATA[Are an experienced Java Developer? <a href="http://t.co/G7DqrzlHVh" rel="nofollow" dir="ltr" data-expanded-url="http://lnkd.in/ftFdsE" class="twitter-timeline-link" target="_blank" title="http://lnkd.in/ftFdsE" ><span class="tco-ellipsis"></span><span class="invisible">http://</span><span class="js-display-url">lnkd.in/ftFdsE</span><span class="invisible"></span><span class="tco-ellipsis"><span class="invisible">&nbsp;</span></span></a>]]></document>
		<document id="364044717757321216" url="https://twitter.com/Slniecko16/status/364044717757321216"><![CDATA[I just ran 0.10 km with Nike+. <a href="http://t.co/B9JCIPDvB3" rel="nofollow" dir="ltr" data-expanded-url="http://go.nike.com/05tr2s4s" class="twitter-timeline-link" target="_blank" title="http://go.nike.com/05tr2s4s" ><span class="tco-ellipsis"></span><span class="invisible">http://</span><span class="js-display-url">go.nike.com/05tr2s4s</span><span class="invisible"></span><span class="tco-ellipsis"><span class="invisible">&nbsp;</span></span></a> <a href="/hashtag/nikeplus?src=hash" data-query-source="hashtag_click" class="twitter-hashtag pretty-link js-nav" dir="ltr" ><s>#</s><b>nikeplus</b></a>]]></document>
		<document id="364044948574060544" url="https://twitter.com/Slniecko16/status/364044948574060544"><![CDATA[I just ran 0.02 km with Nike+. <a href="http://t.co/l7iTrZrLUI" rel="nofollow" dir="ltr" data-expanded-url="http://go.nike.com/56skivf" class="twitter-timeline-link" target="_blank" title="http://go.nike.com/56skivf" ><span class="tco-ellipsis"></span><span class="invisible">http://</span><span class="js-display-url">go.nike.com/56skivf</span><span class="invisible"></span><span class="tco-ellipsis"><span class="invisible">&nbsp;</span></span></a> <a href="/hashtag/nikeplus?src=hash" data-query-source="hashtag_click" class="twitter-hashtag pretty-link js-nav" dir="ltr" ><s>#</s><b>nikeplus</b></a>]]></document>
		<document id="364989875633651712" url="https://twitter.com/Slniecko16/status/364989875633651712"><![CDATA[I just ran 6.04 km with Nike+. <a href="http://t.co/zQUSPQ7Nlw" rel="nofollow" dir="ltr" data-expanded-url="http://go.nike.com/02ps4d7h" class="twitter-timeline-link" target="_blank" title="http://go.nike.com/02ps4d7h" ><span class="tco-ellipsis"></span><span class="invisible">http://</span><span class="js-display-url">go.nike.com/02ps4d7h</span><span class="invisible"></span><span class="tco-ellipsis"><span class="invisible">&nbsp;</span></span></a> <a href="/hashtag/nikeplus?src=hash" data-query-source="hashtag_click" class="twitter-hashtag pretty-link js-nav" dir="ltr" ><s>#</s><b>nikeplus</b></a>]]></document>
		<document id="365496070278627328" url="https://twitter.com/Slniecko16/status/365496070278627328"><![CDATA[hey we&#39;re looking for a DBA engineer! <a href="http://t.co/ID0ajHhoKM" rel="nofollow" dir="ltr" data-expanded-url="http://www.mendeley.com/careers/london-dba-engineer/" class="twitter-timeline-link" target="_blank" title="http://www.mendeley.com/careers/london-dba-engineer/" ><span class="tco-ellipsis"></span><span class="invisible">http://www.</span><span class="js-display-url">mendeley.com/careers/london</span><span class="invisible">-dba-engineer/</span><span class="tco-ellipsis"><span class="invisible">&nbsp;</span>…</span></a>]]></document>
		<document id="365496294086680577" url="https://twitter.com/Slniecko16/status/365496294086680577"><![CDATA[urgently looking for smart people! <a href="http://t.co/COXZ4oHD4x" rel="nofollow" dir="ltr" data-expanded-url="http://lnkd.in/RAcdj6" class="twitter-timeline-link" target="_blank" title="http://lnkd.in/RAcdj6" ><span class="tco-ellipsis"></span><span class="invisible">http://</span><span class="js-display-url">lnkd.in/RAcdj6</span><span class="invisible"></span><span class="tco-ellipsis"><span class="invisible">&nbsp;</span></span></a>]]></document>
		<document id="366483468055609345" url="https://twitter.com/Slniecko16/status/366483468055609345"><![CDATA[I just ran 6.19 km with Nike+. <a href="http://t.co/oyileTkaBo" rel="nofollow" dir="ltr" data-expanded-url="http://go.nike.com/7cpmcnl" class="twitter-timeline-link" target="_blank" title="http://go.nike.com/7cpmcnl" ><span class="tco-ellipsis"></span><span class="invisible">http://</span><span class="js-display-url">go.nike.com/7cpmcnl</span><span class="invisible"></span><span class="tco-ellipsis"><span class="invisible">&nbsp;</span></span></a> <a href="/hashtag/nikeplus?src=hash" data-query-source="hashtag_click" class="twitter-hashtag pretty-link js-nav" dir="ltr" ><s>#</s><b>nikeplus</b></a>]]></document>
		<document id="367204210309619712" url="https://twitter.com/Slniecko16/status/367204210309619712"><![CDATA[I just ran 11.0 km with Nike+. <a href="/hashtag/nikeplus?src=hash" data-query-source="hashtag_click" class="twitter-hashtag pretty-link js-nav" dir="ltr" ><s>#</s><b>nikeplus</b></a>]]></document>
		<document id="368046557561507840" url="https://twitter.com/Slniecko16/status/368046557561507840"><![CDATA[Job opportunity: Education Program Manager - Mendeley at Elsevier - London, United Kingdom <a href="/hashtag/jobs?src=hash" data-query-source="hashtag_click" class="twitter-hashtag pretty-link js-nav" dir="ltr" ><s>#</s><b>jobs</b></a> <a href="http://t.co/oANUXOHvB3" rel="nofollow" dir="ltr" data-expanded-url="http://lnkd.in/xzsFFj" class="twitter-timeline-link" target="_blank" title="http://lnkd.in/xzsFFj" ><span class="tco-ellipsis"></span><span class="invisible">http://</span><span class="js-display-url">lnkd.in/xzsFFj</span><span class="invisible"></span><span class="tco-ellipsis"><span class="invisible">&nbsp;</span></span></a>]]></document>
		<document id="369366189639598080" url="https://twitter.com/Slniecko16/status/369366189639598080"><![CDATA[I just ran 10.8 km with Nike+. <a href="http://t.co/k7QtYL8XXR" rel="nofollow" dir="ltr" data-expanded-url="http://go.nike.com/6u7r50r" class="twitter-timeline-link" target="_blank" title="http://go.nike.com/6u7r50r" ><span class="tco-ellipsis"></span><span class="invisible">http://</span><span class="js-display-url">go.nike.com/6u7r50r</span><span class="invisible"></span><span class="tco-ellipsis"><span class="invisible">&nbsp;</span></span></a> <a href="/hashtag/nikeplus?src=hash" data-query-source="hashtag_click" class="twitter-hashtag pretty-link js-nav" dir="ltr" ><s>#</s><b>nikeplus</b></a>]]></document>
		<document id="370868935333126144" url="https://twitter.com/Slniecko16/status/370868935333126144"><![CDATA[guys we&#39;re urgently looking for an amazing Front End Senior Developer, please inbox me <a href="http://t.co/mgQxwHFlR2" rel="nofollow" dir="ltr" data-expanded-url="http://lnkd.in/Sqcm59" class="twitter-timeline-link" target="_blank" title="http://lnkd.in/Sqcm59" ><span class="tco-ellipsis"></span><span class="invisible">http://</span><span class="js-display-url">lnkd.in/Sqcm59</span><span class="invisible"></span><span class="tco-ellipsis"><span class="invisible">&nbsp;</span></span></a>]]></document>
		<document id="370924153190096896" url="https://twitter.com/Slniecko16/status/370924153190096896"><![CDATA[I&#39;m officially 82% German, according to &quot;how German am I&quot; test from <a href="http://t.co/Ohl1wgmuvZ" rel="nofollow" dir="ltr" data-expanded-url="http://Hipstery.com" class="twitter-timeline-link" target="_blank" title="http://Hipstery.com" ><span class="tco-ellipsis"></span><span class="invisible">http://</span><span class="js-display-url">Hipstery.com</span><span class="invisible"></span><span class="tco-ellipsis"><span class="invisible">&nbsp;</span></span></a>. The average is just 65% - <a href="http://t.co/HnSubYdsQm" rel="nofollow" dir="ltr" data-expanded-url="http://www.thegermanquiz.com" class="twitter-timeline-link" target="_blank" title="http://www.thegermanquiz.com" ><span class="tco-ellipsis"></span><span class="invisible">http://www.</span><span class="js-display-url">thegermanquiz.com</span><span class="invisible"></span><span class="tco-ellipsis"><span class="invisible">&nbsp;</span></span></a>]]></document>
		<document id="372017853509406720" url="https://twitter.com/Slniecko16/status/372017853509406720"><![CDATA[I just ran 5.20 km with Nike+. <a href="http://t.co/wl2gXbwqJI" rel="nofollow" dir="ltr" data-expanded-url="http://go.nike.com/05semb1c" class="twitter-timeline-link" target="_blank" title="http://go.nike.com/05semb1c" ><span class="tco-ellipsis"></span><span class="invisible">http://</span><span class="js-display-url">go.nike.com/05semb1c</span><span class="invisible"></span><span class="tco-ellipsis"><span class="invisible">&nbsp;</span></span></a> <a href="/hashtag/nikeplus?src=hash" data-query-source="hashtag_click" class="twitter-hashtag pretty-link js-nav" dir="ltr" ><s>#</s><b>nikeplus</b></a>]]></document>
		<document id="377786585200463872" url="https://twitter.com/Slniecko16/status/377786585200463872"><![CDATA[We&#39;re looking for a MySQL DBA and Operations Engineer! Please apply to jobs@mendeley.com <a href="http://t.co/BJttVztDJu" rel="nofollow" dir="ltr" data-expanded-url="http://lnkd.in/RAcdj6" class="twitter-timeline-link" target="_blank" title="http://lnkd.in/RAcdj6" ><span class="tco-ellipsis"></span><span class="invisible">http://</span><span class="js-display-url">lnkd.in/RAcdj6</span><span class="invisible"></span><span class="tco-ellipsis"><span class="invisible">&nbsp;</span></span></a>]]></document>
		<document id="378258520615165952" url="https://twitter.com/Slniecko16/status/378258520615165952"><![CDATA[time for some pull ups before bed.. <a href="http://t.co/AwwWokrot6" rel="nofollow" dir="ltr" data-expanded-url="http://instagram.com/p/eLJ4HqsPwv/" class="twitter-timeline-link" target="_blank" title="http://instagram.com/p/eLJ4HqsPwv/" ><span class="tco-ellipsis"></span><span class="invisible">http://</span><span class="js-display-url">instagram.com/p/eLJ4HqsPwv/</span><span class="invisible"></span><span class="tco-ellipsis"><span class="invisible">&nbsp;</span></span></a>]]></document>
		<document id="379846460873142272" url="https://twitter.com/Slniecko16/status/379846460873142272"><![CDATA[I just ran 6.24 km with Nike+. <a href="http://t.co/fSte62xq1L" rel="nofollow" dir="ltr" data-expanded-url="http://go.nike.com/a0eisnt" class="twitter-timeline-link" target="_blank" title="http://go.nike.com/a0eisnt" ><span class="tco-ellipsis"></span><span class="invisible">http://</span><span class="js-display-url">go.nike.com/a0eisnt</span><span class="invisible"></span><span class="tco-ellipsis"><span class="invisible">&nbsp;</span></span></a> <a href="/hashtag/nikeplus?src=hash" data-query-source="hashtag_click" class="twitter-hashtag pretty-link js-nav" dir="ltr" ><s>#</s><b>nikeplus</b></a>]]></document>
		<document id="379920158690512896" url="https://twitter.com/Slniecko16/status/379920158690512896"><![CDATA[We are urgently looking for a Senior Java Developer - please inbox me 
<a href="http://t.co/G7DqrzlHVh" rel="nofollow" dir="ltr" data-expanded-url="http://lnkd.in/ftFdsE" class="twitter-timeline-link" target="_blank" title="http://lnkd.in/ftFdsE" ><span class="tco-ellipsis"></span><span class="invisible">http://</span><span class="js-display-url">lnkd.in/ftFdsE</span><span class="invisible"></span><span class="tco-ellipsis"><span class="invisible">&nbsp;</span></span></a>]]></document>
		<document id="380267154102161408" url="https://twitter.com/Slniecko16/status/380267154102161408"><![CDATA[The 27 worst people on the Tube via <a href="/ThrillistLondon" class="twitter-atreply pretty-link js-nav" dir="ltr" data-mentioned-user-id="86411990" ><s>@</s><b>ThrillistLondon</b></a><a href="http://t.co/d5qnU8n7yh" rel="nofollow" dir="ltr" data-expanded-url="http://thrl.st/16CtE2m" class="twitter-timeline-link u-hidden" target="_blank" title="http://thrl.st/16CtE2m" ><span class="tco-ellipsis"></span><span class="invisible">http://</span><span class="js-display-url">thrl.st/16CtE2m</span><span class="invisible"></span><span class="tco-ellipsis"><span class="invisible">&nbsp;</span></span></a>]]></document>
		<document id="386895672198574081" url="https://twitter.com/Slniecko16/status/386895672198574081"><![CDATA[I just ran 7.46 km with Nike+. <a href="/hashtag/nikeplus?src=hash" data-query-source="hashtag_click" class="twitter-hashtag pretty-link js-nav" dir="ltr" ><s>#</s><b>nikeplus</b></a>]]></document>
		<document id="390783902375108610" url="https://twitter.com/Slniecko16/status/390783902375108610"><![CDATA[We need a Community Relations Intern, please send your CV to jobs@mendeley.com!]]></document>
		<document id="392768795040698368" url="https://twitter.com/Slniecko16/status/392768795040698368"><![CDATA[<a href="/omphe" class="twitter-atreply pretty-link js-nav" dir="ltr" data-mentioned-user-id="14784397" ><s>@</s><b>omphe</b></a> don&#39;t call me old lol :)]]></document>
		<document id="392791577019432960" url="https://twitter.com/Slniecko16/status/392791577019432960"><![CDATA[<a href="/omphe" class="twitter-atreply pretty-link js-nav" dir="ltr" data-mentioned-user-id="14784397" ><s>@</s><b>omphe</b></a> you&#39;re funny, good to see you being happy :)]]></document>
		<document id="402418644384092160" url="https://twitter.com/Slniecko16/status/402418644384092160"><![CDATA[<a href="/aglet" class="twitter-atreply pretty-link js-nav" dir="ltr" data-mentioned-user-id="14824562" ><s>@</s><b>aglet</b></a> <a href="/BryonyEvens" class="twitter-atreply pretty-link js-nav" dir="ltr" data-mentioned-user-id="23970361" ><s>@</s><b>BryonyEvens</b></a> <a href="/philipnrmn" class="twitter-atreply pretty-link js-nav" dir="ltr" data-mentioned-user-id="48514987" ><s>@</s><b>philipnrmn</b></a> <a href="/citycyclists" class="twitter-atreply pretty-link js-nav" dir="ltr" data-mentioned-user-id="204261242" ><s>@</s><b>citycyclists</b></a> they should be also stopping lorry drivers to watch out and not to bother cyclists!]]></document>
		<document id="403823308648763392" url="https://twitter.com/Slniecko16/status/403823308648763392"><![CDATA[I just ran 6.86 km with Nike+. <a href="http://t.co/MFpWYYVqmj" rel="nofollow" dir="ltr" data-expanded-url="http://go.nike.com/5sfep98" class="twitter-timeline-link" target="_blank" title="http://go.nike.com/5sfep98" ><span class="tco-ellipsis"></span><span class="invisible">http://</span><span class="js-display-url">go.nike.com/5sfep98</span><span class="invisible"></span><span class="tco-ellipsis"><span class="invisible">&nbsp;</span></span></a> <a href="/hashtag/nikeplus?src=hash" data-query-source="hashtag_click" class="twitter-hashtag pretty-link js-nav" dir="ltr" ><s>#</s><b>nikeplus</b></a>]]></document>
		<document id="55297137252114432" url="https://twitter.com/Slniecko16/status/55297137252114432"><![CDATA[http://www.mendeley.com/blog/jobs/#web-data-scientist]]></document>
		<document id="63163725925986304" url="https://twitter.com/Slniecko16/status/63163725925986304"><![CDATA[BBC News - UK economy grows by 0.5% in first quarter of 2011 - http://bbc.in/hLo2EI]]></document>
		<document id="63167260524679168" url="https://twitter.com/Slniecko16/status/63167260524679168"><![CDATA[<a href="/JeanetteJenkins" class="twitter-atreply pretty-link js-nav" dir="ltr" data-mentioned-user-id="54021284" ><s>@</s><b>JeanetteJenkins</b></a> I find this pretty hard, as I finish work quite late then I run to gym for 2 hours, I am at home by 9.30pm-but hungry :(]]></document>
		<document id="63168893228814336" url="https://twitter.com/Slniecko16/status/63168893228814336"><![CDATA[swimming in the mornings 5 times a week http://effectivewaterfitness.com/benefits-of-swimming-healthy-body-mind-part-1/]]></document>
		<document id="63527355674660864" url="https://twitter.com/Slniecko16/status/63527355674660864"><![CDATA[3 Steps To Managing Workplace Conflict With Emotional Intelligence  <a href="/OPENForum" class="twitter-atreply pretty-link js-nav" dir="ltr" data-mentioned-user-id="4048344851" ><s>@</s><b>OPENForum</b></a>: http://bit.ly/dPv4V7]]></document>
		<document id="63645132729233408" url="https://twitter.com/Slniecko16/status/63645132729233408"><![CDATA[<a href="/ZESTmagazine" class="twitter-atreply pretty-link js-nav" dir="ltr" data-mentioned-user-id="2484702122" ><s>@</s><b>ZESTmagazine</b></a> watching Ice Hockey championship! and swimming in the meantime :-)]]></document>
		<document id="64248395090493440" url="https://twitter.com/Slniecko16/status/64248395090493440"><![CDATA[http://www.iihf.com/home-of-hockey/championships/world-championships.html]]></document>
		<document id="66141448105508865" url="https://twitter.com/Slniecko16/status/66141448105508865"><![CDATA[I&#39;m recruiting for: PHP/MYSQL Developer http://goo.gl/r8hXV on reed.co.uk]]></document>
		<document id="66252138136870912" url="https://twitter.com/Slniecko16/status/66252138136870912"><![CDATA[I don&#39;t know any better relax than a bloody hard workout in the gym with a great instructor!]]></document>
		<document id="66540936326430720" url="https://twitter.com/Slniecko16/status/66540936326430720"><![CDATA[<a href="/JeanetteJenkins" class="twitter-atreply pretty-link js-nav" dir="ltr" data-mentioned-user-id="54021284" ><s>@</s><b>JeanetteJenkins</b></a> <a href="/EmmaDegroote" class="twitter-atreply pretty-link js-nav" dir="ltr" data-mentioned-user-id="267909183" ><s>@</s><b>EmmaDegroote</b></a> <a href="/JeanetteJenkins" class="twitter-atreply pretty-link js-nav" dir="ltr" data-mentioned-user-id="54021284" ><s>@</s><b>jeanettejenkins</b></a> watch ice hockey championship!!]]></document>
		<document id="66541389562904576" url="https://twitter.com/Slniecko16/status/66541389562904576"><![CDATA[<a href="/JeanetteJenkins" class="twitter-atreply pretty-link js-nav" dir="ltr" data-mentioned-user-id="54021284" ><s>@</s><b>JeanetteJenkins</b></a> Friday workout: 30 minutes of swim in the morning and then off to gym in the afternoon: 30 minutes cardio and balance plate]]></document>
		<document id="67160768617000960" url="https://twitter.com/Slniecko16/status/67160768617000960"><![CDATA[36 lenghts x 33metres of swimming! I am sooo proud :-)]]></document>
		<document id="68683794936373248" url="https://twitter.com/Slniecko16/status/68683794936373248"><![CDATA[after successful 6 months trial period I&#39;ve become a full time Mendeleyan!]]></document>
		<document id="71246564395450368" url="https://twitter.com/Slniecko16/status/71246564395450368"><![CDATA[I&#39;ll better have short but happy life than live long and be depressed! http://uk.health.lifestyle.yahoo.net/sad-people-live-longer.htm]]></document>
		<document id="72942412846211072" url="https://twitter.com/Slniecko16/status/72942412846211072"><![CDATA[Check out &quot;<a href="/Hack4Knowledge" class="twitter-atreply pretty-link js-nav" dir="ltr" data-mentioned-user-id="302231349" ><s>@</s><b>hack4knowledge</b></a> | <a href="/hashtag/h4k?src=hash" data-query-source="hashtag_click" class="twitter-hashtag pretty-link js-nav" dir="ltr" ><s>#</s><b>h4k</b></a> &quot; <a href="http://t.co/lRaSFJa" rel="nofollow" dir="ltr" data-expanded-url="http://hack4knowledge-estw.eventbrite.com" class="twitter-timeline-link" target="_blank" title="http://hack4knowledge-estw.eventbrite.com" ><span class="tco-ellipsis"></span><span class="invisible">http://</span><span class="js-display-url">hack4knowledge-estw.eventbrite.com</span><span class="invisible"></span><span class="tco-ellipsis"><span class="invisible">&nbsp;</span></span></a> via <a href="/eventbrite" class="twitter-atreply pretty-link js-nav" dir="ltr" data-mentioned-user-id="5625972" ><s>@</s><b>eventbrite</b></a>]]></document>
		<document id="73410881471528961" url="https://twitter.com/Slniecko16/status/73410881471528961"><![CDATA[<a href="/phpeach" class="twitter-atreply pretty-link js-nav" dir="ltr" data-mentioned-user-id="107289311" ><s>@</s><b>phpeach</b></a> fully understand!!]]></document>
		<document id="73439102179082240" url="https://twitter.com/Slniecko16/status/73439102179082240"><![CDATA[<a href="/JeanetteJenkins" class="twitter-atreply pretty-link js-nav" dir="ltr" data-mentioned-user-id="54021284" ><s>@</s><b>JeanetteJenkins</b></a> bike-gym-bike, and it&#39;s a women only session yayy]]></document>
		<document id="76333365753675776" url="https://twitter.com/Slniecko16/status/76333365753675776"><![CDATA[<a href="/JeanetteJenkins" class="twitter-atreply pretty-link js-nav" dir="ltr" data-mentioned-user-id="54021284" ><s>@</s><b>JeanetteJenkins</b></a> I did 1650 metres in swimming this morning :-)]]></document>
		<document id="76640364383047680" url="https://twitter.com/Slniecko16/status/76640364383047680"><![CDATA[going to Koko soooooooon http://www.youtube.com/watch?v=nSaUetWOtTQ&amp;feature=related]]></document>
		<document id="82933078972043264" url="https://twitter.com/Slniecko16/status/82933078972043264"><![CDATA[200 crunches off u go!!!]]></document>
		<document id="83912411681275904" url="https://twitter.com/Slniecko16/status/83912411681275904"><![CDATA[<a href="http://t.co/RFJ8f7y" rel="nofollow" dir="ltr" data-expanded-url="http://www.sabotagetimes.com/life/youre-not-my-friends-i-just-work-here/" class="twitter-timeline-link u-hidden" target="_blank" title="http://www.sabotagetimes.com/life/youre-not-my-friends-i-just-work-here/" ><span class="tco-ellipsis"></span><span class="invisible">http://www.</span><span class="js-display-url">sabotagetimes.com/life/youre-not</span><span class="invisible">-my-friends-i-just-work-here/</span><span class="tco-ellipsis"><span class="invisible">&nbsp;</span>…</span></a>]]></document>
		<document id="83913497842434049" url="https://twitter.com/Slniecko16/status/83913497842434049"><![CDATA[<a href="/phpeach" class="twitter-atreply pretty-link js-nav" dir="ltr" data-mentioned-user-id="107289311" ><s>@</s><b>phpeach</b></a> hehe not at all someone just tweeted that and I found it funny :-)]]></document>
		<document id="83913735365861376" url="https://twitter.com/Slniecko16/status/83913735365861376"><![CDATA[<a href="/phpeach" class="twitter-atreply pretty-link js-nav" dir="ltr" data-mentioned-user-id="107289311" ><s>@</s><b>phpeach</b></a> but yeah this is how it works in non start-ups :-)]]></document>
		<document id="84196960139083776" url="https://twitter.com/Slniecko16/status/84196960139083776"><![CDATA[<a href="/AndrewOfficer" class="twitter-atreply pretty-link js-nav" dir="ltr" data-mentioned-user-id="39525619" ><s>@</s><b>AndrewOfficer</b></a> ehehehe]]></document>
		<document id="84198583443791872" url="https://twitter.com/Slniecko16/status/84198583443791872"><![CDATA[<a href="/RidingHouseCafe" class="twitter-atreply pretty-link js-nav" dir="ltr" data-mentioned-user-id="123534061" ><s>@</s><b>RidingHouseCafe</b></a> fantastic food, delicious coctails and awesome staff!! well done guys]]></document>
		<document id="85673392111501313" url="https://twitter.com/Slniecko16/status/85673392111501313"><![CDATA[<a href="/ZESTmagazine" class="twitter-atreply pretty-link js-nav" dir="ltr" data-mentioned-user-id="2484702122" ><s>@</s><b>ZESTmagazine</b></a> yep spent 2 hours in the gym- and left it pretty smelly, wet but happy! :-)]]></document>
		<document id="85823342325665793" url="https://twitter.com/Slniecko16/status/85823342325665793"><![CDATA[<a href="/subcide" class="twitter-atreply pretty-link js-nav" dir="ltr" data-mentioned-user-id="13502742" ><s>@</s><b>subcide</b></a> Mendeley is lucky to have such a great team!! hug xxx]]></document>
		<document id="85823867645460480" url="https://twitter.com/Slniecko16/status/85823867645460480"><![CDATA[<a href="/subcide" class="twitter-atreply pretty-link js-nav" dir="ltr" data-mentioned-user-id="13502742" ><s>@</s><b>subcide</b></a> no doubt!! :-)]]></document>
		<document id="86365163380416514" url="https://twitter.com/Slniecko16/status/86365163380416514"><![CDATA[@bma ooh disgusting I think I am gonna skip my lunch today :-(((]]></document>
		<document id="88990481815580672" url="https://twitter.com/Slniecko16/status/88990481815580672"><![CDATA[<a href="/thegunmakers" class="twitter-atreply pretty-link js-nav" dir="ltr" data-mentioned-user-id="2815495703" ><s>@</s><b>thegunmakers</b></a> easy solutions get the idiot off the bike and punch him! that&#39;s how it stops. Btw I am a cyclist too but a good one :-)]]></document>
		<document id="89285074645815296" url="https://twitter.com/Slniecko16/status/89285074645815296"><![CDATA[fantastic!!<a href="http://t.co/o6TCxRD" rel="nofollow" dir="ltr" data-expanded-url="http://www.telegraph.co.uk/foodanddrink/restaurants/8607969/Riding-House-Cafe-London-W1-restaurant-review.html" class="twitter-timeline-link u-hidden" target="_blank" title="http://www.telegraph.co.uk/foodanddrink/restaurants/8607969/Riding-House-Cafe-London-W1-restaurant-review.html" ><span class="tco-ellipsis"></span><span class="invisible">http://www.</span><span class="js-display-url">telegraph.co.uk/foodanddrink/r</span><span class="invisible">estaurants/8607969/Riding-House-Cafe-London-W1-restaurant-review.html</span><span class="tco-ellipsis"><span class="invisible">&nbsp;</span>…</span></a>]]></document>
		<document id="94049892862918657" url="https://twitter.com/Slniecko16/status/94049892862918657"><![CDATA[<a href="/ZESTmagazine" class="twitter-atreply pretty-link js-nav" dir="ltr" data-mentioned-user-id="2484702122" ><s>@</s><b>ZESTmagazine</b></a> Jamaica- beautiful country, extremely nice and friendly people, lots of to do (swimming, kayaking,) and great food]]></document>
		<document id="94078281942437889" url="https://twitter.com/Slniecko16/status/94078281942437889"><![CDATA[<a href="/Arbuturian" class="twitter-atreply pretty-link js-nav" dir="ltr" data-mentioned-user-id="83644247" ><s>@</s><b>Arbuturian</b></a> hmmm gingerbread yummyyyyy]]></document>
		<document id="94093728431620096" url="https://twitter.com/Slniecko16/status/94093728431620096"><![CDATA[<a href="/rvidal" class="twitter-atreply pretty-link js-nav" dir="ltr" data-mentioned-user-id="725323" ><s>@</s><b>rvidal</b></a> it&#39;s not fair we are freezing over here! and it&#39;s raining :(]]></document>
		<document id="95510988358553600" url="https://twitter.com/Slniecko16/status/95510988358553600"><![CDATA[yupiiiiii<a href="http://t.co/d94bcmP" rel="nofollow" dir="ltr" data-expanded-url="http://vimeo.com/26866765" class="twitter-timeline-link u-hidden" target="_blank" title="http://vimeo.com/26866765" ><span class="tco-ellipsis"></span><span class="invisible">http://</span><span class="js-display-url">vimeo.com/26866765</span><span class="invisible"></span><span class="tco-ellipsis"><span class="invisible">&nbsp;</span></span></a>]]></document>
		<document id="96222905398075392" url="https://twitter.com/Slniecko16/status/96222905398075392"><![CDATA[<a href="/JeanetteJenkins" class="twitter-atreply pretty-link js-nav" dir="ltr" data-mentioned-user-id="54021284" ><s>@</s><b>JeanetteJenkins</b></a> that is why I do 45 minutes of swimming 5 times a week, it&#39;s awesome, releases stress :-)]]></document>
		<document id="96250983486734338" url="https://twitter.com/Slniecko16/status/96250983486734338"><![CDATA[<a href="/julietrowley" class="twitter-atreply pretty-link js-nav" dir="ltr" data-mentioned-user-id="12088822" ><s>@</s><b>julietrowley</b></a> a glass of wine is the best antibiotics! has your gp forgotten to tell you??]]></document>
		<document id="96910762651566081" url="https://twitter.com/Slniecko16/status/96910762651566081"><![CDATA[craving for a nice cider already!!]]></document>
		<document id="96956855556898816" url="https://twitter.com/Slniecko16/status/96956855556898816"><![CDATA[<a href="/ZESTmagazine" class="twitter-atreply pretty-link js-nav" dir="ltr" data-mentioned-user-id="2484702122" ><s>@</s><b>ZESTmagazine</b></a> Folkestone! amazing little quit town and enjoying drinks on the beach!]]></document>
		<document id="98066122804432897" url="https://twitter.com/Slniecko16/status/98066122804432897"><![CDATA[one hour left and off to pack for holidays :-) Teneriff I am coming!!]]></document>
	</documents>
</author>