<?xml version="1.0" encoding="UTF-8" standalone="no"?><author age_group="xx" gender="xx" lang="EN" type="twitter" url="https://twitter.com/reygarrido">
	<documents count="110">
		<document id="375634378782547969" url="https://twitter.com/reygarrido/status/375634378782547969"><![CDATA[Businessweek: &quot;Camera, phone, music... There&#39;s one thing that the Gear doesn’t seem to have: a purpose <a href="http://t.co/2hwGXdQUaO" rel="nofollow" dir="ltr" data-expanded-url="http://www.businessweek.com/articles/2013-09-04/samsung-gear-a-smartwatch-in-search-of-a-purpose" class="twitter-timeline-link" target="_blank" title="http://www.businessweek.com/articles/2013-09-04/samsung-gear-a-smartwatch-in-search-of-a-purpose" ><span class="tco-ellipsis"></span><span class="invisible">http://www.</span><span class="js-display-url">businessweek.com/articles/2013-</span><span class="invisible">09-04/samsung-gear-a-smartwatch-in-search-of-a-purpose</span><span class="tco-ellipsis"><span class="invisible">&nbsp;</span>…</span></a>&quot;]]></document>
		<document id="375912893004255232" url="https://twitter.com/reygarrido/status/375912893004255232"><![CDATA[For if you haven&#39;t see the wheel of press of Ana Botella. Mother-of-God. El vergüenzómetro ajeno ha estallado. <a href="http://t.co/uK3KOaozsL" rel="nofollow" dir="ltr" data-expanded-url="http://youtu.be/9lwx57tK0jg" class="twitter-timeline-link" target="_blank" title="http://youtu.be/9lwx57tK0jg" ><span class="tco-ellipsis"></span><span class="invisible">http://</span><span class="js-display-url">youtu.be/9lwx57tK0jg</span><span class="invisible"></span><span class="tco-ellipsis"><span class="invisible">&nbsp;</span></span></a>]]></document>
		<document id="375914707602776064" url="https://twitter.com/reygarrido/status/375914707602776064"><![CDATA[<a href="/iescolar" class="twitter-atreply pretty-link js-nav" dir="ltr" data-mentioned-user-id="14436317" ><s>@</s><b>iescolar</b></a> From lost to the river...]]></document>
		<document id="375968559329202176" url="https://twitter.com/reygarrido/status/375968559329202176"><![CDATA[<a href="/JaimeEstrada15" class="twitter-atreply pretty-link js-nav" dir="ltr" data-mentioned-user-id="403606210" ><s>@</s><b>JaimeEstrada15</b></a> I see you haven&#39;t noticed that everything is translated literally. Kind of a parody. (Except he &quot;see&quot;, that&#39;s a typo).]]></document>
		<document id="378588222827544576" url="https://twitter.com/reygarrido/status/378588222827544576"><![CDATA[<a href="/martinvars" class="twitter-atreply pretty-link js-nav" dir="ltr" data-mentioned-user-id="781293" ><s>@</s><b>martinvars</b></a> It&#39;s my last year studying engineering and I&#39;ve also started today a degree in business. Reading this have made me happy! :-P]]></document>
		<document id="380426495392350208" url="https://twitter.com/reygarrido/status/380426495392350208"><![CDATA[«Life is tough, but it&#39;s tougher if you&#39;re stupid» - John Wayne.]]></document>
		<document id="381815193640005632" url="https://twitter.com/reygarrido/status/381815193640005632"><![CDATA[Shut up and take my money <a href="http://t.co/pIdDsGHOwn" rel="nofollow" dir="ltr" data-expanded-url="http://www.autoscout24.es/Details.aspx?id=221953321&amp;asrc=st|sr" class="twitter-timeline-link" target="_blank" title="http://www.autoscout24.es/Details.aspx?id=221953321&amp;asrc=st|sr" ><span class="tco-ellipsis"></span><span class="invisible">http://www.</span><span class="js-display-url">autoscout24.es/Details.aspx?i</span><span class="invisible">d=221953321&amp;asrc=st|sr</span><span class="tco-ellipsis"><span class="invisible">&nbsp;</span>…</span></a>]]></document>
		<document id="385869206723756032" url="https://twitter.com/reygarrido/status/385869206723756032"><![CDATA[«There is only one boss: the customer. And he can fire everybody simply by spending his money somewhere else.»
—Sam Walton, fdr. of Walmart.]]></document>
		<document id="386976735859724288" url="https://twitter.com/reygarrido/status/386976735859724288"><![CDATA[«The secret of life is honesty and fair dealing. If you can fake that, you&#39;ve got it made.»

- Groucho Marx.]]></document>
		<document id="388200441814581248" url="https://twitter.com/reygarrido/status/388200441814581248"><![CDATA[Contacto: Porsche 911 reimagined by Singer <a href="http://t.co/7fIzKYLrvv" rel="nofollow" dir="ltr" data-expanded-url="http://es.autoblog.com/2013/10/08/contacto-porsche-911-reimagined-by-singer" class="twitter-timeline-link" target="_blank" title="http://es.autoblog.com/2013/10/08/contacto-porsche-911-reimagined-by-singer" ><span class="tco-ellipsis"></span><span class="invisible">http://</span><span class="js-display-url">es.autoblog.com/2013/10/08/con</span><span class="invisible">tacto-porsche-911-reimagined-by-singer</span><span class="tco-ellipsis"><span class="invisible">&nbsp;</span>…</span></a> Espectacular...]]></document>
		<document id="392037867175686145" url="https://twitter.com/reygarrido/status/392037867175686145"><![CDATA[What&#39;s the purpose of Stonehenge? A giant granite birthdaycake or a prison far to easy to escape? <a href="http://t.co/VdXzvIEEKc" rel="nofollow" dir="ltr" data-expanded-url="http://youtu.be/mbyzgeee2mg" class="twitter-timeline-link" target="_blank" title="http://youtu.be/mbyzgeee2mg" ><span class="tco-ellipsis"></span><span class="invisible">http://</span><span class="js-display-url">youtu.be/mbyzgeee2mg</span><span class="invisible"></span><span class="tco-ellipsis"><span class="invisible">&nbsp;</span></span></a> :-P]]></document>
		<document id="394421128069795841" url="https://twitter.com/reygarrido/status/394421128069795841"><![CDATA[Enhorabuena, Newey (-;]]></document>
		<document id="395990186074456064" url="https://twitter.com/reygarrido/status/395990186074456064"><![CDATA[<a href="/kikollan" class="twitter-atreply pretty-link js-nav" dir="ltr" data-mentioned-user-id="10361342" ><s>@</s><b>kikollan</b></a> &quot;Why 3D Printing Is Overhyped (I Should Know, I Do It For a Living) <a href="http://t.co/3L30cN7QuL" rel="nofollow" dir="ltr" data-expanded-url="http://gizmodo.com/why-3d-printing-is-overhyped-i-should-know-i-do-it-fo-508176750" class="twitter-timeline-link" target="_blank" title="http://gizmodo.com/why-3d-printing-is-overhyped-i-should-know-i-do-it-fo-508176750" ><span class="tco-ellipsis"></span><span class="invisible">http://</span><span class="js-display-url">gizmodo.com/why-3d-printin</span><span class="invisible">g-is-overhyped-i-should-know-i-do-it-fo-508176750</span><span class="tco-ellipsis"><span class="invisible">&nbsp;</span>…</span></a>&quot;.]]></document>
		<document id="397475031468736512" url="https://twitter.com/reygarrido/status/397475031468736512"><![CDATA[The unsmokability of solid mechanics.]]></document>
		<document id="399265682249900032" url="https://twitter.com/reygarrido/status/399265682249900032"><![CDATA[Perdón, no es Amy Hilton, es Amy Hamilton, y tiene Twitter: <a href="/AmyMHamilton" class="twitter-atreply pretty-link js-nav" dir="ltr" data-mentioned-user-id="288765355" ><s>@</s><b>AmyMHamilton</b></a> (Your paintings are awesome!)]]></document>
		<document id="403222953548320768" url="https://twitter.com/reygarrido/status/403222953548320768"><![CDATA[<a href="/Sheimota" class="twitter-atreply pretty-link js-nav" dir="ltr" data-mentioned-user-id="348162630" ><s>@</s><b>Sheimota</b></a> En efecto :-)]]></document>
		<document id="403826983840120833" url="https://twitter.com/reygarrido/status/403826983840120833"><![CDATA[It&#39;s beginning to look a lot like Christmas
ev&#39;rywhere you go.]]></document>
		<document id="405081479392161792" url="https://twitter.com/reygarrido/status/405081479392161792"><![CDATA[That&#39;s all folks!<a href="http://t.co/ivHVBXEXY7" class="twitter-timeline-link u-hidden" data-pre-embedded="true" dir="ltr" >pic.twitter.com/ivHVBXEXY7</a>]]></document>
		<document id="406761810813927424" url="https://twitter.com/reygarrido/status/406761810813927424"><![CDATA[¡Flipante!: &quot;MIT Invents A Shapeshifting Display You Can Reach Through And Touch <a href="http://t.co/kRkZMWL7TX" rel="nofollow" dir="ltr" data-expanded-url="http://www.fastcodesign.com/3021522/innovation-by-design/mit-invents-a-shapeshifting-display-you-can-reach-through-and-touch" class="twitter-timeline-link" target="_blank" title="http://www.fastcodesign.com/3021522/innovation-by-design/mit-invents-a-shapeshifting-display-you-can-reach-through-and-touch" ><span class="tco-ellipsis"></span><span class="invisible">http://www.</span><span class="js-display-url">fastcodesign.com/3021522/innova</span><span class="invisible">tion-by-design/mit-invents-a-shapeshifting-display-you-can-reach-through-and-touch</span><span class="tco-ellipsis"><span class="invisible">&nbsp;</span>…</span></a>&quot; Vídeo:<a href="http://t.co/UERgRh2eIH" rel="nofollow" dir="ltr" data-expanded-url="http://vimeo.com/79179138" class="twitter-timeline-link u-hidden" target="_blank" title="http://vimeo.com/79179138" ><span class="tco-ellipsis"></span><span class="invisible">http://</span><span class="js-display-url">vimeo.com/79179138</span><span class="invisible"></span><span class="tco-ellipsis"><span class="invisible">&nbsp;</span></span></a>]]></document>
		<document id="406795885616455680" url="https://twitter.com/reygarrido/status/406795885616455680"><![CDATA[Microsoft is sexy, isn&#39;t it <a href="/BillGates" class="twitter-atreply pretty-link js-nav" dir="ltr" data-mentioned-user-id="50393960" ><s>@</s><b>BillGates</b></a>? (-;<a href="http://t.co/r5GCIYYCjo" class="twitter-timeline-link u-hidden" data-pre-embedded="true" dir="ltr" >pic.twitter.com/r5GCIYYCjo</a>]]></document>
		<document id="408968088332550144" url="https://twitter.com/reygarrido/status/408968088332550144"><![CDATA[<a href="/DaniEPAP" class="twitter-atreply pretty-link js-nav" dir="ltr" data-mentioned-user-id="146905516" ><s>@</s><b>DaniEPAP</b></a> <a href="/Uhandrea" class="twitter-atreply pretty-link js-nav" dir="ltr" data-mentioned-user-id="110957072" ><s>@</s><b>Uhandrea</b></a> <a href="/ScientiaJMLN" class="twitter-atreply pretty-link js-nav" dir="ltr" data-mentioned-user-id="292857303" ><s>@</s><b>ScientiaJMLN</b></a> <a href="/Pr3cog" class="twitter-atreply pretty-link js-nav" dir="ltr" data-mentioned-user-id="1140537680" ><s>@</s><b>Pr3cog</b></a> A fregar :-P<a href="http://t.co/Dtfdz9RPs6" class="twitter-timeline-link u-hidden" data-pre-embedded="true" dir="ltr" >pic.twitter.com/Dtfdz9RPs6</a>]]></document>
		<document id="409261971486543872" url="https://twitter.com/reygarrido/status/409261971486543872"><![CDATA[Anoche vi The Great Gatsby. El veredicto: <img class="Emoji Emoji--forText" src="https://abs.twimg.com/emoji/v2/72x72/1f44c.png" draggable="false" alt="]]>👌<![CDATA[" title="Ok hand sign" aria-label="Emoji: Ok hand sign">]]></document>
		<document id="414889288950493184" url="https://twitter.com/reygarrido/status/414889288950493184"><![CDATA[&quot;Energy myths and realities: Bringing science to the energy policy debate&quot; <a href="http://t.co/2xc2hKjnlr" rel="nofollow" dir="ltr" data-expanded-url="http://www.amazon.com/Energy-Myths-Realities-Bringing-Science/dp/0844743283/ref=sr_1_1?s=books&amp;ie=UTF8&amp;qid=1387752220&amp;sr=1-1&amp;keywords=energy+myths+and+realities" class="twitter-timeline-link" target="_blank" title="http://www.amazon.com/Energy-Myths-Realities-Bringing-Science/dp/0844743283/ref=sr_1_1?s=books&amp;ie=UTF8&amp;qid=1387752220&amp;sr=1-1&amp;keywords=energy+myths+and+realities" ><span class="tco-ellipsis"></span><span class="invisible">http://www.</span><span class="js-display-url">amazon.com/Energy-Myths-R</span><span class="invisible">ealities-Bringing-Science/dp/0844743283/ref=sr_1_1?s=books&amp;ie=UTF8&amp;qid=1387752220&amp;sr=1-1&amp;keywords=energy+myths+and+realities</span><span class="tco-ellipsis"><span class="invisible">&nbsp;</span>…</span></a> ¿Alguien en la sala lo ha leído?]]></document>
		<document id="415859146928689153" url="https://twitter.com/reygarrido/status/415859146928689153"><![CDATA[(Vía The Lowly Gentlemen)<a href="http://t.co/RKTo7mn5IB" class="twitter-timeline-link u-hidden" data-pre-embedded="true" dir="ltr" >pic.twitter.com/RKTo7mn5IB</a>]]></document>
		<document id="421401279915515905" url="https://twitter.com/reygarrido/status/421401279915515905"><![CDATA[@LynnCSchreiber <a href="/JonathanHaynes" class="twitter-atreply pretty-link js-nav" dir="ltr" data-mentioned-user-id="17949156" ><s>@</s><b>JonathanHaynes</b></a> Absolutely yes.]]></document>
		<document id="421581101237563392" url="https://twitter.com/reygarrido/status/421581101237563392"><![CDATA[<a href="/Ricardo_JG" class="twitter-atreply pretty-link js-nav" dir="ltr" data-mentioned-user-id="452404115" ><s>@</s><b>Ricardo_JG</b></a> No, tiene horrocruxes everywhere.]]></document>
		<document id="422686737081438208" url="https://twitter.com/reygarrido/status/422686737081438208"><![CDATA[<a href="/Sheimota" class="twitter-atreply pretty-link js-nav" dir="ltr" data-mentioned-user-id="348162630" ><s>@</s><b>Sheimota</b></a> ¡Gracias Sheila! :)]]></document>
		<document id="424490262123909121" url="https://twitter.com/reygarrido/status/424490262123909121"><![CDATA[Fue portada en el Huffington americano. &quot;20 Reasons to Drop Everything and Go to <a href="/spain" class="twitter-atreply pretty-link js-nav" dir="ltr" data-mentioned-user-id="18241502" ><s>@</s><b>Spain</b></a> <a href="http://t.co/uRHJN1SwoZ" rel="nofollow" dir="ltr" data-expanded-url="http://huff.to/1gJWh0K" class="twitter-timeline-link" target="_blank" title="http://huff.to/1gJWh0K" ><span class="tco-ellipsis"></span><span class="invisible">http://</span><span class="js-display-url">huff.to/1gJWh0K</span><span class="invisible"></span><span class="tco-ellipsis"><span class="invisible">&nbsp;</span></span></a>&quot;.]]></document>
		<document id="375634378782547969" url="https://twitter.com/reygarrido/status/375634378782547969"><![CDATA[Businessweek: &quot;Camera, phone, music... There&#39;s one thing that the Gear doesn’t seem to have: a purpose <a href="http://t.co/2hwGXdQUaO" rel="nofollow" dir="ltr" data-expanded-url="http://www.businessweek.com/articles/2013-09-04/samsung-gear-a-smartwatch-in-search-of-a-purpose" class="twitter-timeline-link" target="_blank" title="http://www.businessweek.com/articles/2013-09-04/samsung-gear-a-smartwatch-in-search-of-a-purpose" ><span class="tco-ellipsis"></span><span class="invisible">http://www.</span><span class="js-display-url">businessweek.com/articles/2013-</span><span class="invisible">09-04/samsung-gear-a-smartwatch-in-search-of-a-purpose</span><span class="tco-ellipsis"><span class="invisible">&nbsp;</span>…</span></a>&quot;]]></document>
		<document id="375912893004255232" url="https://twitter.com/reygarrido/status/375912893004255232"><![CDATA[For if you haven&#39;t see the wheel of press of Ana Botella. Mother-of-God. El vergüenzómetro ajeno ha estallado. <a href="http://t.co/uK3KOaozsL" rel="nofollow" dir="ltr" data-expanded-url="http://youtu.be/9lwx57tK0jg" class="twitter-timeline-link" target="_blank" title="http://youtu.be/9lwx57tK0jg" ><span class="tco-ellipsis"></span><span class="invisible">http://</span><span class="js-display-url">youtu.be/9lwx57tK0jg</span><span class="invisible"></span><span class="tco-ellipsis"><span class="invisible">&nbsp;</span></span></a>]]></document>
		<document id="375914707602776064" url="https://twitter.com/reygarrido/status/375914707602776064"><![CDATA[<a href="/iescolar" class="twitter-atreply pretty-link js-nav" dir="ltr" data-mentioned-user-id="14436317" ><s>@</s><b>iescolar</b></a> From lost to the river...]]></document>
		<document id="375968559329202176" url="https://twitter.com/reygarrido/status/375968559329202176"><![CDATA[<a href="/JaimeEstrada15" class="twitter-atreply pretty-link js-nav" dir="ltr" data-mentioned-user-id="403606210" ><s>@</s><b>JaimeEstrada15</b></a> I see you haven&#39;t noticed that everything is translated literally. Kind of a parody. (Except he &quot;see&quot;, that&#39;s a typo).]]></document>
		<document id="378588222827544576" url="https://twitter.com/reygarrido/status/378588222827544576"><![CDATA[<a href="/martinvars" class="twitter-atreply pretty-link js-nav" dir="ltr" data-mentioned-user-id="781293" ><s>@</s><b>martinvars</b></a> It&#39;s my last year studying engineering and I&#39;ve also started today a degree in business. Reading this have made me happy! :-P]]></document>
		<document id="380426495392350208" url="https://twitter.com/reygarrido/status/380426495392350208"><![CDATA[«Life is tough, but it&#39;s tougher if you&#39;re stupid» - John Wayne.]]></document>
		<document id="381815193640005632" url="https://twitter.com/reygarrido/status/381815193640005632"><![CDATA[Shut up and take my money <a href="http://t.co/pIdDsGHOwn" rel="nofollow" dir="ltr" data-expanded-url="http://www.autoscout24.es/Details.aspx?id=221953321&amp;asrc=st|sr" class="twitter-timeline-link" target="_blank" title="http://www.autoscout24.es/Details.aspx?id=221953321&amp;asrc=st|sr" ><span class="tco-ellipsis"></span><span class="invisible">http://www.</span><span class="js-display-url">autoscout24.es/Details.aspx?i</span><span class="invisible">d=221953321&amp;asrc=st|sr</span><span class="tco-ellipsis"><span class="invisible">&nbsp;</span>…</span></a>]]></document>
		<document id="385869206723756032" url="https://twitter.com/reygarrido/status/385869206723756032"><![CDATA[«There is only one boss: the customer. And he can fire everybody simply by spending his money somewhere else.»
—Sam Walton, fdr. of Walmart.]]></document>
		<document id="386976735859724288" url="https://twitter.com/reygarrido/status/386976735859724288"><![CDATA[«The secret of life is honesty and fair dealing. If you can fake that, you&#39;ve got it made.»

- Groucho Marx.]]></document>
		<document id="388200441814581248" url="https://twitter.com/reygarrido/status/388200441814581248"><![CDATA[Contacto: Porsche 911 reimagined by Singer <a href="http://t.co/7fIzKYLrvv" rel="nofollow" dir="ltr" data-expanded-url="http://es.autoblog.com/2013/10/08/contacto-porsche-911-reimagined-by-singer" class="twitter-timeline-link" target="_blank" title="http://es.autoblog.com/2013/10/08/contacto-porsche-911-reimagined-by-singer" ><span class="tco-ellipsis"></span><span class="invisible">http://</span><span class="js-display-url">es.autoblog.com/2013/10/08/con</span><span class="invisible">tacto-porsche-911-reimagined-by-singer</span><span class="tco-ellipsis"><span class="invisible">&nbsp;</span>…</span></a> Espectacular...]]></document>
		<document id="392037867175686145" url="https://twitter.com/reygarrido/status/392037867175686145"><![CDATA[What&#39;s the purpose of Stonehenge? A giant granite birthdaycake or a prison far to easy to escape? <a href="http://t.co/VdXzvIEEKc" rel="nofollow" dir="ltr" data-expanded-url="http://youtu.be/mbyzgeee2mg" class="twitter-timeline-link" target="_blank" title="http://youtu.be/mbyzgeee2mg" ><span class="tco-ellipsis"></span><span class="invisible">http://</span><span class="js-display-url">youtu.be/mbyzgeee2mg</span><span class="invisible"></span><span class="tco-ellipsis"><span class="invisible">&nbsp;</span></span></a> :-P]]></document>
		<document id="394421128069795841" url="https://twitter.com/reygarrido/status/394421128069795841"><![CDATA[Enhorabuena, Newey (-;]]></document>
		<document id="395990186074456064" url="https://twitter.com/reygarrido/status/395990186074456064"><![CDATA[<a href="/kikollan" class="twitter-atreply pretty-link js-nav" dir="ltr" data-mentioned-user-id="10361342" ><s>@</s><b>kikollan</b></a> &quot;Why 3D Printing Is Overhyped (I Should Know, I Do It For a Living) <a href="http://t.co/3L30cN7QuL" rel="nofollow" dir="ltr" data-expanded-url="http://gizmodo.com/why-3d-printing-is-overhyped-i-should-know-i-do-it-fo-508176750" class="twitter-timeline-link" target="_blank" title="http://gizmodo.com/why-3d-printing-is-overhyped-i-should-know-i-do-it-fo-508176750" ><span class="tco-ellipsis"></span><span class="invisible">http://</span><span class="js-display-url">gizmodo.com/why-3d-printin</span><span class="invisible">g-is-overhyped-i-should-know-i-do-it-fo-508176750</span><span class="tco-ellipsis"><span class="invisible">&nbsp;</span>…</span></a>&quot;.]]></document>
		<document id="397475031468736512" url="https://twitter.com/reygarrido/status/397475031468736512"><![CDATA[The unsmokability of solid mechanics.]]></document>
		<document id="399265682249900032" url="https://twitter.com/reygarrido/status/399265682249900032"><![CDATA[Perdón, no es Amy Hilton, es Amy Hamilton, y tiene Twitter: <a href="/AmyMHamilton" class="twitter-atreply pretty-link js-nav" dir="ltr" data-mentioned-user-id="288765355" ><s>@</s><b>AmyMHamilton</b></a> (Your paintings are awesome!)]]></document>
		<document id="403222953548320768" url="https://twitter.com/reygarrido/status/403222953548320768"><![CDATA[<a href="/Sheimota" class="twitter-atreply pretty-link js-nav" dir="ltr" data-mentioned-user-id="348162630" ><s>@</s><b>Sheimota</b></a> En efecto :-)]]></document>
		<document id="403826983840120833" url="https://twitter.com/reygarrido/status/403826983840120833"><![CDATA[It&#39;s beginning to look a lot like Christmas
ev&#39;rywhere you go.]]></document>
		<document id="405081479392161792" url="https://twitter.com/reygarrido/status/405081479392161792"><![CDATA[That&#39;s all folks!<a href="http://t.co/ivHVBXEXY7" class="twitter-timeline-link u-hidden" data-pre-embedded="true" dir="ltr" >pic.twitter.com/ivHVBXEXY7</a>]]></document>
		<document id="406761810813927424" url="https://twitter.com/reygarrido/status/406761810813927424"><![CDATA[¡Flipante!: &quot;MIT Invents A Shapeshifting Display You Can Reach Through And Touch <a href="http://t.co/kRkZMWL7TX" rel="nofollow" dir="ltr" data-expanded-url="http://www.fastcodesign.com/3021522/innovation-by-design/mit-invents-a-shapeshifting-display-you-can-reach-through-and-touch" class="twitter-timeline-link" target="_blank" title="http://www.fastcodesign.com/3021522/innovation-by-design/mit-invents-a-shapeshifting-display-you-can-reach-through-and-touch" ><span class="tco-ellipsis"></span><span class="invisible">http://www.</span><span class="js-display-url">fastcodesign.com/3021522/innova</span><span class="invisible">tion-by-design/mit-invents-a-shapeshifting-display-you-can-reach-through-and-touch</span><span class="tco-ellipsis"><span class="invisible">&nbsp;</span>…</span></a>&quot; Vídeo:<a href="http://t.co/UERgRh2eIH" rel="nofollow" dir="ltr" data-expanded-url="http://vimeo.com/79179138" class="twitter-timeline-link u-hidden" target="_blank" title="http://vimeo.com/79179138" ><span class="tco-ellipsis"></span><span class="invisible">http://</span><span class="js-display-url">vimeo.com/79179138</span><span class="invisible"></span><span class="tco-ellipsis"><span class="invisible">&nbsp;</span></span></a>]]></document>
		<document id="406795885616455680" url="https://twitter.com/reygarrido/status/406795885616455680"><![CDATA[Microsoft is sexy, isn&#39;t it <a href="/BillGates" class="twitter-atreply pretty-link js-nav" dir="ltr" data-mentioned-user-id="50393960" ><s>@</s><b>BillGates</b></a>? (-;<a href="http://t.co/r5GCIYYCjo" class="twitter-timeline-link u-hidden" data-pre-embedded="true" dir="ltr" >pic.twitter.com/r5GCIYYCjo</a>]]></document>
		<document id="408968088332550144" url="https://twitter.com/reygarrido/status/408968088332550144"><![CDATA[<a href="/DaniEPAP" class="twitter-atreply pretty-link js-nav" dir="ltr" data-mentioned-user-id="146905516" ><s>@</s><b>DaniEPAP</b></a> <a href="/Uhandrea" class="twitter-atreply pretty-link js-nav" dir="ltr" data-mentioned-user-id="110957072" ><s>@</s><b>Uhandrea</b></a> <a href="/ScientiaJMLN" class="twitter-atreply pretty-link js-nav" dir="ltr" data-mentioned-user-id="292857303" ><s>@</s><b>ScientiaJMLN</b></a> <a href="/Pr3cog" class="twitter-atreply pretty-link js-nav" dir="ltr" data-mentioned-user-id="1140537680" ><s>@</s><b>Pr3cog</b></a> A fregar :-P<a href="http://t.co/Dtfdz9RPs6" class="twitter-timeline-link u-hidden" data-pre-embedded="true" dir="ltr" >pic.twitter.com/Dtfdz9RPs6</a>]]></document>
		<document id="409261971486543872" url="https://twitter.com/reygarrido/status/409261971486543872"><![CDATA[Anoche vi The Great Gatsby. El veredicto: <img class="Emoji Emoji--forText" src="https://abs.twimg.com/emoji/v2/72x72/1f44c.png" draggable="false" alt="]]>👌<![CDATA[" title="Ok hand sign" aria-label="Emoji: Ok hand sign">]]></document>
		<document id="414889288950493184" url="https://twitter.com/reygarrido/status/414889288950493184"><![CDATA[&quot;Energy myths and realities: Bringing science to the energy policy debate&quot; <a href="http://t.co/2xc2hKjnlr" rel="nofollow" dir="ltr" data-expanded-url="http://www.amazon.com/Energy-Myths-Realities-Bringing-Science/dp/0844743283/ref=sr_1_1?s=books&amp;ie=UTF8&amp;qid=1387752220&amp;sr=1-1&amp;keywords=energy+myths+and+realities" class="twitter-timeline-link" target="_blank" title="http://www.amazon.com/Energy-Myths-Realities-Bringing-Science/dp/0844743283/ref=sr_1_1?s=books&amp;ie=UTF8&amp;qid=1387752220&amp;sr=1-1&amp;keywords=energy+myths+and+realities" ><span class="tco-ellipsis"></span><span class="invisible">http://www.</span><span class="js-display-url">amazon.com/Energy-Myths-R</span><span class="invisible">ealities-Bringing-Science/dp/0844743283/ref=sr_1_1?s=books&amp;ie=UTF8&amp;qid=1387752220&amp;sr=1-1&amp;keywords=energy+myths+and+realities</span><span class="tco-ellipsis"><span class="invisible">&nbsp;</span>…</span></a> ¿Alguien en la sala lo ha leído?]]></document>
		<document id="415859146928689153" url="https://twitter.com/reygarrido/status/415859146928689153"><![CDATA[(Vía The Lowly Gentlemen)<a href="http://t.co/RKTo7mn5IB" class="twitter-timeline-link u-hidden" data-pre-embedded="true" dir="ltr" >pic.twitter.com/RKTo7mn5IB</a>]]></document>
		<document id="421401279915515905" url="https://twitter.com/reygarrido/status/421401279915515905"><![CDATA[@LynnCSchreiber <a href="/JonathanHaynes" class="twitter-atreply pretty-link js-nav" dir="ltr" data-mentioned-user-id="17949156" ><s>@</s><b>JonathanHaynes</b></a> Absolutely yes.]]></document>
		<document id="421581101237563392" url="https://twitter.com/reygarrido/status/421581101237563392"><![CDATA[<a href="/Ricardo_JG" class="twitter-atreply pretty-link js-nav" dir="ltr" data-mentioned-user-id="452404115" ><s>@</s><b>Ricardo_JG</b></a> No, tiene horrocruxes everywhere.]]></document>
		<document id="422686737081438208" url="https://twitter.com/reygarrido/status/422686737081438208"><![CDATA[<a href="/Sheimota" class="twitter-atreply pretty-link js-nav" dir="ltr" data-mentioned-user-id="348162630" ><s>@</s><b>Sheimota</b></a> ¡Gracias Sheila! :)]]></document>
		<document id="424490262123909121" url="https://twitter.com/reygarrido/status/424490262123909121"><![CDATA[Fue portada en el Huffington americano. &quot;20 Reasons to Drop Everything and Go to <a href="/spain" class="twitter-atreply pretty-link js-nav" dir="ltr" data-mentioned-user-id="18241502" ><s>@</s><b>Spain</b></a> <a href="http://t.co/uRHJN1SwoZ" rel="nofollow" dir="ltr" data-expanded-url="http://huff.to/1gJWh0K" class="twitter-timeline-link" target="_blank" title="http://huff.to/1gJWh0K" ><span class="tco-ellipsis"></span><span class="invisible">http://</span><span class="js-display-url">huff.to/1gJWh0K</span><span class="invisible"></span><span class="tco-ellipsis"><span class="invisible">&nbsp;</span></span></a>&quot;.]]></document>
	</documents>
</author>