<?xml version="1.0" encoding="UTF-8" standalone="no"?><author age_group="xx" gender="xx" lang="EN" type="twitter" url="https://twitter.com/tereamor">
	<documents count="64">
		<document id="400982748430884864" url="https://twitter.com/tereamor/status/400982748430884864"><![CDATA[The Dish<a href="http://t.co/adEFrmZbF4" class="twitter-timeline-link u-hidden" data-pre-embedded="true" dir="ltr" >pic.twitter.com/adEFrmZbF4</a>]]></document>
		<document id="401994193398018048" url="https://twitter.com/tereamor/status/401994193398018048"><![CDATA[Frankly, Mr. Shankly <a href="http://t.co/cMiZE2kSeR" rel="nofollow" dir="ltr" data-expanded-url="http://youtu.be/2ownZDWNIRs" class="twitter-timeline-link" target="_blank" title="http://youtu.be/2ownZDWNIRs" ><span class="tco-ellipsis"></span><span class="invisible">http://</span><span class="js-display-url">youtu.be/2ownZDWNIRs</span><span class="invisible"></span><span class="tco-ellipsis"><span class="invisible">&nbsp;</span></span></a> (by The Smiths)]]></document>
		<document id="402701102396633088" url="https://twitter.com/tereamor/status/402701102396633088"><![CDATA[Os puede interesar. ING Direct busca Traficker <a href="https://t.co/5DJ5oHp5tj" rel="nofollow" dir="ltr" data-expanded-url="https://www.jobandtalent.com/es/ofertas-de-empleo/ing-direct-trafficker-05112013" class="twitter-timeline-link" target="_blank" title="https://www.jobandtalent.com/es/ofertas-de-empleo/ing-direct-trafficker-05112013" ><span class="tco-ellipsis"></span><span class="invisible">https://www.</span><span class="js-display-url">jobandtalent.com/es/ofertas-de-</span><span class="invisible">empleo/ing-direct-trafficker-05112013</span><span class="tco-ellipsis"><span class="invisible">&nbsp;</span>…</span></a>]]></document>
		<document id="405231729746931712" url="https://twitter.com/tereamor/status/405231729746931712"><![CDATA[Mi casa, the north face.<a href="http://t.co/9MSiTasaoE" class="twitter-timeline-link u-hidden" data-pre-embedded="true" dir="ltr" >pic.twitter.com/9MSiTasaoE</a>]]></document>
		<document id="413560272909914112" url="https://twitter.com/tereamor/status/413560272909914112"><![CDATA[&quot;The country’s distress was his opportunity, until it wasn’t.&quot; <a href="http://t.co/cPhqSO8goO" rel="nofollow" dir="ltr" data-expanded-url="http://www.newyorker.com/online/blogs/currency/2013/12/sheldon-adelson-folds-in-spain.html" class="twitter-timeline-link" target="_blank" title="http://www.newyorker.com/online/blogs/currency/2013/12/sheldon-adelson-folds-in-spain.html" ><span class="tco-ellipsis"></span><span class="invisible">http://www.</span><span class="js-display-url">newyorker.com/online/blogs/c</span><span class="invisible">urrency/2013/12/sheldon-adelson-folds-in-spain.html</span><span class="tco-ellipsis"><span class="invisible">&nbsp;</span>…</span></a> Se puede decir más alto, no más claro. <a href="/hashtag/eurovegas?src=hash" data-query-source="hashtag_click" class="twitter-hashtag pretty-link js-nav" dir="ltr" ><s>#</s><b>eurovegas</b></a>]]></document>
		<document id="418738610381533184" url="https://twitter.com/tereamor/status/418738610381533184"><![CDATA[John brown&#39;s bike has got a puncture in its tyre...<a href="http://t.co/3n9SCx1xMh" class="twitter-timeline-link u-hidden" data-pre-embedded="true" dir="ltr" >pic.twitter.com/3n9SCx1xMh</a>]]></document>
		<document id="419230469767831552" url="https://twitter.com/tereamor/status/419230469767831552"><![CDATA[Guerra tras dos postguerras RT <a href="/BlogsofWar" class="twitter-atreply pretty-link js-nav" dir="ltr" data-mentioned-user-id="14401607" ><s>@</s><b>BlogsofWar</b></a>: Al Qaeda Fighters Capture Iraqi City of Fallujah, Declare Islamic State <a href="http://t.co/gz0b7hAW21" rel="nofollow" dir="ltr" data-expanded-url="http://goo.gl/8cl3xZ" class="twitter-timeline-link" target="_blank" title="http://goo.gl/8cl3xZ" ><span class="tco-ellipsis"></span><span class="invisible">http://</span><span class="js-display-url">goo.gl/8cl3xZ</span><span class="invisible"></span><span class="tco-ellipsis"><span class="invisible">&nbsp;</span></span></a>]]></document>
		<document id="419485003891093504" url="https://twitter.com/tereamor/status/419485003891093504"><![CDATA[“<a href="/washingtonpost" class="twitter-atreply pretty-link js-nav" dir="ltr" data-mentioned-user-id="2467791" ><s>@</s><b>washingtonpost</b></a>: No, Kim Jong Un probably didn&#39;t feed his uncle to 120 hungry dogs. <a href="http://t.co/9znlVeT04Z" rel="nofollow" dir="ltr" data-expanded-url="http://wapo.st/1f2Zbkc" class="twitter-timeline-link" target="_blank" title="http://wapo.st/1f2Zbkc" ><span class="tco-ellipsis"></span><span class="invisible">http://</span><span class="js-display-url">wapo.st/1f2Zbkc</span><span class="invisible"></span><span class="tco-ellipsis"><span class="invisible">&nbsp;</span></span></a>” <a href="/hashtag/metaperiodismo?src=hash" data-query-source="hashtag_click" class="twitter-hashtag pretty-link js-nav" dir="ltr" ><s>#</s><b>metaperiodismo</b></a> <a href="/hashtag/journalism?src=hash" data-query-source="hashtag_click" class="twitter-hashtag pretty-link js-nav" dir="ltr" ><s>#</s><b>journalism</b></a>]]></document>
		<document id="420102652467625984" url="https://twitter.com/tereamor/status/420102652467625984"><![CDATA[Aceite de oliva, bueno pa tó! <img class="Emoji Emoji--forText" src="https://abs.twimg.com/emoji/v2/72x72/1f602.png" draggable="false" alt="]]>😂<![CDATA[" title="Face with tears of joy" aria-label="Emoji: Face with tears of joy"><img class="Emoji Emoji--forText" src="https://abs.twimg.com/emoji/v2/72x72/1f602.png" draggable="false" alt="]]>😂<![CDATA[" title="Face with tears of joy" aria-label="Emoji: Face with tears of joy"><img class="Emoji Emoji--forText" src="https://abs.twimg.com/emoji/v2/72x72/1f602.png" draggable="false" alt="]]>😂<![CDATA[" title="Face with tears of joy" aria-label="Emoji: Face with tears of joy"><img class="Emoji Emoji--forText" src="https://abs.twimg.com/emoji/v2/72x72/1f602.png" draggable="false" alt="]]>😂<![CDATA[" title="Face with tears of joy" aria-label="Emoji: Face with tears of joy"> “<a href="/guardian" class="twitter-atreply pretty-link js-nav" dir="ltr" data-mentioned-user-id="87818409" ><s>@</s><b>guardian</b></a>: Rescuers use olive oil to extract naked man from washing machine <a href="http://t.co/fmDaNIFnDU" rel="nofollow" dir="ltr" data-expanded-url="http://gu.com/p/3ytpv/tw" class="twitter-timeline-link" target="_blank" title="http://gu.com/p/3ytpv/tw" ><span class="tco-ellipsis"></span><span class="invisible">http://</span><span class="js-display-url">gu.com/p/3ytpv/tw</span><span class="invisible"></span><span class="tco-ellipsis"><span class="invisible">&nbsp;</span></span></a>”]]></document>
		<document id="400982748430884864" url="https://twitter.com/tereamor/status/400982748430884864"><![CDATA[The Dish<a href="http://t.co/adEFrmZbF4" class="twitter-timeline-link u-hidden" data-pre-embedded="true" dir="ltr" >pic.twitter.com/adEFrmZbF4</a>]]></document>
		<document id="401994193398018048" url="https://twitter.com/tereamor/status/401994193398018048"><![CDATA[Frankly, Mr. Shankly <a href="http://t.co/cMiZE2kSeR" rel="nofollow" dir="ltr" data-expanded-url="http://youtu.be/2ownZDWNIRs" class="twitter-timeline-link" target="_blank" title="http://youtu.be/2ownZDWNIRs" ><span class="tco-ellipsis"></span><span class="invisible">http://</span><span class="js-display-url">youtu.be/2ownZDWNIRs</span><span class="invisible"></span><span class="tco-ellipsis"><span class="invisible">&nbsp;</span></span></a> (by The Smiths)]]></document>
		<document id="402701102396633088" url="https://twitter.com/tereamor/status/402701102396633088"><![CDATA[Os puede interesar. ING Direct busca Traficker <a href="https://t.co/5DJ5oHp5tj" rel="nofollow" dir="ltr" data-expanded-url="https://www.jobandtalent.com/es/ofertas-de-empleo/ing-direct-trafficker-05112013" class="twitter-timeline-link" target="_blank" title="https://www.jobandtalent.com/es/ofertas-de-empleo/ing-direct-trafficker-05112013" ><span class="tco-ellipsis"></span><span class="invisible">https://www.</span><span class="js-display-url">jobandtalent.com/es/ofertas-de-</span><span class="invisible">empleo/ing-direct-trafficker-05112013</span><span class="tco-ellipsis"><span class="invisible">&nbsp;</span>…</span></a>]]></document>
		<document id="405231729746931712" url="https://twitter.com/tereamor/status/405231729746931712"><![CDATA[Mi casa, the north face.<a href="http://t.co/9MSiTasaoE" class="twitter-timeline-link u-hidden" data-pre-embedded="true" dir="ltr" >pic.twitter.com/9MSiTasaoE</a>]]></document>
		<document id="413560272909914112" url="https://twitter.com/tereamor/status/413560272909914112"><![CDATA[&quot;The country’s distress was his opportunity, until it wasn’t.&quot; <a href="http://t.co/cPhqSO8goO" rel="nofollow" dir="ltr" data-expanded-url="http://www.newyorker.com/online/blogs/currency/2013/12/sheldon-adelson-folds-in-spain.html" class="twitter-timeline-link" target="_blank" title="http://www.newyorker.com/online/blogs/currency/2013/12/sheldon-adelson-folds-in-spain.html" ><span class="tco-ellipsis"></span><span class="invisible">http://www.</span><span class="js-display-url">newyorker.com/online/blogs/c</span><span class="invisible">urrency/2013/12/sheldon-adelson-folds-in-spain.html</span><span class="tco-ellipsis"><span class="invisible">&nbsp;</span>…</span></a> Se puede decir más alto, no más claro. <a href="/hashtag/eurovegas?src=hash" data-query-source="hashtag_click" class="twitter-hashtag pretty-link js-nav" dir="ltr" ><s>#</s><b>eurovegas</b></a>]]></document>
		<document id="418738610381533184" url="https://twitter.com/tereamor/status/418738610381533184"><![CDATA[John brown&#39;s bike has got a puncture in its tyre...<a href="http://t.co/3n9SCx1xMh" class="twitter-timeline-link u-hidden" data-pre-embedded="true" dir="ltr" >pic.twitter.com/3n9SCx1xMh</a>]]></document>
		<document id="419230469767831552" url="https://twitter.com/tereamor/status/419230469767831552"><![CDATA[Guerra tras dos postguerras RT <a href="/BlogsofWar" class="twitter-atreply pretty-link js-nav" dir="ltr" data-mentioned-user-id="14401607" ><s>@</s><b>BlogsofWar</b></a>: Al Qaeda Fighters Capture Iraqi City of Fallujah, Declare Islamic State <a href="http://t.co/gz0b7hAW21" rel="nofollow" dir="ltr" data-expanded-url="http://goo.gl/8cl3xZ" class="twitter-timeline-link" target="_blank" title="http://goo.gl/8cl3xZ" ><span class="tco-ellipsis"></span><span class="invisible">http://</span><span class="js-display-url">goo.gl/8cl3xZ</span><span class="invisible"></span><span class="tco-ellipsis"><span class="invisible">&nbsp;</span></span></a>]]></document>
		<document id="419485003891093504" url="https://twitter.com/tereamor/status/419485003891093504"><![CDATA[“<a href="/washingtonpost" class="twitter-atreply pretty-link js-nav" dir="ltr" data-mentioned-user-id="2467791" ><s>@</s><b>washingtonpost</b></a>: No, Kim Jong Un probably didn&#39;t feed his uncle to 120 hungry dogs. <a href="http://t.co/9znlVeT04Z" rel="nofollow" dir="ltr" data-expanded-url="http://wapo.st/1f2Zbkc" class="twitter-timeline-link" target="_blank" title="http://wapo.st/1f2Zbkc" ><span class="tco-ellipsis"></span><span class="invisible">http://</span><span class="js-display-url">wapo.st/1f2Zbkc</span><span class="invisible"></span><span class="tco-ellipsis"><span class="invisible">&nbsp;</span></span></a>” <a href="/hashtag/metaperiodismo?src=hash" data-query-source="hashtag_click" class="twitter-hashtag pretty-link js-nav" dir="ltr" ><s>#</s><b>metaperiodismo</b></a> <a href="/hashtag/journalism?src=hash" data-query-source="hashtag_click" class="twitter-hashtag pretty-link js-nav" dir="ltr" ><s>#</s><b>journalism</b></a>]]></document>
		<document id="420102652467625984" url="https://twitter.com/tereamor/status/420102652467625984"><![CDATA[Aceite de oliva, bueno pa tó! <img class="Emoji Emoji--forText" src="https://abs.twimg.com/emoji/v2/72x72/1f602.png" draggable="false" alt="]]>😂<![CDATA[" title="Face with tears of joy" aria-label="Emoji: Face with tears of joy"><img class="Emoji Emoji--forText" src="https://abs.twimg.com/emoji/v2/72x72/1f602.png" draggable="false" alt="]]>😂<![CDATA[" title="Face with tears of joy" aria-label="Emoji: Face with tears of joy"><img class="Emoji Emoji--forText" src="https://abs.twimg.com/emoji/v2/72x72/1f602.png" draggable="false" alt="]]>😂<![CDATA[" title="Face with tears of joy" aria-label="Emoji: Face with tears of joy"><img class="Emoji Emoji--forText" src="https://abs.twimg.com/emoji/v2/72x72/1f602.png" draggable="false" alt="]]>😂<![CDATA[" title="Face with tears of joy" aria-label="Emoji: Face with tears of joy"> “<a href="/guardian" class="twitter-atreply pretty-link js-nav" dir="ltr" data-mentioned-user-id="87818409" ><s>@</s><b>guardian</b></a>: Rescuers use olive oil to extract naked man from washing machine <a href="http://t.co/fmDaNIFnDU" rel="nofollow" dir="ltr" data-expanded-url="http://gu.com/p/3ytpv/tw" class="twitter-timeline-link" target="_blank" title="http://gu.com/p/3ytpv/tw" ><span class="tco-ellipsis"></span><span class="invisible">http://</span><span class="js-display-url">gu.com/p/3ytpv/tw</span><span class="invisible"></span><span class="tco-ellipsis"><span class="invisible">&nbsp;</span></span></a>”]]></document>
	</documents>
</author>