<?xml version="1.0" encoding="UTF-8" standalone="no"?><author age_group="xx" gender="xx" lang="EN" type="twitter" url="https://twitter.com/perlani">
	<documents count="72">
		<document id="110927379760816128" url="https://twitter.com/perlani/status/110927379760816128"><![CDATA[Nice preview of what&#39;s to come for nonprofits at LinkedIn by Bryan Breckenridge<a href="http://t.co/ii3gsbb" rel="nofollow" dir="ltr" data-expanded-url="http://sliwww.slideshare.net/SM4nonprofits/bryan-breckenridge" class="twitter-timeline-link u-hidden" target="_blank" title="http://sliwww.slideshare.net/SM4nonprofits/bryan-breckenridge" ><span class="tco-ellipsis"></span><span class="invisible">http://</span><span class="js-display-url">sliwww.slideshare.net/SM4nonprofits/</span><span class="invisible">bryan-breckenridge</span><span class="tco-ellipsis"><span class="invisible">&nbsp;</span>…</span></a>]]></document>
		<document id="110937164103172096" url="https://twitter.com/perlani/status/110937164103172096"><![CDATA[I will demo GreatNonprofits.org at SVNewTech tomorrow. Excited to show our new social media dashboard for nonprofits!]]></document>
		<document id="111556955084038144" url="https://twitter.com/perlani/status/111556955084038144"><![CDATA[Fill in your new LinkedIn cause and volunteer fields!  yours out!  Mine: <a href="http://t.co/DB2XXCB" rel="nofollow" dir="ltr" data-expanded-url="http://www.linkedin.com/in/perlani" class="twitter-timeline-link" target="_blank" title="http://www.linkedin.com/in/perlani" ><span class="tco-ellipsis"></span><span class="invisible">http://www.</span><span class="js-display-url">linkedin.com/in/perlani</span><span class="invisible"></span><span class="tco-ellipsis"><span class="invisible">&nbsp;</span></span></a>  <a href="/LinkedIn4Good" class="twitter-atreply pretty-link js-nav" dir="ltr" data-mentioned-user-id="369063212" ><s>@</s><b>LinkedIn4Good</b></a>]]></document>
		<document id="111844337146527744" url="https://twitter.com/perlani/status/111844337146527744"><![CDATA[Apple, under fire for lack of philanthropy, announces today 10K matching employee giving.<a href="http://t.co/nkMr11Y" rel="nofollow" dir="ltr" data-expanded-url="http://www.macrumors.com/2011/09/08/apple-institutes-new-charitable-matching-program-for-employees/" class="twitter-timeline-link u-hidden" target="_blank" title="http://www.macrumors.com/2011/09/08/apple-institutes-new-charitable-matching-program-for-employees/" ><span class="tco-ellipsis"></span><span class="invisible">http://www.</span><span class="js-display-url">macrumors.com/2011/09/08/app</span><span class="invisible">le-institutes-new-charitable-matching-program-for-employees/</span><span class="tco-ellipsis"><span class="invisible">&nbsp;</span>…</span></a>]]></document>
		<document id="115677189772546048" url="https://twitter.com/perlani/status/115677189772546048"><![CDATA[<a href="/reddit" class="twitter-atreply pretty-link js-nav" dir="ltr" data-mentioned-user-id="811377" ><s>@</s><b>Reddit</b></a> donates free ad space to nonprofits in Sept.<a href="http://t.co/7kVLsgm9" rel="nofollow" dir="ltr" data-expanded-url="http://blog.reddit.com/2011/09/if-youre-nonprofit-organization-we-have_14.html" class="twitter-timeline-link u-hidden" target="_blank" title="http://blog.reddit.com/2011/09/if-youre-nonprofit-organization-we-have_14.html" ><span class="tco-ellipsis"></span><span class="invisible">http://</span><span class="js-display-url">blog.reddit.com/2011/09/if-you</span><span class="invisible">re-nonprofit-organization-we-have_14.html</span><span class="tco-ellipsis"><span class="invisible">&nbsp;</span>…</span></a>]]></document>
		<document id="115952071555026944" url="https://twitter.com/perlani/status/115952071555026944"><![CDATA[At <a href="/hashtag/cofsf?src=hash" data-query-source="hashtag_click" class="twitter-hashtag pretty-link js-nav" dir="ltr" ><s>#</s><b>cofsf</b></a> community foundations conferences.  What&#39;s the most innovative success by a community foundation?]]></document>
		<document id="118933048870969344" url="https://twitter.com/perlani/status/118933048870969344"><![CDATA[Last week to nominate your favorite education nonprofit!  <a href="/GreatNonprofits" class="twitter-atreply pretty-link js-nav" dir="ltr" data-mentioned-user-id="21697654" ><s>@</s><b>GreatNonprofits</b></a>  At <a href="http://t.co/8IQWnCvv" rel="nofollow" dir="ltr" data-expanded-url="http://greatnonprofits.org/issues/education-4-all" class="twitter-timeline-link" target="_blank" title="http://greatnonprofits.org/issues/education-4-all" ><span class="tco-ellipsis"></span><span class="invisible">http://</span><span class="js-display-url">greatnonprofits.org/issues/educati</span><span class="invisible">on-4-all</span><span class="tco-ellipsis"><span class="invisible">&nbsp;</span>…</span></a>]]></document>
		<document id="121728727175536641" url="https://twitter.com/perlani/status/121728727175536641"><![CDATA[Thanks <a href="/halletecco" class="twitter-atreply pretty-link js-nav" dir="ltr" data-mentioned-user-id="9128522" ><s>@</s><b>halletecco</b></a> for bringing US CTO, <a href="/aneeshchopra" class="twitter-atreply pretty-link js-nav" dir="ltr" data-mentioned-user-id="121539516" ><s>@</s><b>aneeshchopra</b></a> to SV!  Small biz and startups can benefit from responsive, open government.]]></document>
		<document id="122348808809086976" url="https://twitter.com/perlani/status/122348808809086976"><![CDATA[Craig Newmark&#39;s great idea - your board members should retweet/share your messages in social media <a href="http://t.co/SAsgaZtw" rel="nofollow" dir="ltr" data-expanded-url="http://bit.ly/nMcOt9" class="twitter-timeline-link" target="_blank" title="http://bit.ly/nMcOt9" ><span class="tco-ellipsis"></span><span class="invisible">http://</span><span class="js-display-url">bit.ly/nMcOt9</span><span class="invisible"></span><span class="tco-ellipsis"><span class="invisible">&nbsp;</span></span></a> via <a href="/addthis" class="twitter-atreply pretty-link js-nav" dir="ltr" data-mentioned-user-id="15907720" ><s>@</s><b>AddThis</b></a>]]></document>
		<document id="123501001499095041" url="https://twitter.com/perlani/status/123501001499095041"><![CDATA[<a href="/CPFSOfficial" class="twitter-atreply pretty-link js-nav" dir="ltr" data-mentioned-user-id="129886275" ><s>@</s><b>CPFSOfficial</b></a> Thanks so much for getting the word out!  Help ppl find great nonprofits helping soldiers, vets and their families!]]></document>
		<document id="126427730051989504" url="https://twitter.com/perlani/status/126427730051989504"><![CDATA[Awesome product managers are like gold.  Thanks Drew <a href="/road3llc" class="twitter-atreply pretty-link js-nav" dir="ltr" data-mentioned-user-id="242496687" ><s>@</s><b>road3llc</b></a> for signing on to be an advisor to our nonprofit!]]></document>
		<document id="127125072069660673" url="https://twitter.com/perlani/status/127125072069660673"><![CDATA[<a href="/drewmcmanus" class="twitter-atreply pretty-link js-nav" dir="ltr" data-mentioned-user-id="76523" ><s>@</s><b>drewmcmanus</b></a> <a href="/GreatNonprofits" class="twitter-atreply pretty-link js-nav" dir="ltr" data-mentioned-user-id="21697654" ><s>@</s><b>GreatNonprofits</b></a> thank you so much, Drew!]]></document>
		<document id="132160237783351296" url="https://twitter.com/perlani/status/132160237783351296"><![CDATA[I&#39;m speaking at the Stanford Graduate School of Business on Innovations in Philanthropy. <a href="http://t.co/KPqHF445" rel="nofollow" dir="ltr" data-expanded-url="http://alumni.gsb.stanford.edu/events/chapters/BayArea/speaker11162011.html" class="twitter-timeline-link" target="_blank" title="http://alumni.gsb.stanford.edu/events/chapters/BayArea/speaker11162011.html" ><span class="tco-ellipsis"></span><span class="invisible">http://</span><span class="js-display-url">alumni.gsb.stanford.edu/events/chapter</span><span class="invisible">s/BayArea/speaker11162011.html</span><span class="tco-ellipsis"><span class="invisible">&nbsp;</span>…</span></a>]]></document>
		<document id="136149243344855040" url="https://twitter.com/perlani/status/136149243344855040"><![CDATA[awesome vivanista fundraising summit!  speakers from many creative sectors about make donating fun! <a href="/vivanista" class="twitter-atreply pretty-link js-nav" dir="ltr" data-mentioned-user-id="19408795" ><s>@</s><b>vivanista</b></a> <a href="/laynegray" class="twitter-atreply pretty-link js-nav" dir="ltr" data-mentioned-user-id="73705416" ><s>@</s><b>laynegray</b></a> <a href="/BritesF" class="twitter-atreply pretty-link js-nav" dir="ltr" data-mentioned-user-id="749125980048982016" ><s>@</s><b>briteSF</b></a>]]></document>
		<document id="136168708220518401" url="https://twitter.com/perlani/status/136168708220518401"><![CDATA[great to see you on Twitter!   <a href="/emmettcarson" class="twitter-atreply pretty-link js-nav" dir="ltr" data-mentioned-user-id="410118695" ><s>@</s><b>emmettcarson</b></a>]]></document>
		<document id="138171872276774912" url="https://twitter.com/perlani/status/138171872276774912"><![CDATA[My latest SlideShare upload : Innovations in Philanthropy<a href="http://t.co/zGa5SKIA" rel="nofollow" dir="ltr" data-expanded-url="http://slidesha.re/sVPoyI" class="twitter-timeline-link u-hidden" target="_blank" title="http://slidesha.re/sVPoyI" ><span class="tco-ellipsis"></span><span class="invisible">http://</span><span class="js-display-url">slidesha.re/sVPoyI</span><span class="invisible"></span><span class="tco-ellipsis"><span class="invisible">&nbsp;</span></span></a>]]></document>
		<document id="152247755618787329" url="https://twitter.com/perlani/status/152247755618787329"><![CDATA[At the Green room with the Woody Allen band.  Great Dixieland jazz in the hall packed shoulder to shoulder.]]></document>
		<document id="1651319904" url="https://twitter.com/perlani/status/1651319904"><![CDATA[Today is the last day of the Green Choice Awards http://www.greatnonprofits.org/green. Tell us which are the best environmental nonprofits!]]></document>
		<document id="1652052246" url="https://twitter.com/perlani/status/1652052246"><![CDATA[<a href="/pndblog" class="twitter-atreply pretty-link js-nav" dir="ltr" data-mentioned-user-id="18243006" ><s>@</s><b>pndblog</b></a> hey Mitch, today&#39;s the last day of  Green Choice Awards. Vote for your favorite environmental groups.  http://bit.ly/greenchoice]]></document>
		<document id="1652074125" url="https://twitter.com/perlani/status/1652074125"><![CDATA[<a href="/ssstrom" class="twitter-atreply pretty-link js-nav" dir="ltr" data-mentioned-user-id="21415998" ><s>@</s><b>ssstrom</b></a> hey stephanie, today&#39;s the last day of Green Choice Awards. I&#39;ll send you the list of best environmental nonprofits after the votes]]></document>
		<document id="1652093425" url="https://twitter.com/perlani/status/1652093425"><![CDATA[<a href="/tactphil" class="twitter-atreply pretty-link js-nav" dir="ltr" data-mentioned-user-id="16833957" ><s>@</s><b>tactphil</b></a> hey Sean, the Green Choice awards 700+ reviews of environmental nonprofits.  Today&#39;s the final day.   http://bit.ly/greenchoice]]></document>
		<document id="1652523237" url="https://twitter.com/perlani/status/1652523237"><![CDATA[<a href="/chrisabraham" class="twitter-atreply pretty-link js-nav" dir="ltr" data-mentioned-user-id="608473" ><s>@</s><b>chrisabraham</b></a> Today&#39;s the last day of Green Choice Awards. Vote for your favorite environmental groups http://bit.ly/greenchoice (pls RT!)]]></document>
		<document id="1652582623" url="https://twitter.com/perlani/status/1652582623"><![CDATA[<a href="/socialentrprnr" class="twitter-atreply pretty-link js-nav" dir="ltr" data-mentioned-user-id="15117711" ><s>@</s><b>socialentrprnr</b></a> Nathaniel, today&#39;s the last day of Green Choice Awards. Vote for ur favorite environmental groups http://bit.ly/greenchoice]]></document>
		<document id="181595214312505345" url="https://twitter.com/perlani/status/181595214312505345"><![CDATA[Congrats to the Great Nonprofits Of The Month Helping Animals! Vote on the slideshow! <a href="http://t.co/NXNVtLnV" rel="nofollow" dir="ltr" data-expanded-url="http://huff.to/y6kphg" class="twitter-timeline-link" target="_blank" title="http://huff.to/y6kphg" ><span class="tco-ellipsis"></span><span class="invisible">http://</span><span class="js-display-url">huff.to/y6kphg</span><span class="invisible"></span><span class="tco-ellipsis"><span class="invisible">&nbsp;</span></span></a> via <a href="/HuffingtonPost" class="twitter-atreply pretty-link js-nav" dir="ltr" data-mentioned-user-id="14511951" ><s>@</s><b>HuffingtonPost</b></a>]]></document>
		<document id="185156519388655616" url="https://twitter.com/perlani/status/185156519388655616"><![CDATA[<a href="/Hewlett_Found" class="twitter-atreply pretty-link js-nav" dir="ltr" data-mentioned-user-id="38518844" ><s>@</s><b>Hewlett_Found</b></a> Foundation names new president, Stanford law school dean Larry Kramer.   <a href="http://t.co/3Qt2Emay" rel="nofollow" dir="ltr" data-expanded-url="http://bit.ly/GXM2Tl" class="twitter-timeline-link" target="_blank" title="http://bit.ly/GXM2Tl" ><span class="tco-ellipsis"></span><span class="invisible">http://</span><span class="js-display-url">bit.ly/GXM2Tl</span><span class="invisible"></span><span class="tco-ellipsis"><span class="invisible">&nbsp;</span></span></a>  Congrats!]]></document>
		<document id="186938167058898946" url="https://twitter.com/perlani/status/186938167058898946"><![CDATA[In Vancouver enjoying the skiing and Shanghaiese food. At AFP conference speaking tomorrow about Telling Your Story.]]></document>
		<document id="188499067519770624" url="https://twitter.com/perlani/status/188499067519770624"><![CDATA[Why do you think <a href="/hashtag/philanthropy?src=hash" data-query-source="hashtag_click" class="twitter-hashtag pretty-link js-nav" dir="ltr" ><s>#</s><b>philanthropy</b></a> and <a href="/hashtag/donations?src=hash" data-query-source="hashtag_click" class="twitter-hashtag pretty-link js-nav" dir="ltr" ><s>#</s><b>donations</b></a> has been flat as a percentage of GDP in the last 100 years?  <a href="/p2173" class="twitter-atreply pretty-link js-nav" dir="ltr" data-mentioned-user-id="16729309" ><s>@</s><b>p2173</b></a> <a href="/Afine" class="twitter-atreply pretty-link js-nav" dir="ltr" data-mentioned-user-id="15016599" ><s>@</s><b>Afine</b></a> <a href="/kanter" class="twitter-atreply pretty-link js-nav" dir="ltr" data-mentioned-user-id="10297" ><s>@</s><b>kanter</b></a>]]></document>
		<document id="189490691225821186" url="https://twitter.com/perlani/status/189490691225821186"><![CDATA[Congrats to Hacienda de los Milagros for also being voted the Top Local Animal Nonprofit on HuffPost! <a href="http://t.co/6JK49pmA" rel="nofollow" dir="ltr" data-expanded-url="http://bit.ly/IxbYsf" class="twitter-timeline-link" target="_blank" title="http://bit.ly/IxbYsf" ><span class="tco-ellipsis"></span><span class="invisible">http://</span><span class="js-display-url">bit.ly/IxbYsf</span><span class="invisible"></span><span class="tco-ellipsis"><span class="invisible">&nbsp;</span></span></a>]]></document>
		<document id="193124257679679490" url="https://twitter.com/perlani/status/193124257679679490"><![CDATA[Top Local &#39;Green&#39; Nonprofit Of The Month (VOTE!) <a href="http://t.co/Ysk4ddg2" rel="nofollow" dir="ltr" data-expanded-url="http://huff.to/I4SawY" class="twitter-timeline-link" target="_blank" title="http://huff.to/I4SawY" ><span class="tco-ellipsis"></span><span class="invisible">http://</span><span class="js-display-url">huff.to/I4SawY</span><span class="invisible"></span><span class="tco-ellipsis"><span class="invisible">&nbsp;</span></span></a> via <a href="/HuffingtonPost" class="twitter-atreply pretty-link js-nav" dir="ltr" data-mentioned-user-id="14511951" ><s>@</s><b>HuffingtonPost</b></a>]]></document>
		<document id="206448910754000896" url="https://twitter.com/perlani/status/206448910754000896"><![CDATA[thanks Connie!   <a href="/cheesycon" class="twitter-atreply pretty-link js-nav" dir="ltr" data-mentioned-user-id="2438851401" ><s>@</s><b>cheesycon</b></a>]]></document>
		<document id="208430644974456834" url="https://twitter.com/perlani/status/208430644974456834"><![CDATA[Great article on how families are overcoming poverty - Investing in Homegrown Solutions <a href="http://t.co/9TxYQNDI" rel="nofollow" dir="ltr" data-expanded-url="http://huff.to/LMU6ru" class="twitter-timeline-link" target="_blank" title="http://huff.to/LMU6ru" ><span class="tco-ellipsis"></span><span class="invisible">http://</span><span class="js-display-url">huff.to/LMU6ru</span><span class="invisible"></span><span class="tco-ellipsis"><span class="invisible">&nbsp;</span></span></a> via <a href="/HuffPostImpact" class="twitter-atreply pretty-link js-nav" dir="ltr" data-mentioned-user-id="80681990" ><s>@</s><b>HuffPostImpact</b></a>]]></document>
		<document id="211162052885102594" url="https://twitter.com/perlani/status/211162052885102594"><![CDATA[I created group Listening to Your Stakeholders on Linkedin.: <a href="http://t.co/NqUNi2sn" rel="nofollow" dir="ltr" data-expanded-url="http://lnkd.in/M8eyPT" class="twitter-timeline-link" target="_blank" title="http://lnkd.in/M8eyPT" ><span class="tco-ellipsis"></span><span class="invisible">http://</span><span class="js-display-url">lnkd.in/M8eyPT</span><span class="invisible"></span><span class="tco-ellipsis"><span class="invisible">&nbsp;</span></span></a>]]></document>
		<document id="215693354585956352" url="https://twitter.com/perlani/status/215693354585956352"><![CDATA[Top 5 List: We Pick 5 Service Projects for Lindsay Lohan via <a href="/GreatNonprofits" class="twitter-atreply pretty-link js-nav" dir="ltr" data-mentioned-user-id="21697654" ><s>@</s><b>GreatNonprofits</b></a> <a href="http://t.co/Tt3jzJnQ" rel="nofollow" dir="ltr" data-expanded-url="http://greatnonprofits.org/nonprofitnews/lindsay-lohan-car-crash/" class="twitter-timeline-link" target="_blank" title="http://greatnonprofits.org/nonprofitnews/lindsay-lohan-car-crash/" ><span class="tco-ellipsis"></span><span class="invisible">http://</span><span class="js-display-url">greatnonprofits.org/nonprofitnews/</span><span class="invisible">lindsay-lohan-car-crash/</span><span class="tco-ellipsis"><span class="invisible">&nbsp;</span>…</span></a> via <a href="/GreatNonprofits" class="twitter-atreply pretty-link js-nav" dir="ltr" data-mentioned-user-id="21697654" ><s>@</s><b>GreatNonprofits</b></a>]]></document>
		<document id="228611771529826306" url="https://twitter.com/perlani/status/228611771529826306"><![CDATA[Thanks <a href="/kanter" class="twitter-atreply pretty-link js-nav" dir="ltr" data-mentioned-user-id="10297" ><s>@</s><b>kanter</b></a>!  <a href="/NickKristof" class="twitter-atreply pretty-link js-nav" dir="ltr" data-mentioned-user-id="17004618" ><s>@</s><b>NickKristof</b></a> Nickolas Kristof Gets &quot;A&quot; in Philanthropy from <a href="/GreatNonprofits" class="twitter-atreply pretty-link js-nav" dir="ltr" data-mentioned-user-id="21697654" ><s>@</s><b>GreatNonprofits</b></a> <a href="http://t.co/sJIs9wL1" rel="nofollow" dir="ltr" data-expanded-url="http://bit.ly/LP7HiW" class="twitter-timeline-link" target="_blank" title="http://bit.ly/LP7HiW" ><span class="tco-ellipsis"></span><span class="invisible">http://</span><span class="js-display-url">bit.ly/LP7HiW</span><span class="invisible"></span><span class="tco-ellipsis"><span class="invisible">&nbsp;</span></span></a>]]></document>
		<document id="24169595771" url="https://twitter.com/perlani/status/24169595771"><![CDATA[Great stories of volunteers who read to kids.  This inspires me to want to read!  http://bit.ly/dnqC80]]></document>
		<document id="244143095304843264" url="https://twitter.com/perlani/status/244143095304843264"><![CDATA[I&#39;m hiring! Internship: Online Marketing and Social  at GreatNonprofits - San Francisco Bay Area <a href="/hashtag/jobs?src=hash" data-query-source="hashtag_click" class="twitter-hashtag pretty-link js-nav" dir="ltr" ><s>#</s><b>jobs</b></a> <a href="http://t.co/jsBJSe5t" rel="nofollow" dir="ltr" data-expanded-url="http://lnkd.in/Jrx7Sh" class="twitter-timeline-link" target="_blank" title="http://lnkd.in/Jrx7Sh" ><span class="tco-ellipsis"></span><span class="invisible">http://</span><span class="js-display-url">lnkd.in/Jrx7Sh</span><span class="invisible"></span><span class="tco-ellipsis"><span class="invisible">&nbsp;</span></span></a>]]></document>
		<document id="24427111349" url="https://twitter.com/perlani/status/24427111349"><![CDATA[http://bit.ly/dsDetn]]></document>
		<document id="268627495664898048" url="https://twitter.com/perlani/status/268627495664898048"><![CDATA[I&#39;m hiring! Online Marketing Associate - Contract Po at GreatNonprofits - San Francisco Bay Area <a href="/hashtag/jobs?src=hash" data-query-source="hashtag_click" class="twitter-hashtag pretty-link js-nav" dir="ltr" ><s>#</s><b>jobs</b></a> <a href="http://t.co/gPGbfEQh" rel="nofollow" dir="ltr" data-expanded-url="http://lnkd.in/qMXNgu" class="twitter-timeline-link" target="_blank" title="http://lnkd.in/qMXNgu" ><span class="tco-ellipsis"></span><span class="invisible">http://</span><span class="js-display-url">lnkd.in/qMXNgu</span><span class="invisible"></span><span class="tco-ellipsis"><span class="invisible">&nbsp;</span></span></a>]]></document>
		<document id="284758943492886528" url="https://twitter.com/perlani/status/284758943492886528"><![CDATA[Top-Rated National Charities — Give or volunteer via <a href="/GreatNonprofits" class="twitter-atreply pretty-link js-nav" dir="ltr" data-mentioned-user-id="21697654" ><s>@</s><b>GreatNonprofits</b></a> <a href="http://t.co/PdgGeoHu" rel="nofollow" dir="ltr" data-expanded-url="http://greatnonprofits.org/nonprofitnews/top-national-nonprofits/" class="twitter-timeline-link" target="_blank" title="http://greatnonprofits.org/nonprofitnews/top-national-nonprofits/" ><span class="tco-ellipsis"></span><span class="invisible">http://</span><span class="js-display-url">greatnonprofits.org/nonprofitnews/</span><span class="invisible">top-national-nonprofits/</span><span class="tco-ellipsis"><span class="invisible">&nbsp;</span>…</span></a> via <a href="/GreatNonprofits" class="twitter-atreply pretty-link js-nav" dir="ltr" data-mentioned-user-id="21697654" ><s>@</s><b>GreatNonprofits</b></a>]]></document>
		<document id="284759493064142848" url="https://twitter.com/perlani/status/284759493064142848"><![CDATA[Top-Rated National Charities — <a href="/GreatNonprofits" class="twitter-atreply pretty-link js-nav" dir="ltr" data-mentioned-user-id="21697654" ><s>@</s><b>GreatNonprofits</b></a> <a href="http://t.co/PdgGeoHu" rel="nofollow" dir="ltr" data-expanded-url="http://greatnonprofits.org/nonprofitnews/top-national-nonprofits/" class="twitter-timeline-link" target="_blank" title="http://greatnonprofits.org/nonprofitnews/top-national-nonprofits/" ><span class="tco-ellipsis"></span><span class="invisible">http://</span><span class="js-display-url">greatnonprofits.org/nonprofitnews/</span><span class="invisible">top-national-nonprofits/</span><span class="tco-ellipsis"><span class="invisible">&nbsp;</span>…</span></a> via <a href="/GreatNonprofits" class="twitter-atreply pretty-link js-nav" dir="ltr" data-mentioned-user-id="21697654" ><s>@</s><b>GreatNonprofits</b></a>]]></document>
		<document id="295985659255083009" url="https://twitter.com/perlani/status/295985659255083009"><![CDATA[<a href="/vicvrana" class="twitter-atreply pretty-link js-nav" dir="ltr" data-mentioned-user-id="19052151" ><s>@</s><b>vicvrana</b></a> <a href="/CDEgger" class="twitter-atreply pretty-link js-nav" dir="ltr" data-mentioned-user-id="14903294" ><s>@</s><b>CDEgger</b></a> <a href="/GreatNonprofits" class="twitter-atreply pretty-link js-nav" dir="ltr" data-mentioned-user-id="21697654" ><s>@</s><b>GreatNonprofits</b></a> Thanks for spreading the word, Victoria!]]></document>
		<document id="295985970996711424" url="https://twitter.com/perlani/status/295985970996711424"><![CDATA[<a href="/philCEP" class="twitter-atreply pretty-link js-nav" dir="ltr" data-mentioned-user-id="174767176" ><s>@</s><b>philCEP</b></a> <a href="/nedgington" class="twitter-atreply pretty-link js-nav" dir="ltr" data-mentioned-user-id="16743709" ><s>@</s><b>nedgington</b></a> Nell, I&#39;d love to talk with you.  perlani(at)<a href="http://t.co/Vz7YHibs" rel="nofollow" dir="ltr" data-expanded-url="http://greatnonprofits.org" class="twitter-timeline-link" target="_blank" title="http://greatnonprofits.org" ><span class="tco-ellipsis"></span><span class="invisible">http://</span><span class="js-display-url">greatnonprofits.org</span><span class="invisible"></span><span class="tco-ellipsis"><span class="invisible">&nbsp;</span></span></a>.   Let&#39;s set up a time to talk!]]></document>
		<document id="296580582245273601" url="https://twitter.com/perlani/status/296580582245273601"><![CDATA[See you at the Stanford Social Medica conference tomorrow!  I&#39;ll be speaking at 11:15.]]></document>
		<document id="306180839723646977" url="https://twitter.com/perlani/status/306180839723646977"><![CDATA[I&#39;m hiring! VP of Marketing at GreatNonprofits - San Francisco Bay Area <a href="/hashtag/jobs?src=hash" data-query-source="hashtag_click" class="twitter-hashtag pretty-link js-nav" dir="ltr" ><s>#</s><b>jobs</b></a> <a href="http://t.co/B1N9Pm6Oex" rel="nofollow" dir="ltr" data-expanded-url="http://lnkd.in/Gizw_k" class="twitter-timeline-link" target="_blank" title="http://lnkd.in/Gizw_k" ><span class="tco-ellipsis"></span><span class="invisible">http://</span><span class="js-display-url">lnkd.in/Gizw_k</span><span class="invisible"></span><span class="tco-ellipsis"><span class="invisible">&nbsp;</span></span></a>]]></document>
		<document id="309214590330363904" url="https://twitter.com/perlani/status/309214590330363904"><![CDATA[<a href="http://t.co/FasrCvUb6J" rel="nofollow" dir="ltr" data-expanded-url="http://lnkd.in/-mDpxW" class="twitter-timeline-link" target="_blank" title="http://lnkd.in/-mDpxW" ><span class="tco-ellipsis"></span><span class="invisible">http://</span><span class="js-display-url">lnkd.in/-mDpxW</span><span class="invisible"></span><span class="tco-ellipsis"><span class="invisible">&nbsp;</span></span></a> Thanks for asking!  1. Would love to see a nonprofit rate for the conference 2. Ditto Rhonda&#39;s suggestion 3. A...]]></document>
		<document id="309543582023438336" url="https://twitter.com/perlani/status/309543582023438336"><![CDATA[Worth reading this inspiring story of Ang Lee and why you should never give up on your dreams-<a href="http://t.co/tWfwuepMGb" rel="nofollow" dir="ltr" data-expanded-url="http://lnkd.in/R5hWwv" class="twitter-timeline-link u-hidden" target="_blank" title="http://lnkd.in/R5hWwv" ><span class="tco-ellipsis"></span><span class="invisible">http://</span><span class="js-display-url">lnkd.in/R5hWwv</span><span class="invisible"></span><span class="tco-ellipsis"><span class="invisible">&nbsp;</span></span></a>]]></document>
		<document id="314652110014791681" url="https://twitter.com/perlani/status/314652110014791681"><![CDATA[From my friend, Angela Morgenstern who is hiring now for 100 positions! <a href="http://t.co/j4iC7JaMUK" rel="nofollow" dir="ltr" data-expanded-url="http://lnkd.in/i6x4TB" class="twitter-timeline-link" target="_blank" title="http://lnkd.in/i6x4TB" ><span class="tco-ellipsis"></span><span class="invisible">http://</span><span class="js-display-url">lnkd.in/i6x4TB</span><span class="invisible"></span><span class="tco-ellipsis"><span class="invisible">&nbsp;</span></span></a>]]></document>
		<document id="318995140075208704" url="https://twitter.com/perlani/status/318995140075208704"><![CDATA[I&#39;m hiring! Marketing Associate at GreatNonprofits - San Francisco Bay Area <a href="/hashtag/jobs?src=hash" data-query-source="hashtag_click" class="twitter-hashtag pretty-link js-nav" dir="ltr" ><s>#</s><b>jobs</b></a> <a href="http://t.co/nvxXevFYhg" rel="nofollow" dir="ltr" data-expanded-url="http://lnkd.in/xzWutp" class="twitter-timeline-link" target="_blank" title="http://lnkd.in/xzWutp" ><span class="tco-ellipsis"></span><span class="invisible">http://</span><span class="js-display-url">lnkd.in/xzWutp</span><span class="invisible"></span><span class="tco-ellipsis"><span class="invisible">&nbsp;</span></span></a>]]></document>
		<document id="328350865901637632" url="https://twitter.com/perlani/status/328350865901637632"><![CDATA[<a href="/maxmind" class="twitter-atreply pretty-link js-nav" dir="ltr" data-mentioned-user-id="288979885" ><s>@</s><b>maxmind</b></a> we are having website slowness.  Can you let me know if your network issue has been resolved?]]></document>
		<document id="332233890498494464" url="https://twitter.com/perlani/status/332233890498494464"><![CDATA[I&#39;m hiring! VP of Product at GreatNonprofits - San Francisco Bay Area <a href="/hashtag/jobs?src=hash" data-query-source="hashtag_click" class="twitter-hashtag pretty-link js-nav" dir="ltr" ><s>#</s><b>jobs</b></a> <a href="http://t.co/qQPfzUVC2x" rel="nofollow" dir="ltr" data-expanded-url="http://lnkd.in/8JwyTz" class="twitter-timeline-link" target="_blank" title="http://lnkd.in/8JwyTz" ><span class="tco-ellipsis"></span><span class="invisible">http://</span><span class="js-display-url">lnkd.in/8JwyTz</span><span class="invisible"></span><span class="tco-ellipsis"><span class="invisible">&nbsp;</span></span></a>]]></document>
		<document id="336742045790138369" url="https://twitter.com/perlani/status/336742045790138369"><![CDATA[If you want to donate, check out the highly-rated <a href="/feedthechildren" class="twitter-atreply pretty-link js-nav" dir="ltr" data-mentioned-user-id="17602585" ><s>@</s><b>FeedTheChildren</b></a> in <a href="/hashtag/Oklahomacity?src=hash" data-query-source="hashtag_click" class="twitter-hashtag pretty-link js-nav" dir="ltr" ><s>#</s><b>Oklahomacity</b></a>.  Great reviews: <a href="http://t.co/ArfMwtnMyl" rel="nofollow" dir="ltr" data-expanded-url="http://bit.ly/19Z3gOr" class="twitter-timeline-link" target="_blank" title="http://bit.ly/19Z3gOr" ><span class="tco-ellipsis"></span><span class="invisible">http://</span><span class="js-display-url">bit.ly/19Z3gOr</span><span class="invisible"></span><span class="tco-ellipsis"><span class="invisible">&nbsp;</span></span></a>]]></document>
		<document id="336880615129485312" url="https://twitter.com/perlani/status/336880615129485312"><![CDATA[Abercrombie and Fitch are out of sync with the socially-conscious generation.<a href="http://t.co/WkML5BtsuD" rel="nofollow" dir="ltr" data-expanded-url="http://ow.ly/l4IIc" class="twitter-timeline-link u-hidden" target="_blank" title="http://ow.ly/l4IIc" ><span class="tco-ellipsis"></span><span class="invisible">http://</span><span class="js-display-url">ow.ly/l4IIc</span><span class="invisible"></span><span class="tco-ellipsis"><span class="invisible">&nbsp;</span></span></a>]]></document>
		<document id="351803591310319617" url="https://twitter.com/perlani/status/351803591310319617"><![CDATA[I&#39;m hiring! VP of Product at GreatNonprofits - San Francisco Bay Area <a href="/hashtag/jobs?src=hash" data-query-source="hashtag_click" class="twitter-hashtag pretty-link js-nav" dir="ltr" ><s>#</s><b>jobs</b></a> <a href="http://t.co/kjfuwRHkfN" rel="nofollow" dir="ltr" data-expanded-url="http://lnkd.in/8UNyGB" class="twitter-timeline-link" target="_blank" title="http://lnkd.in/8UNyGB" ><span class="tco-ellipsis"></span><span class="invisible">http://</span><span class="js-display-url">lnkd.in/8UNyGB</span><span class="invisible"></span><span class="tco-ellipsis"><span class="invisible">&nbsp;</span></span></a>]]></document>
		<document id="355183025446850560" url="https://twitter.com/perlani/status/355183025446850560"><![CDATA[Sobratos step down from running daily operations at the family&#39;s Silicon Valley real estate company<a href="http://t.co/k7ohhUnsjV" rel="nofollow" dir="ltr" data-expanded-url="http://lnkd.in/epZqWK" class="twitter-timeline-link u-hidden" target="_blank" title="http://lnkd.in/epZqWK" ><span class="tco-ellipsis"></span><span class="invisible">http://</span><span class="js-display-url">lnkd.in/epZqWK</span><span class="invisible"></span><span class="tco-ellipsis"><span class="invisible">&nbsp;</span></span></a>]]></document>
		<document id="362289869424295936" url="https://twitter.com/perlani/status/362289869424295936"><![CDATA[The Surprising Science of How To Be Happy By Spending Money<a href="http://t.co/oQ0O2Ui5r1" rel="nofollow" dir="ltr" data-expanded-url="http://lnkd.in/GRVrNM" class="twitter-timeline-link u-hidden" target="_blank" title="http://lnkd.in/GRVrNM" ><span class="tco-ellipsis"></span><span class="invisible">http://</span><span class="js-display-url">lnkd.in/GRVrNM</span><span class="invisible"></span><span class="tco-ellipsis"><span class="invisible">&nbsp;</span></span></a>]]></document>
		<document id="36339630815055872" url="https://twitter.com/perlani/status/36339630815055872"><![CDATA[Susan G. Komen sues smaller charities that use pink and the phrase &quot;for the cure&quot; http://huff.to/fGHigV]]></document>
		<document id="369625972" url="https://twitter.com/perlani/status/369625972"><![CDATA[making fresh wheat grass/strawberry juice]]></document>
		<document id="375326116161912832" url="https://twitter.com/perlani/status/375326116161912832"><![CDATA[Thanks <a href="/vicvrana" class="twitter-atreply pretty-link js-nav" dir="ltr" data-mentioned-user-id="19052151" ><s>@</s><b>vicvrana</b></a> for the shout out to share knowledge about nonprofits <a href="/GreatNonprofits" class="twitter-atreply pretty-link js-nav" dir="ltr" data-mentioned-user-id="21697654" ><s>@</s><b>GreatNonprofits</b></a> at <a href="/hashtag/socap13?src=hash" data-query-source="hashtag_click" class="twitter-hashtag pretty-link js-nav" dir="ltr" ><s>#</s><b>socap13</b></a>]]></document>
		<document id="387926734210752513" url="https://twitter.com/perlani/status/387926734210752513"><![CDATA[My latest post: Keep It Simple - Lessons On Feedback Tools for Nonprofits | LinkedIn<a href="http://t.co/EFwaJOmqmc" rel="nofollow" dir="ltr" data-expanded-url="http://www.linkedin.com/today/post/article/20131009130111-489685-keep-it-simple-lessons-on-feedback-tools-for-nonprofits" class="twitter-timeline-link u-hidden" target="_blank" title="http://www.linkedin.com/today/post/article/20131009130111-489685-keep-it-simple-lessons-on-feedback-tools-for-nonprofits" ><span class="tco-ellipsis"></span><span class="invisible">http://www.</span><span class="js-display-url">linkedin.com/today/post/art</span><span class="invisible">icle/20131009130111-489685-keep-it-simple-lessons-on-feedback-tools-for-nonprofits</span><span class="tco-ellipsis"><span class="invisible">&nbsp;</span>…</span></a>]]></document>
		<document id="388771463336972288" url="https://twitter.com/perlani/status/388771463336972288"><![CDATA[I&#39;m hiring! VP Business Development at GreatNonprofits - San Francisco Bay Area <a href="/hashtag/jobs?src=hash" data-query-source="hashtag_click" class="twitter-hashtag pretty-link js-nav" dir="ltr" ><s>#</s><b>jobs</b></a> <a href="http://t.co/kPzphDpDJj" rel="nofollow" dir="ltr" data-expanded-url="http://lnkd.in/bihdynC" class="twitter-timeline-link" target="_blank" title="http://lnkd.in/bihdynC" ><span class="tco-ellipsis"></span><span class="invisible">http://</span><span class="js-display-url">lnkd.in/bihdynC</span><span class="invisible"></span><span class="tco-ellipsis"><span class="invisible">&nbsp;</span></span></a>]]></document>
		<document id="388790484564312064" url="https://twitter.com/perlani/status/388790484564312064"><![CDATA[My latest blog:  How Much Money To Leave Your Children? | LinkedIn<a href="http://t.co/EgKGTkwhIP" rel="nofollow" dir="ltr" data-expanded-url="http://www.linkedin.com/today/post/article/20131011220844-489685-on" class="twitter-timeline-link u-hidden" target="_blank" title="http://www.linkedin.com/today/post/article/20131011220844-489685-on" ><span class="tco-ellipsis"></span><span class="invisible">http://www.</span><span class="js-display-url">linkedin.com/today/post/art</span><span class="invisible">icle/20131011220844-489685-on</span><span class="tco-ellipsis"><span class="invisible">&nbsp;</span>…</span></a>]]></document>
		<document id="390592849390993408" url="https://twitter.com/perlani/status/390592849390993408"><![CDATA[Great presentation by <a href="/StacyDon" class="twitter-atreply pretty-link js-nav" dir="ltr" data-mentioned-user-id="21223831" ><s>@</s><b>StacyDon</b></a> on gov procurement reform <a href="/hashtag/CfASummit?src=hash" data-query-source="hashtag_click" class="twitter-hashtag pretty-link js-nav" dir="ltr" ><s>#</s><b>CfASummit</b></a>. Results in more competition, access for small biz and transparency]]></document>
		<document id="391239674955456513" url="https://twitter.com/perlani/status/391239674955456513"><![CDATA[<a href="/Aaron_Hurst" class="twitter-atreply pretty-link js-nav" dir="ltr" data-mentioned-user-id="185306575" ><s>@</s><b>Aaron_Hurst</b></a> says people are looking for purpose and self-expression.  At the Social Venture Partners summit <a href="/hashtag/svp13?src=hash" data-query-source="hashtag_click" class="twitter-hashtag pretty-link js-nav" dir="ltr" ><s>#</s><b>svp13</b></a>.]]></document>
		<document id="391252201365987328" url="https://twitter.com/perlani/status/391252201365987328"><![CDATA[<a href="/hmcgrant" class="twitter-atreply pretty-link js-nav" dir="ltr" data-mentioned-user-id="34516340" ><s>@</s><b>hmcgrant</b></a> says leaders are system thinkers and relationship builders . Leadership is not about the lone hero. <a href="/hashtag/svp13?src=hash" data-query-source="hashtag_click" class="twitter-hashtag pretty-link js-nav" dir="ltr" ><s>#</s><b>svp13</b></a> summit.]]></document>
		<document id="401058757624332288" url="https://twitter.com/perlani/status/401058757624332288"><![CDATA[My post on &quot;How to help the Phillippines&quot; on LinkedIn<a href="http://t.co/y2NE48NajR" rel="nofollow" dir="ltr" data-expanded-url="http://www.linkedin.com/today/post/article/20131114182408-489685-how-to-help-phillipines" class="twitter-timeline-link u-hidden" target="_blank" title="http://www.linkedin.com/today/post/article/20131114182408-489685-how-to-help-phillipines" ><span class="tco-ellipsis"></span><span class="invisible">http://www.</span><span class="js-display-url">linkedin.com/today/post/art</span><span class="invisible">icle/20131114182408-489685-how-to-help-phillipines</span><span class="tco-ellipsis"><span class="invisible">&nbsp;</span>…</span></a>]]></document>
		<document id="408083078909685760" url="https://twitter.com/perlani/status/408083078909685760"><![CDATA[<a href="/parkertweetman" class="twitter-atreply pretty-link js-nav" dir="ltr" data-mentioned-user-id="101012441" ><s>@</s><b>parkertweetman</b></a> <a href="/GreatNonprofits" class="twitter-atreply pretty-link js-nav" dir="ltr" data-mentioned-user-id="21697654" ><s>@</s><b>GreatNonprofits</b></a>  Thanks Parker Blackman, one of our awesome board members!]]></document>
		<document id="408085849973088256" url="https://twitter.com/perlani/status/408085849973088256"><![CDATA[What awesome karma in the air today with so many of you supporting nonprofits! Love and gratitude all around!<a href="http://t.co/qoC6PCJ0Fp" class="twitter-timeline-link u-hidden" data-pre-embedded="true" dir="ltr" >pic.twitter.com/qoC6PCJ0Fp</a>]]></document>
		<document id="411200467415212032" url="https://twitter.com/perlani/status/411200467415212032"><![CDATA[Hey, our friends at JustGive are hiring for Director of Product Management!  Check it out <a href="http://t.co/A62XJsOhc3" rel="nofollow" dir="ltr" data-expanded-url="http://www.linkedin.com/jobs2/view/10067890" class="twitter-timeline-link" target="_blank" title="http://www.linkedin.com/jobs2/view/10067890" ><span class="tco-ellipsis"></span><span class="invisible">http://www.</span><span class="js-display-url">linkedin.com/jobs2/view/100</span><span class="invisible">67890</span><span class="tco-ellipsis"><span class="invisible">&nbsp;</span>…</span></a>]]></document>
		<document id="419543565597822976" url="https://twitter.com/perlani/status/419543565597822976"><![CDATA[Congrats!  <a href="/GivingTues" class="twitter-atreply pretty-link js-nav" dir="ltr" data-mentioned-user-id="460708976" ><s>@</s><b>GivingTues</b></a> <a href="/PayPal" class="twitter-atreply pretty-link js-nav" dir="ltr" data-mentioned-user-id="30018058" ><s>@</s><b>PayPal</b></a> and <a href="/clamlorenz" class="twitter-atreply pretty-link js-nav" dir="ltr" data-mentioned-user-id="131507323" ><s>@</s><b>clamlorenz</b></a>]]></document>
		<document id="5890021" url="https://twitter.com/perlani/status/5890021"><![CDATA[In SF today, catching up on emails and calls.]]></document>
		<document id="93568238650273793" url="https://twitter.com/perlani/status/93568238650273793"><![CDATA[Know of a great nonprofit improving social justice?  Nominate them for  the GreatNonprofit&#39;s Social Justice Campaign. <a href="http://t.co/RNCnuoA" rel="nofollow" dir="ltr" data-expanded-url="http://bit.ly/nosix0" class="twitter-timeline-link" target="_blank" title="http://bit.ly/nosix0" ><span class="tco-ellipsis"></span><span class="invisible">http://</span><span class="js-display-url">bit.ly/nosix0</span><span class="invisible"></span><span class="tco-ellipsis"><span class="invisible">&nbsp;</span></span></a>]]></document>
		<document id="97085315814129664" url="https://twitter.com/perlani/status/97085315814129664"><![CDATA[Check this video out -- How to find great local nonprofits to get involved in! <a href="http://t.co/m9rDrCo" rel="nofollow" dir="ltr" data-expanded-url="http://www.youtube.com/watch?v=afS0MzYLe6g&amp;feature=share" class="twitter-timeline-link" target="_blank" title="http://www.youtube.com/watch?v=afS0MzYLe6g&amp;feature=share" ><span class="tco-ellipsis"></span><span class="invisible">http://www.</span><span class="js-display-url">youtube.com/watch?v=afS0Mz</span><span class="invisible">YLe6g&amp;feature=share</span><span class="tco-ellipsis"><span class="invisible">&nbsp;</span>…</span></a> via <a href="/YouTube" class="twitter-atreply pretty-link js-nav" dir="ltr" data-mentioned-user-id="10228272" ><s>@</s><b>youtube</b></a>]]></document>
	</documents>
</author>