<?xml version="1.0" encoding="UTF-8" standalone="no"?><author age_group="xx" gender="xx" lang="EN" type="twitter" url="https://twitter.com/trailguide411">
	<documents count="73">
		<document id="11057653247" url="https://twitter.com/trailguide411/status/11057653247"/>
		<document id="11196198011" url="https://twitter.com/trailguide411/status/11196198011"><![CDATA[Oakland Half-Marathon Race Day!  Come cheer us on! http://bit.ly/azLDbn]]></document>
		<document id="12371228582" url="https://twitter.com/trailguide411/status/12371228582"><![CDATA[We now have elevation profiles for trail segments!  For now it works only for non-Internet Explorer browsers.  We... http://bit.ly/cOzd7B]]></document>
		<document id="12371290657" url="https://twitter.com/trailguide411/status/12371290657"><![CDATA[Check out our trail segment elevation profiles! www.trailguide411.php.]]></document>
		<document id="142649220300673024" url="https://twitter.com/trailguide411/status/142649220300673024"><![CDATA[What features would you like to see in an online trail guide?  Pictures, routing, ratings, comments?  C/O <a href="http://t.co/11lzCMwC" rel="nofollow" dir="ltr" data-expanded-url="http://trailguide411.com" class="twitter-timeline-link" target="_blank" title="http://trailguide411.com" ><span class="tco-ellipsis"></span><span class="invisible">http://</span><span class="js-display-url">trailguide411.com</span><span class="invisible"></span><span class="tco-ellipsis"><span class="invisible">&nbsp;</span></span></a> and tell us.]]></document>
		<document id="142649587570708482" url="https://twitter.com/trailguide411/status/142649587570708482"/>
		<document id="14297320995" url="https://twitter.com/trailguide411/status/14297320995"><![CDATA[We new have elevation profiles for Internet Explorer! http://bit.ly/bMhdh7]]></document>
		<document id="143506502676783104" url="https://twitter.com/trailguide411/status/143506502676783104"><![CDATA[Back on the trails today!  Slow, steady progress.]]></document>
		<document id="1537537920" url="https://twitter.com/trailguide411/status/1537537920"><![CDATA[wondering how we can get our new map book out to the trail lovers of the SF Bay area.]]></document>
		<document id="17422489513" url="https://twitter.com/trailguide411/status/17422489513"><![CDATA[Working on bringing the trail maps to your mobile phone.]]></document>
		<document id="1768516529" url="https://twitter.com/trailguide411/status/1768516529"><![CDATA[Starting the process to layout the Marin/SF Trail Collection map book]]></document>
		<document id="1838684520" url="https://twitter.com/trailguide411/status/1838684520"><![CDATA[Still in awe of clouds of Lady Bugs in flight at Laurel Dell on Mt Tam.]]></document>
		<document id="1841836939" url="https://twitter.com/trailguide411/status/1841836939"><![CDATA[Elated that Diablo Magazine chose San Francisco Trail Guide:  East Bay Volume I as one of Editors Best Picks.  http://www.diablomag.com]]></document>
		<document id="1865284317" url="https://twitter.com/trailguide411/status/1865284317"><![CDATA[Just bought a new GPS unit so we can finish capturing Marin trail data.]]></document>
		<document id="1926384778" url="https://twitter.com/trailguide411/status/1926384778"><![CDATA[Tonight in San Francisco!]]></document>
		<document id="1926866087" url="https://twitter.com/trailguide411/status/1926866087"><![CDATA[Just posted new East Bay Shoreline Virtual Tour:  www.ultimatetrailguide.com/videos/Shoreline.wmv]]></document>
		<document id="1949029183" url="https://twitter.com/trailguide411/status/1949029183"><![CDATA[Just sent out our Newsletter www.ultimatetrailguide.com/newsletters/Jun09.html]]></document>
		<document id="20013947289" url="https://twitter.com/trailguide411/status/20013947289"><![CDATA[Great 8 mile Golden Gate Bridge run with SF Fit today!]]></document>
		<document id="21013616508" url="https://twitter.com/trailguide411/status/21013616508"><![CDATA[Looking for feedback on our new mobile map web site.  If you have an iPhone, Nokia, Palm, Android or Driod mobile... http://fb.me/xCMuqf7X]]></document>
		<document id="2120104413" url="https://twitter.com/trailguide411/status/2120104413"><![CDATA[getting ready for book signings tonight and tomorrow.  http://www.ultimatetrailguide.com/newsletters/flyers/JuneSignings.html]]></document>
		<document id="3110533926" url="https://twitter.com/trailguide411/status/3110533926"><![CDATA[Successfully tested new GIS program to capture GPS data!  Knocked out Dimond Canyon Park yesterday!]]></document>
		<document id="4618085434" url="https://twitter.com/trailguide411/status/4618085434"><![CDATA[Celebrating that we were finally able to capture the Steep Ravine Trail in Mt Tam State Park!]]></document>
		<document id="48414334229020672" url="https://twitter.com/trailguide411/status/48414334229020672"><![CDATA[Looking forward to nicer weather so we can complete the data capture for the North Bay.  With the North Bay, we... http://fb.me/vxrqOdfQ]]></document>
		<document id="4898473640" url="https://twitter.com/trailguide411/status/4898473640"><![CDATA[Do you have a plan?  Remember:  Loma Prieta on Saturday, October 17th at 3 pm: www.ultimatetrailguide.com/newsletters/flyers/LomaPrieta.pdf.]]></document>
		<document id="5328429091" url="https://twitter.com/trailguide411/status/5328429091"><![CDATA[I posted 3 photos on Facebook in the album &quot;Iron Horse Trail&quot; http://bit.ly/8MV41]]></document>
		<document id="5328546622" url="https://twitter.com/trailguide411/status/5328546622"><![CDATA[Looking forward to a hike in Mt Tam Watershed tomorrow!  Still enjoying today&#39;s long training run along the Iron Horse Trail in Danville.]]></document>
		<document id="5352556219" url="https://twitter.com/trailguide411/status/5352556219"><![CDATA[I posted 6 photos on Facebook in the album &quot;Mt Tam Kent, Rocky Ridge and Berry Trails&quot; http://bit.ly/3OZxXX]]></document>
		<document id="5439628744" url="https://twitter.com/trailguide411/status/5439628744"><![CDATA[I posted 4 photos on Facebook in the album &quot;Lake Merrit/Lakeside Park&quot; http://bit.ly/2qhT7y]]></document>
		<document id="5439758471" url="https://twitter.com/trailguide411/status/5439758471"><![CDATA[Relaxing after a 35 minute training run at Oakland&#39;s newly redone Lake Merritt.]]></document>
		<document id="5566175685" url="https://twitter.com/trailguide411/status/5566175685"><![CDATA[I posted 4 photos on Facebook in the album &quot;Memorial Park&quot; http://bit.ly/14S7oy]]></document>
		<document id="5594644894" url="https://twitter.com/trailguide411/status/5594644894"><![CDATA[I posted 4 photos on Facebook in the album &quot;Alameda Shoreline&quot; http://bit.ly/38MEs6]]></document>
		<document id="5800786921" url="https://twitter.com/trailguide411/status/5800786921"><![CDATA[I posted 5 photos on Facebook in the album &quot;Martin Luther King Jr Regional Shoreline&quot; http://bit.ly/z6sXR]]></document>
		<document id="5873596472" url="https://twitter.com/trailguide411/status/5873596472"><![CDATA[Hi everyone, Sue and I are running 55 minutes this Saturday.  Please help us to decide where to run:  choices are ... http://bit.ly/dCWO0]]></document>
		<document id="5930302997" url="https://twitter.com/trailguide411/status/5930302997"><![CDATA[I posted 4 photos on Facebook in the album &quot;Eastshore State Park&quot; http://bit.ly/07iB8rN]]></document>
		<document id="5930464056" url="https://twitter.com/trailguide411/status/5930464056"><![CDATA[I would like to get your feedback.  We have beta map page that shows our trails on Google maps.  Take a look and... http://bit.ly/08wp0ty]]></document>
		<document id="5930518072" url="https://twitter.com/trailguide411/status/5930518072"><![CDATA[Try our new beta trail map:  www.ultimatetrailguide.com/mapdata/TrailKML.php.  Let us know what you think!]]></document>
		<document id="6123595937" url="https://twitter.com/trailguide411/status/6123595937"><![CDATA[Ran 65 minutes this morning at Balboa Park in LA.  Great run -- it was cool and easy to get into the zone.  Sorry,... http://bit.ly/5pS00T]]></document>
		<document id="6667969009" url="https://twitter.com/trailguide411/status/6667969009"><![CDATA[I posted 4 photos on Facebook in the album &quot;San Francisco Bay Trail Along the Embaradaro&quot; http://bit.ly/57YLyQ]]></document>
		<document id="6899876088" url="https://twitter.com/trailguide411/status/6899876088"><![CDATA[I posted 8 photos on Facebook in the album &quot;Golden Gate Bridge Run&quot; http://bit.ly/5m1T0e]]></document>
		<document id="69114985720188928" url="https://twitter.com/trailguide411/status/69114985720188928"><![CDATA[Trying to get Google to include our trail data organically in their basemaps]]></document>
		<document id="6970367687" url="https://twitter.com/trailguide411/status/6970367687"/>
		<document id="7003865954" url="https://twitter.com/trailguide411/status/7003865954"><![CDATA[Happy Holidays everyone!]]></document>
		<document id="7128435651" url="https://twitter.com/trailguide411/status/7128435651"><![CDATA[I posted 5 photos on Facebook in the album &quot;Golden Gate Park&quot; http://bit.ly/8VVzhe]]></document>
		<document id="7128985957" url="https://twitter.com/trailguide411/status/7128985957"><![CDATA[I posted 5 photos on Facebook in the album &quot;Ocean Beach Lands End&quot; http://bit.ly/8kwulb]]></document>
		<document id="73182276925665280" url="https://twitter.com/trailguide411/status/73182276925665280"/>
		<document id="7795258807" url="https://twitter.com/trailguide411/status/7795258807"><![CDATA[We just updated our trail map page to include data from San Francisco
and Marin Counties.  We have also improved... http://bit.ly/6j3hjm]]></document>
		<document id="7795590992" url="https://twitter.com/trailguide411/status/7795590992"/>
		<document id="7872612537" url="https://twitter.com/trailguide411/status/7872612537"><![CDATA[It was a great 70 minute run yesterday at Martin Luther King Jr Shoreline in Oakland yesterday!  As Claire and I... http://bit.ly/5I6MYz]]></document>
		<document id="7992652624" url="https://twitter.com/trailguide411/status/7992652624"><![CDATA[Looking forward to a break in the rain this weekend!  The trails will be too muddy to use so we will look to one of... http://bit.ly/7Lbyf2]]></document>
		<document id="8038754418" url="https://twitter.com/trailguide411/status/8038754418"><![CDATA[Now a days when I talk about the trails I talk about running.  But remember, you don&#39;t have to run to enjoy the... http://bit.ly/5QEUD2]]></document>
		<document id="8038764029" url="https://twitter.com/trailguide411/status/8038764029"><![CDATA[I posted 6 photos on Facebook in the album &quot;The Outdoors&quot; http://bit.ly/7lu2Ge]]></document>
		<document id="8086593159" url="https://twitter.com/trailguide411/status/8086593159"><![CDATA[Come to &quot;Romance Inside and Out&quot; Thursday, February 11 from 5:30 pm to 8:30 pm. Be DIFFERENT! Be BOLD! Go... http://bit.ly/6ILgHi]]></document>
		<document id="8088196018" url="https://twitter.com/trailguide411/status/8088196018"/>
		<document id="8088446375" url="https://twitter.com/trailguide411/status/8088446375"><![CDATA[IHiking Plan for Inspiration Point, Tilden Regional Park http://bit.ly/6FyNYf]]></document>
		<document id="8088488959" url="https://twitter.com/trailguide411/status/8088488959"><![CDATA[Inspiration Point Hiking Plan, Tilden Regional Park http://bit.ly/5BHYxP]]></document>
		<document id="8088518575" url="https://twitter.com/trailguide411/status/8088518575"><![CDATA[Ivan Dickson Loop Hiking Plan, Briones Regional Park http://bit.ly/8mCSNd]]></document>
		<document id="8088566454" url="https://twitter.com/trailguide411/status/8088566454"><![CDATA[View Hikes in San Francisco East Bay Regional Parks http://bit.ly/75uoI1]]></document>
		<document id="82104604900335616" url="https://twitter.com/trailguide411/status/82104604900335616"><![CDATA[Getting back out on the the trails today!]]></document>
		<document id="82105106023194625" url="https://twitter.com/trailguide411/status/82105106023194625"><![CDATA[Finally, good weather for hiking!  Finishing the North Bay is in our sights!]]></document>
		<document id="8215543697" url="https://twitter.com/trailguide411/status/8215543697"><![CDATA[Ran an 85 minute run this weekend.  Conquered the McDowell Hill in Fort Mason -- anyone who has run from Marina... http://bit.ly/62xgTv]]></document>
		<document id="8215822710" url="https://twitter.com/trailguide411/status/8215822710"><![CDATA[I posted 5 photos on Facebook in the album &quot;Nimitz Way Trail&quot; http://bit.ly/4IDV5V]]></document>
		<document id="8215997958" url="https://twitter.com/trailguide411/status/8215997958"><![CDATA[Come to our Romance Inside and Out on Feb 11 at Abigail&#39;s of Alameda http://www.ultimatetrailguide.com/newsletters/Jan10.html]]></document>
		<document id="82288291885498368" url="https://twitter.com/trailguide411/status/82288291885498368"><![CDATA[I posted 3 photos on Facebook in the album &quot;June 18, 2011&quot; http://fb.me/D93VugzJ]]></document>
		<document id="8472063350" url="https://twitter.com/trailguide411/status/8472063350"><![CDATA[I posted 4 photos on Facebook in the album &quot;SF Bay Trail&quot; http://bit.ly/c2XwHB]]></document>
		<document id="85020975929892864" url="https://twitter.com/trailguide411/status/85020975929892864"><![CDATA[I posted 10 photos on Facebook in the album &quot;Cascade Canyon Open Space&quot; http://fb.me/Jq9hJV3C]]></document>
		<document id="8697942409" url="https://twitter.com/trailguide411/status/8697942409"><![CDATA[Trying to decide what to do for Valentine&#39;s Day this year?  Join us as Susan Kaymon talks about romantic places for... http://bit.ly/cQ6Dk9]]></document>
		<document id="9025757713" url="https://twitter.com/trailguide411/status/9025757713"><![CDATA[Great turnout last night at Abigail&#39;s of Alameda for the Romance Inside and Outside Event.  Follow the link below... http://bit.ly/axNAZR]]></document>
		<document id="9162835736" url="https://twitter.com/trailguide411/status/9162835736"><![CDATA[Recovering from slightly more then 7 mile run on the Lafayette-Moraga trail yesterday.  It was a beautiful day with... http://bit.ly/b1Bxjr]]></document>
		<document id="9216170988" url="https://twitter.com/trailguide411/status/9216170988"><![CDATA[Does anyone know where there is a running track in or around Oakland that is available in the late afternoon early evening?]]></document>
		<document id="93356916209754112" url="https://twitter.com/trailguide411/status/93356916209754112"><![CDATA[I posted 7 photos on Facebook in the album &quot;White Hill Open Space&quot; http://fb.me/Lr4tvkIZ]]></document>
		<document id="9483146916" url="https://twitter.com/trailguide411/status/9483146916"><![CDATA[Great 9 mile run yesterday -- despite the rain!  Did you know you can plan your own runs using trailguide411?  We... http://bit.ly/aWT7Fa]]></document>
		<document id="98152466767552512" url="https://twitter.com/trailguide411/status/98152466767552512"><![CDATA[King Mountain Open Space is done!  Barring the Boy Scouts, we will finish data capture of SF North Bay Trails next... http://fb.me/MTb1TvG6]]></document>
		<document id="98154196653707264" url="https://twitter.com/trailguide411/status/98154196653707264"><![CDATA[I posted 5 photos on Facebook in the album &quot;King Mountain Open Space&quot; http://fb.me/S3XAiJpI]]></document>
	</documents>
</author>