<?xml version="1.0" encoding="UTF-8" standalone="no"?><author age_group="xx" gender="xx" lang="EN" type="twitter" url="https://twitter.com/maripuchi">
	<documents count="102">
		<document id="378984812549132288" url="https://twitter.com/maripuchi/status/378984812549132288"><![CDATA[Acumbayá! <a href="/hashtag/hedicho?src=hash" data-query-source="hashtag_click" class="twitter-hashtag pretty-link js-nav" dir="ltr" ><s>#</s><b>hedicho</b></a>]]></document>
		<document id="379686533328306177" url="https://twitter.com/maripuchi/status/379686533328306177"><![CDATA[Previously on AMC&#39;s Breaking Bad...]]></document>
		<document id="380053623809404928" url="https://twitter.com/maripuchi/status/380053623809404928"><![CDATA[Finally found a debate club in Vitoria. Yujuuuuu]]></document>
		<document id="382809850222108672" url="https://twitter.com/maripuchi/status/382809850222108672"><![CDATA[Una docena de cosas que jamás deberías poner en tu <a href="/hashtag/curr%C3%ADculum?src=hash" data-query-source="hashtag_click" class="twitter-hashtag pretty-link js-nav" dir="ltr" ><s>#</s><b>currículum</b></a> -<a href="http://t.co/lmEnavFXsh" rel="nofollow" dir="ltr" data-expanded-url="http://kcy.me/bhxa" class="twitter-timeline-link u-hidden" target="_blank" title="http://kcy.me/bhxa" ><span class="tco-ellipsis"></span><span class="invisible">http://</span><span class="js-display-url">kcy.me/bhxa</span><span class="invisible"></span><span class="tco-ellipsis"><span class="invisible">&nbsp;</span></span></a>]]></document>
		<document id="382818925630611456" url="https://twitter.com/maripuchi/status/382818925630611456"><![CDATA[<a href="/Maripuchi" class="twitter-atreply pretty-link js-nav" dir="ltr" data-mentioned-user-id="6367072" ><s>@</s><b>Maripuchi</b></a> Además conozco a quién lo está deseando... y no miro a nadie, eh? ; ) <a href="/publikaccion" class="twitter-atreply pretty-link js-nav" dir="ltr" data-mentioned-user-id="9558972" ><s>@</s><b>publikaccion</b></a>]]></document>
		<document id="386413135059365888" url="https://twitter.com/maripuchi/status/386413135059365888"><![CDATA[<a href="/alorza" class="twitter-atreply pretty-link js-nav" dir="ltr" data-mentioned-user-id="6129672" ><s>@</s><b>alorza</b></a> got your new book and it&#39;s waiting for your autograph...]]></document>
		<document id="388196801880522752" url="https://twitter.com/maripuchi/status/388196801880522752"><![CDATA[Parece que <a href="/Pontifex_es" class="twitter-atreply pretty-link js-nav" dir="ltr" data-mentioned-user-id="525264466" ><s>@</s><b>Pontifex_es</b></a> vendrá a Vitoria... y también <a href="/varelad" class="twitter-atreply pretty-link js-nav" dir="ltr" data-mentioned-user-id="14466670" ><s>@</s><b>varelad</b></a>. Ambos acontecimientos planetarios donde los haya :P <a href="/Oscar_Ray" class="twitter-atreply pretty-link js-nav" dir="ltr" data-mentioned-user-id="59615197" ><s>@</s><b>Oscar_Ray</b></a> <a href="/unadocenade" class="twitter-atreply pretty-link js-nav" dir="ltr" data-mentioned-user-id="343503867" ><s>@</s><b>unadocenade</b></a>]]></document>
		<document id="388597878345572352" url="https://twitter.com/maripuchi/status/388597878345572352"><![CDATA[Una docena de utilidades de las comunidades de Google   para el entorno laboral <a href="http://t.co/LoA78BI9y2" rel="nofollow" dir="ltr" data-expanded-url="http://kcy.me/fo4t" class="twitter-timeline-link" target="_blank" title="http://kcy.me/fo4t" ><span class="tco-ellipsis"></span><span class="invisible">http://</span><span class="js-display-url">kcy.me/fo4t</span><span class="invisible"></span><span class="tco-ellipsis"><span class="invisible">&nbsp;</span></span></a> Son magníficas!]]></document>
		<document id="390236833122353152" url="https://twitter.com/maripuchi/status/390236833122353152"><![CDATA[I&#39;ve loved the tonight&#39;s Toastmaster&#39; session.]]></document>
		<document id="392341256774615041" url="https://twitter.com/maripuchi/status/392341256774615041"><![CDATA[Me cag** en la obsolescencia programada de Apple ....mi iPhone 4 está ya dando señales de querer pasar a mejor vida....]]></document>
		<document id="392342622712659968" url="https://twitter.com/maripuchi/status/392342622712659968"><![CDATA[Me cag** en la obsolescencia programada de Apple ....mi iPhone 4 está ya dando señales de querer pasar a mejor vida....]]></document>
		<document id="393100045316128768" url="https://twitter.com/maripuchi/status/393100045316128768"><![CDATA[Por cierto, el otro día pasé por delante del hotel seminario en Derio y... ¿es mi imaginación o tiene un aguilucho en la fachada?]]></document>
		<document id="397416959634976768" url="https://twitter.com/maripuchi/status/397416959634976768"><![CDATA[Turno de tarde: Una docena de nombres de chica más puestos en España -<a href="http://t.co/0F7oBNtnZ4" rel="nofollow" dir="ltr" data-expanded-url="http://kcy.me/uq7y" class="twitter-timeline-link u-hidden" target="_blank" title="http://kcy.me/uq7y" ><span class="tco-ellipsis"></span><span class="invisible">http://</span><span class="js-display-url">kcy.me/uq7y</span><span class="invisible"></span><span class="tco-ellipsis"><span class="invisible">&nbsp;</span></span></a>]]></document>
		<document id="397654535214477313" url="https://twitter.com/maripuchi/status/397654535214477313"><![CDATA[Something Is Killing Life All Over The Pacific Ocean... could it be Fukushima?  <a href="http://t.co/hmfLTna8xB" rel="nofollow" dir="ltr" data-expanded-url="http://kcy.me/usgh" class="twitter-timeline-link" target="_blank" title="http://kcy.me/usgh" ><span class="tco-ellipsis"></span><span class="invisible">http://</span><span class="js-display-url">kcy.me/usgh</span><span class="invisible"></span><span class="tco-ellipsis"><span class="invisible">&nbsp;</span></span></a>]]></document>
		<document id="397755696437288960" url="https://twitter.com/maripuchi/status/397755696437288960"><![CDATA[Counting the days]]></document>
		<document id="398134611437690881" url="https://twitter.com/maripuchi/status/398134611437690881"><![CDATA[Desde mi Delicious: <a href="http://t.co/B5jEhaMtnX" rel="nofollow" dir="ltr" data-expanded-url="http://bit.ly/1bYGqs5" class="twitter-timeline-link" target="_blank" title="http://bit.ly/1bYGqs5" ><span class="tco-ellipsis"></span><span class="invisible">http://</span><span class="js-display-url">bit.ly/1bYGqs5</span><span class="invisible"></span><span class="tco-ellipsis"><span class="invisible">&nbsp;</span></span></a> Map: Six Decades of the Most Popular Names for Boys, State-by-State  <a href="/hashtag/interesante?src=hash" data-query-source="hashtag_click" class="twitter-hashtag pretty-link js-nav" dir="ltr" ><s>#</s><b>interesante</b></a>]]></document>
		<document id="399454142264901632" url="https://twitter.com/maripuchi/status/399454142264901632"><![CDATA[Scientists should never claim that something is absolutely true. You should never claim perfect because you never ever get there. J. Bell]]></document>
		<document id="400218389245100032" url="https://twitter.com/maripuchi/status/400218389245100032"><![CDATA[Universitaria... Once again...]]></document>
		<document id="400315233496870912" url="https://twitter.com/maripuchi/status/400315233496870912"><![CDATA[Politono I touch myself de Divinyls... ommmmmm]]></document>
		<document id="402713004145270784" url="https://twitter.com/maripuchi/status/402713004145270784"><![CDATA[<a href="http://t.co/3XCU3BcSnU" rel="nofollow" dir="ltr" data-expanded-url="http://www.buzzfeed.com/jacelacob/this-breaking-bad-alternate-ending-must-be-seen-to-be-believ" class="twitter-timeline-link" target="_blank" title="http://www.buzzfeed.com/jacelacob/this-breaking-bad-alternate-ending-must-be-seen-to-be-believ" ><span class="tco-ellipsis"></span><span class="invisible">http://www.</span><span class="js-display-url">buzzfeed.com/jacelacob/this</span><span class="invisible">-breaking-bad-alternate-ending-must-be-seen-to-be-believ</span><span class="tco-ellipsis"><span class="invisible">&nbsp;</span>…</span></a> Final alternativo para Breaking Bad... Me meo toa!]]></document>
		<document id="402744405548744704" url="https://twitter.com/maripuchi/status/402744405548744704"><![CDATA[Talking about Social Media in Europe with a picture pointing to South America is huh? bizarre? <a href="/HubSpot" class="twitter-atreply pretty-link js-nav" dir="ltr" data-mentioned-user-id="14458280" ><s>@</s><b>HubSpot</b></a><a href="http://t.co/j8eZNex8u4" class="twitter-timeline-link u-hidden" data-pre-embedded="true" dir="ltr" >pic.twitter.com/j8eZNex8u4</a>]]></document>
		<document id="402877569407926272" url="https://twitter.com/maripuchi/status/402877569407926272"><![CDATA[Inconmensurable <a href="/molinos1282" class="twitter-atreply pretty-link js-nav" dir="ltr" data-mentioned-user-id="142717290" ><s>@</s><b>molinos1282</b></a> ¿Y SI A LAS INGENIERAS LES GUSTARA EL ROSA?  - <a href="http://t.co/Eb5xvTEMEI" rel="nofollow" dir="ltr" data-expanded-url="http://kcy.me/veje" class="twitter-timeline-link" target="_blank" title="http://kcy.me/veje" ><span class="tco-ellipsis"></span><span class="invisible">http://</span><span class="js-display-url">kcy.me/veje</span><span class="invisible"></span><span class="tco-ellipsis"><span class="invisible">&nbsp;</span></span></a>]]></document>
		<document id="403220842295099392" url="https://twitter.com/maripuchi/status/403220842295099392"><![CDATA[How do bilinguals control their languages? De Itziar Laka, en inglés.. <a href="http://t.co/VQZq6jIbFi" rel="nofollow" dir="ltr" data-expanded-url="http://kcy.me/vgbt" class="twitter-timeline-link" target="_blank" title="http://kcy.me/vgbt" ><span class="tco-ellipsis"></span><span class="invisible">http://</span><span class="js-display-url">kcy.me/vgbt</span><span class="invisible"></span><span class="tco-ellipsis"><span class="invisible">&nbsp;</span></span></a> <a href="/hashtag/interesting?src=hash" data-query-source="hashtag_click" class="twitter-hashtag pretty-link js-nav" dir="ltr" ><s>#</s><b>interesting</b></a>]]></document>
		<document id="403841199926034432" url="https://twitter.com/maripuchi/status/403841199926034432"><![CDATA[Intentando salir del armario analógico. Gracias <a href="/Oscar_Ray" class="twitter-atreply pretty-link js-nav" dir="ltr" data-mentioned-user-id="59615197" ><s>@</s><b>Oscar_Ray</b></a>, <a href="/Maripuchi" class="twitter-atreply pretty-link js-nav" dir="ltr" data-mentioned-user-id="6367072" ><s>@</s><b>Maripuchi</b></a>, <a href="/ikerarmentia" class="twitter-atreply pretty-link js-nav" dir="ltr" data-mentioned-user-id="25251453" ><s>@</s><b>ikerarmentia</b></a>]]></document>
		<document id="405942614404636672" url="https://twitter.com/maripuchi/status/405942614404636672"><![CDATA[There we go UK!!]]></document>
		<document id="406868075167121408" url="https://twitter.com/maripuchi/status/406868075167121408"><![CDATA[Terminando de cenar una boda. This is England!]]></document>
		<document id="408335623050002434" url="https://twitter.com/maripuchi/status/408335623050002434"><![CDATA[<a href="/hashtag/opendata?src=hash" data-query-source="hashtag_click" class="twitter-hashtag pretty-link js-nav" dir="ltr" ><s>#</s><b>opendata</b></a> para empresas &gt;&gt; 12 Most Lucrative Business Assets Hiding in Your Drawers or Files - <a href="http://t.co/lg5ee7lYPj" rel="nofollow" dir="ltr" data-expanded-url="http://kcy.me/w1d0" class="twitter-timeline-link" target="_blank" title="http://kcy.me/w1d0" ><span class="tco-ellipsis"></span><span class="invisible">http://</span><span class="js-display-url">kcy.me/w1d0</span><span class="invisible"></span><span class="tco-ellipsis"><span class="invisible">&nbsp;</span></span></a>]]></document>
		<document id="410291263972179968" url="https://twitter.com/maripuchi/status/410291263972179968"><![CDATA[<a href="http://t.co/THtdJFalE3" rel="nofollow" dir="ltr" data-expanded-url="http://noticias.coches.com/noticias-motor/rancho-de-steve-mcqueen/93514" class="twitter-timeline-link" target="_blank" title="http://noticias.coches.com/noticias-motor/rancho-de-steve-mcqueen/93514" ><span class="tco-ellipsis"></span><span class="invisible">http://</span><span class="js-display-url">noticias.coches.com/noticias-motor</span><span class="invisible">/rancho-de-steve-mcqueen/93514</span><span class="tco-ellipsis"><span class="invisible">&nbsp;</span>…</span></a>
<a href="/molinos1282" class="twitter-atreply pretty-link js-nav" dir="ltr" data-mentioned-user-id="142717290" ><s>@</s><b>molinos1282</b></a> ,<a href="/Oscar_Ray" class="twitter-atreply pretty-link js-nav" dir="ltr" data-mentioned-user-id="59615197" ><s>@</s><b>Oscar_Ray</b></a> ,<a href="/Maripuchi" class="twitter-atreply pretty-link js-nav" dir="ltr" data-mentioned-user-id="6367072" ><s>@</s><b>Maripuchi</b></a> ,<a href="/gusloira" class="twitter-atreply pretty-link js-nav" dir="ltr" data-mentioned-user-id="207992992" ><s>@</s><b>gusloira</b></a>  Lo compramos?. Solo jazz, rock, blues, pelis, libros y muucho relax!]]></document>
		<document id="411574576959614976" url="https://twitter.com/maripuchi/status/411574576959614976"><![CDATA[<a href="/PalomadelrioTVE" class="twitter-atreply pretty-link js-nav" dir="ltr" data-mentioned-user-id="262816694" ><s>@</s><b>PalomadelrioTVE</b></a> ohhhhhh!!!! Tienes twitter!!!! eres mi heroína!!!!]]></document>
		<document id="413354857828188161" url="https://twitter.com/maripuchi/status/413354857828188161"><![CDATA[Are you willing to discover new black holes? Radio Galaxy Zoo - <a href="http://t.co/mtHiuwEZPn" rel="nofollow" dir="ltr" data-expanded-url="http://kcy.me/wlml" class="twitter-timeline-link" target="_blank" title="http://kcy.me/wlml" ><span class="tco-ellipsis"></span><span class="invisible">http://</span><span class="js-display-url">kcy.me/wlml</span><span class="invisible"></span><span class="tco-ellipsis"><span class="invisible">&nbsp;</span></span></a>]]></document>
		<document id="413385716320976896" url="https://twitter.com/maripuchi/status/413385716320976896"><![CDATA[&#39;Joke&#39; tweet about Catalans sparks furore by <a href="/BBCtrending" class="twitter-atreply pretty-link js-nav" dir="ltr" data-mentioned-user-id="1562935142" ><s>@</s><b>BBCtrending</b></a> -<a href="http://t.co/dg9FmvTgsF" rel="nofollow" dir="ltr" data-expanded-url="http://kcy.me/wlub" class="twitter-timeline-link u-hidden" target="_blank" title="http://kcy.me/wlub" ><span class="tco-ellipsis"></span><span class="invisible">http://</span><span class="js-display-url">kcy.me/wlub</span><span class="invisible"></span><span class="tco-ellipsis"><span class="invisible">&nbsp;</span></span></a>]]></document>
		<document id="413947992534577154" url="https://twitter.com/maripuchi/status/413947992534577154"><![CDATA[Who will answer first <a href="/interiorgob" class="twitter-atreply pretty-link js-nav" dir="ltr" data-mentioned-user-id="231000704" ><s>@</s><b>interiorgob</b></a> or <a href="/EU_Commission" class="twitter-atreply pretty-link js-nav" dir="ltr" data-mentioned-user-id="157981564" ><s>@</s><b>EU_Commission</b></a>? <a href="http://t.co/zN9Y1ZcU2J" rel="nofollow" dir="ltr" data-expanded-url="http://kcy.me/wfs7" class="twitter-timeline-link" target="_blank" title="http://kcy.me/wfs7" ><span class="tco-ellipsis"></span><span class="invisible">http://</span><span class="js-display-url">kcy.me/wfs7</span><span class="invisible"></span><span class="tco-ellipsis"><span class="invisible">&nbsp;</span></span></a>  <a href="/UEmadrid" class="twitter-atreply pretty-link js-nav" dir="ltr" data-mentioned-user-id="39727960" ><s>@</s><b>UEmadrid</b></a>]]></document>
		<document id="413986463823327232" url="https://twitter.com/maripuchi/status/413986463823327232"><![CDATA[De esto que estás tranquilamente currando y empiezan a sonar villancicos como si estuvieras en un concierto de rock O_O]]></document>
		<document id="414101424633831424" url="https://twitter.com/maripuchi/status/414101424633831424"><![CDATA[&quot;An hour of wolves and shattered shields when the Age of Men comes crashing down, but it is not this day! This day … <a href="http://t.co/rlQ03HZ0eT" rel="nofollow" dir="ltr" data-expanded-url="http://spoti.fi/1i817rU" class="twitter-timeline-link" target="_blank" title="http://spoti.fi/1i817rU" ><span class="tco-ellipsis"></span><span class="invisible">http://</span><span class="js-display-url">spoti.fi/1i817rU</span><span class="invisible"></span><span class="tco-ellipsis"><span class="invisible">&nbsp;</span></span></a>]]></document>
		<document id="414104558864826368" url="https://twitter.com/maripuchi/status/414104558864826368"><![CDATA[A day may come when the courage of WoMen fails... but it is not this day. This Day WE FIGHT <a href="http://t.co/V1bBGRgrWA" rel="nofollow" dir="ltr" data-expanded-url="http://www.youtube.com/watch?v=EXGUNvIFTQw" class="twitter-timeline-link" target="_blank" title="http://www.youtube.com/watch?v=EXGUNvIFTQw" ><span class="tco-ellipsis"></span><span class="invisible">http://www.</span><span class="js-display-url">youtube.com/watch?v=EXGUNv</span><span class="invisible">IFTQw</span><span class="tco-ellipsis"><span class="invisible">&nbsp;</span>…</span></a> <a href="/hashtag/MyBomboEsMio?src=hash" data-query-source="hashtag_click" class="twitter-hashtag pretty-link js-nav" dir="ltr" ><s>#</s><b>MyBomboEsMio</b></a>]]></document>
		<document id="416507169102917632" url="https://twitter.com/maripuchi/status/416507169102917632"><![CDATA[National Geographic&#39;s Best Travel Photos 2013 - in pictures -<a href="http://t.co/95ivRipv7y" rel="nofollow" dir="ltr" data-expanded-url="http://kcy.me/wv7v" class="twitter-timeline-link u-hidden" target="_blank" title="http://kcy.me/wv7v" ><span class="tco-ellipsis"></span><span class="invisible">http://</span><span class="js-display-url">kcy.me/wv7v</span><span class="invisible"></span><span class="tco-ellipsis"><span class="invisible">&nbsp;</span></span></a>]]></document>
		<document id="417630725886599168" url="https://twitter.com/maripuchi/status/417630725886599168"><![CDATA[Is it usual to take more than 24h to get <a href="/brewsterapp" class="twitter-atreply pretty-link js-nav" dir="ltr" data-mentioned-user-id="287890734" ><s>@</s><b>brewsterapp</b></a> configured? O_O]]></document>
		<document id="417759297158651904" url="https://twitter.com/maripuchi/status/417759297158651904"><![CDATA[Is it usual to take more than 24h to get <a href="/brewsterapp" class="twitter-atreply pretty-link js-nav" dir="ltr" data-mentioned-user-id="287890734" ><s>@</s><b>brewsterapp</b></a> configured? O_O]]></document>
		<document id="418137878502182914" url="https://twitter.com/maripuchi/status/418137878502182914"><![CDATA[<a href="/Koldomo" class="twitter-atreply pretty-link js-nav" dir="ltr" data-mentioned-user-id="46676479" ><s>@</s><b>koldomo</b></a> , <a href="/Pedr0Botero" class="twitter-atreply pretty-link js-nav" dir="ltr" data-mentioned-user-id="165936863" ><s>@</s><b>Pedr0Botero</b></a> , <a href="/Oscar_Ray" class="twitter-atreply pretty-link js-nav" dir="ltr" data-mentioned-user-id="59615197" ><s>@</s><b>Oscar_Ray</b></a> , <a href="/Maripuchi" class="twitter-atreply pretty-link js-nav" dir="ltr" data-mentioned-user-id="6367072" ><s>@</s><b>Maripuchi</b></a> 
 Urte berri on amiguetes!
(Feliz aninovo Charlie)]]></document>
		<document id="418139325558050816" url="https://twitter.com/maripuchi/status/418139325558050816"><![CDATA[<a href="/Koldomo" class="twitter-atreply pretty-link js-nav" dir="ltr" data-mentioned-user-id="46676479" ><s>@</s><b>koldomo</b></a> , <a href="/Pedr0Botero" class="twitter-atreply pretty-link js-nav" dir="ltr" data-mentioned-user-id="165936863" ><s>@</s><b>Pedr0Botero</b></a> , <a href="/Oscar_Ray" class="twitter-atreply pretty-link js-nav" dir="ltr" data-mentioned-user-id="59615197" ><s>@</s><b>Oscar_Ray</b></a> , <a href="/Maripuchi" class="twitter-atreply pretty-link js-nav" dir="ltr" data-mentioned-user-id="6367072" ><s>@</s><b>Maripuchi</b></a> 
 Urte berri on amiguetes!
(Feliz aninovo Charlie)]]></document>
		<document id="418863259408945152" url="https://twitter.com/maripuchi/status/418863259408945152"><![CDATA[Desde mi Delicious: <a href="http://t.co/uWVyu4mJ9N" rel="nofollow" dir="ltr" data-expanded-url="http://bit.ly/19DAWXJ" class="twitter-timeline-link" target="_blank" title="http://bit.ly/19DAWXJ" ><span class="tco-ellipsis"></span><span class="invisible">http://</span><span class="js-display-url">bit.ly/19DAWXJ</span><span class="invisible"></span><span class="tco-ellipsis"><span class="invisible">&nbsp;</span></span></a> Results of British Council Darwin International Survey  <a href="/hashtag/interesante?src=hash" data-query-source="hashtag_click" class="twitter-hashtag pretty-link js-nav" dir="ltr" ><s>#</s><b>interesante</b></a>]]></document>
		<document id="378984812549132288" url="https://twitter.com/maripuchi/status/378984812549132288"><![CDATA[Acumbayá! <a href="/hashtag/hedicho?src=hash" data-query-source="hashtag_click" class="twitter-hashtag pretty-link js-nav" dir="ltr" ><s>#</s><b>hedicho</b></a>]]></document>
		<document id="379686533328306177" url="https://twitter.com/maripuchi/status/379686533328306177"><![CDATA[Previously on AMC&#39;s Breaking Bad...]]></document>
		<document id="380053623809404928" url="https://twitter.com/maripuchi/status/380053623809404928"><![CDATA[Finally found a debate club in Vitoria. Yujuuuuu]]></document>
		<document id="382809850222108672" url="https://twitter.com/maripuchi/status/382809850222108672"><![CDATA[Una docena de cosas que jamás deberías poner en tu <a href="/hashtag/curr%C3%ADculum?src=hash" data-query-source="hashtag_click" class="twitter-hashtag pretty-link js-nav" dir="ltr" ><s>#</s><b>currículum</b></a> -<a href="http://t.co/lmEnavFXsh" rel="nofollow" dir="ltr" data-expanded-url="http://kcy.me/bhxa" class="twitter-timeline-link u-hidden" target="_blank" title="http://kcy.me/bhxa" ><span class="tco-ellipsis"></span><span class="invisible">http://</span><span class="js-display-url">kcy.me/bhxa</span><span class="invisible"></span><span class="tco-ellipsis"><span class="invisible">&nbsp;</span></span></a>]]></document>
		<document id="382818925630611456" url="https://twitter.com/maripuchi/status/382818925630611456"><![CDATA[<a href="/Maripuchi" class="twitter-atreply pretty-link js-nav" dir="ltr" data-mentioned-user-id="6367072" ><s>@</s><b>Maripuchi</b></a> Además conozco a quién lo está deseando... y no miro a nadie, eh? ; ) <a href="/publikaccion" class="twitter-atreply pretty-link js-nav" dir="ltr" data-mentioned-user-id="9558972" ><s>@</s><b>publikaccion</b></a>]]></document>
		<document id="386413135059365888" url="https://twitter.com/maripuchi/status/386413135059365888"><![CDATA[<a href="/alorza" class="twitter-atreply pretty-link js-nav" dir="ltr" data-mentioned-user-id="6129672" ><s>@</s><b>alorza</b></a> got your new book and it&#39;s waiting for your autograph...]]></document>
		<document id="388196801880522752" url="https://twitter.com/maripuchi/status/388196801880522752"><![CDATA[Parece que <a href="/Pontifex_es" class="twitter-atreply pretty-link js-nav" dir="ltr" data-mentioned-user-id="525264466" ><s>@</s><b>Pontifex_es</b></a> vendrá a Vitoria... y también <a href="/varelad" class="twitter-atreply pretty-link js-nav" dir="ltr" data-mentioned-user-id="14466670" ><s>@</s><b>varelad</b></a>. Ambos acontecimientos planetarios donde los haya :P <a href="/Oscar_Ray" class="twitter-atreply pretty-link js-nav" dir="ltr" data-mentioned-user-id="59615197" ><s>@</s><b>Oscar_Ray</b></a> <a href="/unadocenade" class="twitter-atreply pretty-link js-nav" dir="ltr" data-mentioned-user-id="343503867" ><s>@</s><b>unadocenade</b></a>]]></document>
		<document id="388597878345572352" url="https://twitter.com/maripuchi/status/388597878345572352"><![CDATA[Una docena de utilidades de las comunidades de Google   para el entorno laboral <a href="http://t.co/LoA78BI9y2" rel="nofollow" dir="ltr" data-expanded-url="http://kcy.me/fo4t" class="twitter-timeline-link" target="_blank" title="http://kcy.me/fo4t" ><span class="tco-ellipsis"></span><span class="invisible">http://</span><span class="js-display-url">kcy.me/fo4t</span><span class="invisible"></span><span class="tco-ellipsis"><span class="invisible">&nbsp;</span></span></a> Son magníficas!]]></document>
		<document id="390236833122353152" url="https://twitter.com/maripuchi/status/390236833122353152"><![CDATA[I&#39;ve loved the tonight&#39;s Toastmaster&#39; session.]]></document>
		<document id="392341256774615041" url="https://twitter.com/maripuchi/status/392341256774615041"><![CDATA[Me cag** en la obsolescencia programada de Apple ....mi iPhone 4 está ya dando señales de querer pasar a mejor vida....]]></document>
		<document id="392342622712659968" url="https://twitter.com/maripuchi/status/392342622712659968"><![CDATA[Me cag** en la obsolescencia programada de Apple ....mi iPhone 4 está ya dando señales de querer pasar a mejor vida....]]></document>
		<document id="393100045316128768" url="https://twitter.com/maripuchi/status/393100045316128768"><![CDATA[Por cierto, el otro día pasé por delante del hotel seminario en Derio y... ¿es mi imaginación o tiene un aguilucho en la fachada?]]></document>
		<document id="397416959634976768" url="https://twitter.com/maripuchi/status/397416959634976768"><![CDATA[Turno de tarde: Una docena de nombres de chica más puestos en España -<a href="http://t.co/0F7oBNtnZ4" rel="nofollow" dir="ltr" data-expanded-url="http://kcy.me/uq7y" class="twitter-timeline-link u-hidden" target="_blank" title="http://kcy.me/uq7y" ><span class="tco-ellipsis"></span><span class="invisible">http://</span><span class="js-display-url">kcy.me/uq7y</span><span class="invisible"></span><span class="tco-ellipsis"><span class="invisible">&nbsp;</span></span></a>]]></document>
		<document id="397654535214477313" url="https://twitter.com/maripuchi/status/397654535214477313"><![CDATA[Something Is Killing Life All Over The Pacific Ocean... could it be Fukushima?  <a href="http://t.co/hmfLTna8xB" rel="nofollow" dir="ltr" data-expanded-url="http://kcy.me/usgh" class="twitter-timeline-link" target="_blank" title="http://kcy.me/usgh" ><span class="tco-ellipsis"></span><span class="invisible">http://</span><span class="js-display-url">kcy.me/usgh</span><span class="invisible"></span><span class="tco-ellipsis"><span class="invisible">&nbsp;</span></span></a>]]></document>
		<document id="397755696437288960" url="https://twitter.com/maripuchi/status/397755696437288960"><![CDATA[Counting the days]]></document>
		<document id="398134611437690881" url="https://twitter.com/maripuchi/status/398134611437690881"><![CDATA[Desde mi Delicious: <a href="http://t.co/B5jEhaMtnX" rel="nofollow" dir="ltr" data-expanded-url="http://bit.ly/1bYGqs5" class="twitter-timeline-link" target="_blank" title="http://bit.ly/1bYGqs5" ><span class="tco-ellipsis"></span><span class="invisible">http://</span><span class="js-display-url">bit.ly/1bYGqs5</span><span class="invisible"></span><span class="tco-ellipsis"><span class="invisible">&nbsp;</span></span></a> Map: Six Decades of the Most Popular Names for Boys, State-by-State  <a href="/hashtag/interesante?src=hash" data-query-source="hashtag_click" class="twitter-hashtag pretty-link js-nav" dir="ltr" ><s>#</s><b>interesante</b></a>]]></document>
		<document id="399454142264901632" url="https://twitter.com/maripuchi/status/399454142264901632"><![CDATA[Scientists should never claim that something is absolutely true. You should never claim perfect because you never ever get there. J. Bell]]></document>
		<document id="400218389245100032" url="https://twitter.com/maripuchi/status/400218389245100032"><![CDATA[Universitaria... Once again...]]></document>
		<document id="400315233496870912" url="https://twitter.com/maripuchi/status/400315233496870912"><![CDATA[Politono I touch myself de Divinyls... ommmmmm]]></document>
		<document id="402713004145270784" url="https://twitter.com/maripuchi/status/402713004145270784"><![CDATA[<a href="http://t.co/3XCU3BcSnU" rel="nofollow" dir="ltr" data-expanded-url="http://www.buzzfeed.com/jacelacob/this-breaking-bad-alternate-ending-must-be-seen-to-be-believ" class="twitter-timeline-link" target="_blank" title="http://www.buzzfeed.com/jacelacob/this-breaking-bad-alternate-ending-must-be-seen-to-be-believ" ><span class="tco-ellipsis"></span><span class="invisible">http://www.</span><span class="js-display-url">buzzfeed.com/jacelacob/this</span><span class="invisible">-breaking-bad-alternate-ending-must-be-seen-to-be-believ</span><span class="tco-ellipsis"><span class="invisible">&nbsp;</span>…</span></a> Final alternativo para Breaking Bad... Me meo toa!]]></document>
		<document id="402744405548744704" url="https://twitter.com/maripuchi/status/402744405548744704"><![CDATA[Talking about Social Media in Europe with a picture pointing to South America is huh? bizarre? <a href="/HubSpot" class="twitter-atreply pretty-link js-nav" dir="ltr" data-mentioned-user-id="14458280" ><s>@</s><b>HubSpot</b></a><a href="http://t.co/j8eZNex8u4" class="twitter-timeline-link u-hidden" data-pre-embedded="true" dir="ltr" >pic.twitter.com/j8eZNex8u4</a>]]></document>
		<document id="402877569407926272" url="https://twitter.com/maripuchi/status/402877569407926272"><![CDATA[Inconmensurable <a href="/molinos1282" class="twitter-atreply pretty-link js-nav" dir="ltr" data-mentioned-user-id="142717290" ><s>@</s><b>molinos1282</b></a> ¿Y SI A LAS INGENIERAS LES GUSTARA EL ROSA?  - <a href="http://t.co/Eb5xvTEMEI" rel="nofollow" dir="ltr" data-expanded-url="http://kcy.me/veje" class="twitter-timeline-link" target="_blank" title="http://kcy.me/veje" ><span class="tco-ellipsis"></span><span class="invisible">http://</span><span class="js-display-url">kcy.me/veje</span><span class="invisible"></span><span class="tco-ellipsis"><span class="invisible">&nbsp;</span></span></a>]]></document>
		<document id="403220842295099392" url="https://twitter.com/maripuchi/status/403220842295099392"><![CDATA[How do bilinguals control their languages? De Itziar Laka, en inglés.. <a href="http://t.co/VQZq6jIbFi" rel="nofollow" dir="ltr" data-expanded-url="http://kcy.me/vgbt" class="twitter-timeline-link" target="_blank" title="http://kcy.me/vgbt" ><span class="tco-ellipsis"></span><span class="invisible">http://</span><span class="js-display-url">kcy.me/vgbt</span><span class="invisible"></span><span class="tco-ellipsis"><span class="invisible">&nbsp;</span></span></a> <a href="/hashtag/interesting?src=hash" data-query-source="hashtag_click" class="twitter-hashtag pretty-link js-nav" dir="ltr" ><s>#</s><b>interesting</b></a>]]></document>
		<document id="403841199926034432" url="https://twitter.com/maripuchi/status/403841199926034432"><![CDATA[Intentando salir del armario analógico. Gracias <a href="/Oscar_Ray" class="twitter-atreply pretty-link js-nav" dir="ltr" data-mentioned-user-id="59615197" ><s>@</s><b>Oscar_Ray</b></a>, <a href="/Maripuchi" class="twitter-atreply pretty-link js-nav" dir="ltr" data-mentioned-user-id="6367072" ><s>@</s><b>Maripuchi</b></a>, <a href="/ikerarmentia" class="twitter-atreply pretty-link js-nav" dir="ltr" data-mentioned-user-id="25251453" ><s>@</s><b>ikerarmentia</b></a>]]></document>
		<document id="405942614404636672" url="https://twitter.com/maripuchi/status/405942614404636672"><![CDATA[There we go UK!!]]></document>
		<document id="406868075167121408" url="https://twitter.com/maripuchi/status/406868075167121408"><![CDATA[Terminando de cenar una boda. This is England!]]></document>
		<document id="408335623050002434" url="https://twitter.com/maripuchi/status/408335623050002434"><![CDATA[<a href="/hashtag/opendata?src=hash" data-query-source="hashtag_click" class="twitter-hashtag pretty-link js-nav" dir="ltr" ><s>#</s><b>opendata</b></a> para empresas &gt;&gt; 12 Most Lucrative Business Assets Hiding in Your Drawers or Files - <a href="http://t.co/lg5ee7lYPj" rel="nofollow" dir="ltr" data-expanded-url="http://kcy.me/w1d0" class="twitter-timeline-link" target="_blank" title="http://kcy.me/w1d0" ><span class="tco-ellipsis"></span><span class="invisible">http://</span><span class="js-display-url">kcy.me/w1d0</span><span class="invisible"></span><span class="tco-ellipsis"><span class="invisible">&nbsp;</span></span></a>]]></document>
		<document id="410291263972179968" url="https://twitter.com/maripuchi/status/410291263972179968"><![CDATA[<a href="http://t.co/THtdJFalE3" rel="nofollow" dir="ltr" data-expanded-url="http://noticias.coches.com/noticias-motor/rancho-de-steve-mcqueen/93514" class="twitter-timeline-link" target="_blank" title="http://noticias.coches.com/noticias-motor/rancho-de-steve-mcqueen/93514" ><span class="tco-ellipsis"></span><span class="invisible">http://</span><span class="js-display-url">noticias.coches.com/noticias-motor</span><span class="invisible">/rancho-de-steve-mcqueen/93514</span><span class="tco-ellipsis"><span class="invisible">&nbsp;</span>…</span></a>
<a href="/molinos1282" class="twitter-atreply pretty-link js-nav" dir="ltr" data-mentioned-user-id="142717290" ><s>@</s><b>molinos1282</b></a> ,<a href="/Oscar_Ray" class="twitter-atreply pretty-link js-nav" dir="ltr" data-mentioned-user-id="59615197" ><s>@</s><b>Oscar_Ray</b></a> ,<a href="/Maripuchi" class="twitter-atreply pretty-link js-nav" dir="ltr" data-mentioned-user-id="6367072" ><s>@</s><b>Maripuchi</b></a> ,<a href="/gusloira" class="twitter-atreply pretty-link js-nav" dir="ltr" data-mentioned-user-id="207992992" ><s>@</s><b>gusloira</b></a>  Lo compramos?. Solo jazz, rock, blues, pelis, libros y muucho relax!]]></document>
		<document id="411574576959614976" url="https://twitter.com/maripuchi/status/411574576959614976"><![CDATA[<a href="/PalomadelrioTVE" class="twitter-atreply pretty-link js-nav" dir="ltr" data-mentioned-user-id="262816694" ><s>@</s><b>PalomadelrioTVE</b></a> ohhhhhh!!!! Tienes twitter!!!! eres mi heroína!!!!]]></document>
		<document id="413354857828188161" url="https://twitter.com/maripuchi/status/413354857828188161"><![CDATA[Are you willing to discover new black holes? Radio Galaxy Zoo - <a href="http://t.co/mtHiuwEZPn" rel="nofollow" dir="ltr" data-expanded-url="http://kcy.me/wlml" class="twitter-timeline-link" target="_blank" title="http://kcy.me/wlml" ><span class="tco-ellipsis"></span><span class="invisible">http://</span><span class="js-display-url">kcy.me/wlml</span><span class="invisible"></span><span class="tco-ellipsis"><span class="invisible">&nbsp;</span></span></a>]]></document>
		<document id="413385716320976896" url="https://twitter.com/maripuchi/status/413385716320976896"><![CDATA[&#39;Joke&#39; tweet about Catalans sparks furore by <a href="/BBCtrending" class="twitter-atreply pretty-link js-nav" dir="ltr" data-mentioned-user-id="1562935142" ><s>@</s><b>BBCtrending</b></a> -<a href="http://t.co/dg9FmvTgsF" rel="nofollow" dir="ltr" data-expanded-url="http://kcy.me/wlub" class="twitter-timeline-link u-hidden" target="_blank" title="http://kcy.me/wlub" ><span class="tco-ellipsis"></span><span class="invisible">http://</span><span class="js-display-url">kcy.me/wlub</span><span class="invisible"></span><span class="tco-ellipsis"><span class="invisible">&nbsp;</span></span></a>]]></document>
		<document id="413947992534577154" url="https://twitter.com/maripuchi/status/413947992534577154"><![CDATA[Who will answer first <a href="/interiorgob" class="twitter-atreply pretty-link js-nav" dir="ltr" data-mentioned-user-id="231000704" ><s>@</s><b>interiorgob</b></a> or <a href="/EU_Commission" class="twitter-atreply pretty-link js-nav" dir="ltr" data-mentioned-user-id="157981564" ><s>@</s><b>EU_Commission</b></a>? <a href="http://t.co/zN9Y1ZcU2J" rel="nofollow" dir="ltr" data-expanded-url="http://kcy.me/wfs7" class="twitter-timeline-link" target="_blank" title="http://kcy.me/wfs7" ><span class="tco-ellipsis"></span><span class="invisible">http://</span><span class="js-display-url">kcy.me/wfs7</span><span class="invisible"></span><span class="tco-ellipsis"><span class="invisible">&nbsp;</span></span></a>  <a href="/UEmadrid" class="twitter-atreply pretty-link js-nav" dir="ltr" data-mentioned-user-id="39727960" ><s>@</s><b>UEmadrid</b></a>]]></document>
		<document id="413986463823327232" url="https://twitter.com/maripuchi/status/413986463823327232"><![CDATA[De esto que estás tranquilamente currando y empiezan a sonar villancicos como si estuvieras en un concierto de rock O_O]]></document>
		<document id="414101424633831424" url="https://twitter.com/maripuchi/status/414101424633831424"><![CDATA[&quot;An hour of wolves and shattered shields when the Age of Men comes crashing down, but it is not this day! This day … <a href="http://t.co/rlQ03HZ0eT" rel="nofollow" dir="ltr" data-expanded-url="http://spoti.fi/1i817rU" class="twitter-timeline-link" target="_blank" title="http://spoti.fi/1i817rU" ><span class="tco-ellipsis"></span><span class="invisible">http://</span><span class="js-display-url">spoti.fi/1i817rU</span><span class="invisible"></span><span class="tco-ellipsis"><span class="invisible">&nbsp;</span></span></a>]]></document>
		<document id="414104558864826368" url="https://twitter.com/maripuchi/status/414104558864826368"><![CDATA[A day may come when the courage of WoMen fails... but it is not this day. This Day WE FIGHT <a href="http://t.co/V1bBGRgrWA" rel="nofollow" dir="ltr" data-expanded-url="http://www.youtube.com/watch?v=EXGUNvIFTQw" class="twitter-timeline-link" target="_blank" title="http://www.youtube.com/watch?v=EXGUNvIFTQw" ><span class="tco-ellipsis"></span><span class="invisible">http://www.</span><span class="js-display-url">youtube.com/watch?v=EXGUNv</span><span class="invisible">IFTQw</span><span class="tco-ellipsis"><span class="invisible">&nbsp;</span>…</span></a> <a href="/hashtag/MyBomboEsMio?src=hash" data-query-source="hashtag_click" class="twitter-hashtag pretty-link js-nav" dir="ltr" ><s>#</s><b>MyBomboEsMio</b></a>]]></document>
		<document id="416507169102917632" url="https://twitter.com/maripuchi/status/416507169102917632"><![CDATA[National Geographic&#39;s Best Travel Photos 2013 - in pictures -<a href="http://t.co/95ivRipv7y" rel="nofollow" dir="ltr" data-expanded-url="http://kcy.me/wv7v" class="twitter-timeline-link u-hidden" target="_blank" title="http://kcy.me/wv7v" ><span class="tco-ellipsis"></span><span class="invisible">http://</span><span class="js-display-url">kcy.me/wv7v</span><span class="invisible"></span><span class="tco-ellipsis"><span class="invisible">&nbsp;</span></span></a>]]></document>
		<document id="417630725886599168" url="https://twitter.com/maripuchi/status/417630725886599168"><![CDATA[Is it usual to take more than 24h to get <a href="/brewsterapp" class="twitter-atreply pretty-link js-nav" dir="ltr" data-mentioned-user-id="287890734" ><s>@</s><b>brewsterapp</b></a> configured? O_O]]></document>
		<document id="417759297158651904" url="https://twitter.com/maripuchi/status/417759297158651904"><![CDATA[Is it usual to take more than 24h to get <a href="/brewsterapp" class="twitter-atreply pretty-link js-nav" dir="ltr" data-mentioned-user-id="287890734" ><s>@</s><b>brewsterapp</b></a> configured? O_O]]></document>
		<document id="418137878502182914" url="https://twitter.com/maripuchi/status/418137878502182914"><![CDATA[<a href="/Koldomo" class="twitter-atreply pretty-link js-nav" dir="ltr" data-mentioned-user-id="46676479" ><s>@</s><b>koldomo</b></a> , <a href="/Pedr0Botero" class="twitter-atreply pretty-link js-nav" dir="ltr" data-mentioned-user-id="165936863" ><s>@</s><b>Pedr0Botero</b></a> , <a href="/Oscar_Ray" class="twitter-atreply pretty-link js-nav" dir="ltr" data-mentioned-user-id="59615197" ><s>@</s><b>Oscar_Ray</b></a> , <a href="/Maripuchi" class="twitter-atreply pretty-link js-nav" dir="ltr" data-mentioned-user-id="6367072" ><s>@</s><b>Maripuchi</b></a> 
 Urte berri on amiguetes!
(Feliz aninovo Charlie)]]></document>
		<document id="418139325558050816" url="https://twitter.com/maripuchi/status/418139325558050816"><![CDATA[<a href="/Koldomo" class="twitter-atreply pretty-link js-nav" dir="ltr" data-mentioned-user-id="46676479" ><s>@</s><b>koldomo</b></a> , <a href="/Pedr0Botero" class="twitter-atreply pretty-link js-nav" dir="ltr" data-mentioned-user-id="165936863" ><s>@</s><b>Pedr0Botero</b></a> , <a href="/Oscar_Ray" class="twitter-atreply pretty-link js-nav" dir="ltr" data-mentioned-user-id="59615197" ><s>@</s><b>Oscar_Ray</b></a> , <a href="/Maripuchi" class="twitter-atreply pretty-link js-nav" dir="ltr" data-mentioned-user-id="6367072" ><s>@</s><b>Maripuchi</b></a> 
 Urte berri on amiguetes!
(Feliz aninovo Charlie)]]></document>
		<document id="418863259408945152" url="https://twitter.com/maripuchi/status/418863259408945152"><![CDATA[Desde mi Delicious: <a href="http://t.co/uWVyu4mJ9N" rel="nofollow" dir="ltr" data-expanded-url="http://bit.ly/19DAWXJ" class="twitter-timeline-link" target="_blank" title="http://bit.ly/19DAWXJ" ><span class="tco-ellipsis"></span><span class="invisible">http://</span><span class="js-display-url">bit.ly/19DAWXJ</span><span class="invisible"></span><span class="tco-ellipsis"><span class="invisible">&nbsp;</span></span></a> Results of British Council Darwin International Survey  <a href="/hashtag/interesante?src=hash" data-query-source="hashtag_click" class="twitter-hashtag pretty-link js-nav" dir="ltr" ><s>#</s><b>interesante</b></a>]]></document>
	</documents>
</author>