<?xml version="1.0" encoding="UTF-8" standalone="no"?><author age_group="xx" gender="xx" lang="EN" type="twitter" url="https://twitter.com/TORYCREATIVE">
	<documents count="85">
		<document id="10069386496839680" url="https://twitter.com/TORYCREATIVE/status/10069386496839680"><![CDATA[Happy December! Quick news this week:: Hello everyone-
Is your life moving fast too? Wowee zowee. This is a brie... http://bit.ly/ftMd1G]]></document>
		<document id="100950091103338497" url="https://twitter.com/TORYCREATIVE/status/100950091103338497"><![CDATA[August update: 
Amidst work for my local show,  the local class I am teaching, my participation in our national/... http://bit.ly/pdak3C]]></document>
		<document id="103189128111329282" url="https://twitter.com/TORYCREATIVE/status/103189128111329282"><![CDATA[Think Global, Act Local, Get Personal: part 1: 
“SOUVENIRS, Tangible Memories, Wearable Imagination”

Thinking g... <a href="http://t.co/p4XTnid" rel="nofollow" dir="ltr" data-expanded-url="http://bit.ly/ojKWZD" class="twitter-timeline-link" target="_blank" title="http://bit.ly/ojKWZD" ><span class="tco-ellipsis"></span><span class="invisible">http://</span><span class="js-display-url">bit.ly/ojKWZD</span><span class="invisible"></span><span class="tco-ellipsis"><span class="invisible">&nbsp;</span></span></a>]]></document>
		<document id="11055696278" url="https://twitter.com/TORYCREATIVE/status/11055696278"><![CDATA[Mirror, Mirror-5 Ways to Turn Away from Doubt: Today’s territory, that common issue: 
Mirror, Mirror
Doubt, Self-r... http://bit.ly/aUmmKU]]></document>
		<document id="110772026016411648" url="https://twitter.com/TORYCREATIVE/status/110772026016411648"><![CDATA[Zozobra Burning Sale Thursday+Friday!: 
ANNUAL ZOZOBRA BURNING EVENT SALE THIS THURSDAY AND FRIDAY ONLY.TORY’S G... <a href="http://t.co/Sr5XnLV" rel="nofollow" dir="ltr" data-expanded-url="http://bit.ly/oVHZau" class="twitter-timeline-link" target="_blank" title="http://bit.ly/oVHZau" ><span class="tco-ellipsis"></span><span class="invisible">http://</span><span class="js-display-url">bit.ly/oVHZau</span><span class="invisible"></span><span class="tco-ellipsis"><span class="invisible">&nbsp;</span></span></a>]]></document>
		<document id="11131057124" url="https://twitter.com/TORYCREATIVE/status/11131057124"><![CDATA[Mailing list help needed: 
Do you want to be on my mailing list?
If so, would you please email me with Yes in the ... http://bit.ly/bqzScS]]></document>
		<document id="111892491657162752" url="https://twitter.com/TORYCREATIVE/status/111892491657162752"><![CDATA[Artists’ Evening In Santa Fe: 
Wednesday evening sunset viewing and hanging out 

Jeff Dever was in Santa Fe tea... <a href="http://t.co/HZ3pdaI" rel="nofollow" dir="ltr" data-expanded-url="http://bit.ly/qv09BR" class="twitter-timeline-link" target="_blank" title="http://bit.ly/qv09BR" ><span class="tco-ellipsis"></span><span class="invisible">http://</span><span class="js-display-url">bit.ly/qv09BR</span><span class="invisible"></span><span class="tco-ellipsis"><span class="invisible">&nbsp;</span></span></a>]]></document>
		<document id="113706434348331009" url="https://twitter.com/TORYCREATIVE/status/113706434348331009"><![CDATA[Join us! Milagro Hacienda Creativity Retreat in Santa Fe: 
Please join us for the first annual Milagro Hacienda ... <a href="http://t.co/grOJr6C" rel="nofollow" dir="ltr" data-expanded-url="http://bit.ly/oILgVG" class="twitter-timeline-link" target="_blank" title="http://bit.ly/oILgVG" ><span class="tco-ellipsis"></span><span class="invisible">http://</span><span class="js-display-url">bit.ly/oILgVG</span><span class="invisible"></span><span class="tco-ellipsis"><span class="invisible">&nbsp;</span></span></a>]]></document>
		<document id="114224180580458497" url="https://twitter.com/TORYCREATIVE/status/114224180580458497"><![CDATA[Zozobra now! Thursday and Friday at my Gallery Shop- <a href="http://t.co/QvgRjCH1" rel="nofollow" dir="ltr" data-expanded-url="http://aweber.com/t/LUkKo" class="twitter-timeline-link" target="_blank" title="http://aweber.com/t/LUkKo" ><span class="tco-ellipsis"></span><span class="invisible">http://</span><span class="js-display-url">aweber.com/t/LUkKo</span><span class="invisible"></span><span class="tco-ellipsis"><span class="invisible">&nbsp;</span></span></a>]]></document>
		<document id="114473071330603008" url="https://twitter.com/TORYCREATIVE/status/114473071330603008"><![CDATA[Well, yes, it&#39;s always Happy New Year somewhere... <a href="http://t.co/6XvkXLoA" rel="nofollow" dir="ltr" data-expanded-url="http://aweber.com/t/OurNy" class="twitter-timeline-link" target="_blank" title="http://aweber.com/t/OurNy" ><span class="tco-ellipsis"></span><span class="invisible">http://</span><span class="js-display-url">aweber.com/t/OurNy</span><span class="invisible"></span><span class="tco-ellipsis"><span class="invisible">&nbsp;</span></span></a>]]></document>
		<document id="11543432125" url="https://twitter.com/TORYCREATIVE/status/11543432125"><![CDATA[Chameleon Book Special!: “Polymer, the Chameleon Clay- Polymer Clay Techniques for Recreating Natural Materials”
i... http://bit.ly/cumUgw]]></document>
		<document id="116787568955232256" url="https://twitter.com/TORYCREATIVE/status/116787568955232256"><![CDATA[Equinoctial Creative Happiness: “Mirabile Dictu” means roughly ‘let me tell you about a marvelous thing!’
Which ... <a href="http://t.co/CEZeewL2" rel="nofollow" dir="ltr" data-expanded-url="http://bit.ly/oFe8tD" class="twitter-timeline-link" target="_blank" title="http://bit.ly/oFe8tD" ><span class="tco-ellipsis"></span><span class="invisible">http://</span><span class="js-display-url">bit.ly/oFe8tD</span><span class="invisible"></span><span class="tco-ellipsis"><span class="invisible">&nbsp;</span></span></a>]]></document>
		<document id="11785214531" url="https://twitter.com/TORYCREATIVE/status/11785214531"><![CDATA[Bing! 13 Inspiration Sources: Today’s Territory: Inspiration!

Our creative projects all spring from an original i... http://bit.ly/b8DXBX]]></document>
		<document id="12360294279" url="https://twitter.com/TORYCREATIVE/status/12360294279"><![CDATA[4 Actions against Creative Fears: Today’s Territory:
4 Actions Against Creative Fears

Why fears and doubts arise ... http://bit.ly/arnuqL]]></document>
		<document id="124532909003636736" url="https://twitter.com/TORYCREATIVE/status/124532909003636736"><![CDATA[Art-making, Wine-making and Your Life Now.: “We live on the leash of our senses”, Diane Ackerman wrote, and adde... <a href="http://t.co/nCQEHaFa" rel="nofollow" dir="ltr" data-expanded-url="http://bit.ly/qrkDyq" class="twitter-timeline-link" target="_blank" title="http://bit.ly/qrkDyq" ><span class="tco-ellipsis"></span><span class="invisible">http://</span><span class="js-display-url">bit.ly/qrkDyq</span><span class="invisible"></span><span class="tco-ellipsis"><span class="invisible">&nbsp;</span></span></a>]]></document>
		<document id="126477021164478464" url="https://twitter.com/TORYCREATIVE/status/126477021164478464"><![CDATA[RAMalicious! New Work for Terra Nova Exhibition: Here! For you: Detail from my SeaCliff series, new work made sp... <a href="http://t.co/TakKCmf8" rel="nofollow" dir="ltr" data-expanded-url="http://bit.ly/raSVF1" class="twitter-timeline-link" target="_blank" title="http://bit.ly/raSVF1" ><span class="tco-ellipsis"></span><span class="invisible">http://</span><span class="js-display-url">bit.ly/raSVF1</span><span class="invisible"></span><span class="tco-ellipsis"><span class="invisible">&nbsp;</span></span></a>]]></document>
		<document id="128912986009112576" url="https://twitter.com/TORYCREATIVE/status/128912986009112576"><![CDATA[Signed TERRA NOVA Catalogues NOW at RAM Store: Hello all-
Jump on this now if you want the gorgeous, elegant, hi... <a href="http://t.co/Svt5IZy5" rel="nofollow" dir="ltr" data-expanded-url="http://bit.ly/stisKW" class="twitter-timeline-link" target="_blank" title="http://bit.ly/stisKW" ><span class="tco-ellipsis"></span><span class="invisible">http://</span><span class="js-display-url">bit.ly/stisKW</span><span class="invisible"></span><span class="tco-ellipsis"><span class="invisible">&nbsp;</span></span></a>]]></document>
		<document id="13153294602" url="https://twitter.com/TORYCREATIVE/status/13153294602"><![CDATA[Creativity, the Brain, and Evolution http://bit.ly/b6IqbV]]></document>
		<document id="135448538300694528" url="https://twitter.com/TORYCREATIVE/status/135448538300694528"><![CDATA[Invitations and specials for you creative people out there- <a href="http://t.co/UM9pBARl" rel="nofollow" dir="ltr" data-expanded-url="http://aweber.com/t/CaVU6" class="twitter-timeline-link" target="_blank" title="http://aweber.com/t/CaVU6" ><span class="tco-ellipsis"></span><span class="invisible">http://</span><span class="js-display-url">aweber.com/t/CaVU6</span><span class="invisible"></span><span class="tco-ellipsis"><span class="invisible">&nbsp;</span></span></a>]]></document>
		<document id="13751060903" url="https://twitter.com/TORYCREATIVE/status/13751060903"><![CDATA[test: 

 http://bit.ly/9m0TSh]]></document>
		<document id="140206709074427905" url="https://twitter.com/TORYCREATIVE/status/140206709074427905"><![CDATA[SeaCliff Brooches: New Work, Thanksgiving Day 2011: Lovely week in the studio.
To purchase any of these brooches... <a href="http://t.co/6Y5mkQPV" rel="nofollow" dir="ltr" data-expanded-url="http://bit.ly/un6AAD" class="twitter-timeline-link" target="_blank" title="http://bit.ly/un6AAD" ><span class="tco-ellipsis"></span><span class="invisible">http://</span><span class="js-display-url">bit.ly/un6AAD</span><span class="invisible"></span><span class="tco-ellipsis"><span class="invisible">&nbsp;</span></span></a>]]></document>
		<document id="14176197345" url="https://twitter.com/TORYCREATIVE/status/14176197345"><![CDATA[Got Meaning? Five Ways to Ground Your Art in YOU: 
Meaning.   Growth.   Yer Art.
Five ways to link meaning and exp... http://bit.ly/9aDyoT]]></document>
		<document id="146005607453954048" url="https://twitter.com/TORYCREATIVE/status/146005607453954048"><![CDATA[Dashing through the SNOW and a discount for you! <a href="http://t.co/dGqi4qJ4" rel="nofollow" dir="ltr" data-expanded-url="http://aweber.com/t/AZUXu" class="twitter-timeline-link" target="_blank" title="http://aweber.com/t/AZUXu" ><span class="tco-ellipsis"></span><span class="invisible">http://</span><span class="js-display-url">aweber.com/t/AZUXu</span><span class="invisible"></span><span class="tco-ellipsis"><span class="invisible">&nbsp;</span></span></a>]]></document>
		<document id="147122665155600384" url="https://twitter.com/TORYCREATIVE/status/147122665155600384"><![CDATA[Postage Stamp Brooches, early winter 2011: It’s been a satisfying week in the studio making postage stamp brooch... <a href="http://t.co/HmnEWg2F" rel="nofollow" dir="ltr" data-expanded-url="http://bit.ly/w3WL0z" class="twitter-timeline-link" target="_blank" title="http://bit.ly/w3WL0z" ><span class="tco-ellipsis"></span><span class="invisible">http://</span><span class="js-display-url">bit.ly/w3WL0z</span><span class="invisible"></span><span class="tco-ellipsis"><span class="invisible">&nbsp;</span></span></a>]]></document>
		<document id="150340682157002752" url="https://twitter.com/TORYCREATIVE/status/150340682157002752"><![CDATA[2012 in the realm of you: Time for a change?
Change for a time? or: What’s up with 2012 anyway?Hello everyone-
F... <a href="http://t.co/GQOtaHXB" rel="nofollow" dir="ltr" data-expanded-url="http://bit.ly/uXRkDh" class="twitter-timeline-link" target="_blank" title="http://bit.ly/uXRkDh" ><span class="tco-ellipsis"></span><span class="invisible">http://</span><span class="js-display-url">bit.ly/uXRkDh</span><span class="invisible"></span><span class="tco-ellipsis"><span class="invisible">&nbsp;</span></span></a>]]></document>
		<document id="15074830481" url="https://twitter.com/TORYCREATIVE/status/15074830481"><![CDATA[: 
Are You Ready? 
7,551 Ideas for Positive Creative Change
You feeling as discouraged by the news lately as I am?... http://bit.ly/aeiCMw]]></document>
		<document id="152596274485534720" url="https://twitter.com/TORYCREATIVE/status/152596274485534720"><![CDATA[Quickie note- <a href="http://t.co/Z0ck0z1k" rel="nofollow" dir="ltr" data-expanded-url="http://aweber.com/t/J4WyE" class="twitter-timeline-link" target="_blank" title="http://aweber.com/t/J4WyE" ><span class="tco-ellipsis"></span><span class="invisible">http://</span><span class="js-display-url">aweber.com/t/J4WyE</span><span class="invisible"></span><span class="tco-ellipsis"><span class="invisible">&nbsp;</span></span></a>]]></document>
		<document id="153981068003905536" url="https://twitter.com/TORYCREATIVE/status/153981068003905536"><![CDATA[Gloriously Moving Forward: &#39;Lemmings&#39;    Rachel Gourley©2011     digital print
Ready? Set?Here we go, bravely he... <a href="http://t.co/D2NBf8mj" rel="nofollow" dir="ltr" data-expanded-url="http://bit.ly/u6MjWP" class="twitter-timeline-link" target="_blank" title="http://bit.ly/u6MjWP" ><span class="tco-ellipsis"></span><span class="invisible">http://</span><span class="js-display-url">bit.ly/u6MjWP</span><span class="invisible"></span><span class="tco-ellipsis"><span class="invisible">&nbsp;</span></span></a>]]></document>
		<document id="15497316752429056" url="https://twitter.com/TORYCREATIVE/status/15497316752429056"><![CDATA[Haaaaappy Holidays, Happy holidays!: Hello all!
A short and of course exuberant note from Santa Fe, where it is ... http://bit.ly/g9BxqD]]></document>
		<document id="15718643640" url="https://twitter.com/TORYCREATIVE/status/15718643640"><![CDATA[Are You Ready? Creative Ideas Part II: 
Are You Ready? Part 2
Another 32,759 Ideas for Positive Creative Change
Ev... http://bit.ly/aBOUfm]]></document>
		<document id="168775889994264577" url="https://twitter.com/TORYCREATIVE/status/168775889994264577"><![CDATA[-Short sweet sale of red! over at my Gallery Shop- <a href="http://t.co/nwDxEysf" rel="nofollow" dir="ltr" data-expanded-url="http://aweber.com/t/PqCV8" class="twitter-timeline-link" target="_blank" title="http://aweber.com/t/PqCV8" ><span class="tco-ellipsis"></span><span class="invisible">http://</span><span class="js-display-url">aweber.com/t/PqCV8</span><span class="invisible"></span><span class="tco-ellipsis"><span class="invisible">&nbsp;</span></span></a>]]></document>
		<document id="175665498900533249" url="https://twitter.com/TORYCREATIVE/status/175665498900533249"><![CDATA[A Little Bookishness: Presentation, March 3: Quick post today, amidst snow in Santa Fe.
Saturday, March 3, I’m p... <a href="http://t.co/GpWxdk28" rel="nofollow" dir="ltr" data-expanded-url="http://bit.ly/zluPb7" class="twitter-timeline-link" target="_blank" title="http://bit.ly/zluPb7" ><span class="tco-ellipsis"></span><span class="invisible">http://</span><span class="js-display-url">bit.ly/zluPb7</span><span class="invisible"></span><span class="tco-ellipsis"><span class="invisible">&nbsp;</span></span></a>]]></document>
		<document id="175669056530153473" url="https://twitter.com/TORYCREATIVE/status/175669056530153473"><![CDATA[Santa Fe Book Arts Presentation Saturday March 3, classes 17+18.  <a href="http://t.co/ysgwQxJI" rel="nofollow" dir="ltr" data-expanded-url="http://aweber.com/t/CduEk" class="twitter-timeline-link" target="_blank" title="http://aweber.com/t/CduEk" ><span class="tco-ellipsis"></span><span class="invisible">http://</span><span class="js-display-url">aweber.com/t/CduEk</span><span class="invisible"></span><span class="tco-ellipsis"><span class="invisible">&nbsp;</span></span></a>]]></document>
		<document id="19249332146409472" url="https://twitter.com/TORYCREATIVE/status/19249332146409472"><![CDATA[How to be more creative in 2011: How to be More Creative in 2011orCreativity, the Winter Solstice, and A Fish Ca... http://bit.ly/gKcA3W]]></document>
		<document id="204689951659536385" url="https://twitter.com/TORYCREATIVE/status/204689951659536385"><![CDATA[Come visit my Jewelry Open Studio May 26+27: Hello all-

You’re invited to my  spring jewelry trunk show May 26+... <a href="http://t.co/dlQyjQyY" rel="nofollow" dir="ltr" data-expanded-url="http://bit.ly/LvFsLb" class="twitter-timeline-link" target="_blank" title="http://bit.ly/LvFsLb" ><span class="tco-ellipsis"></span><span class="invisible">http://</span><span class="js-display-url">bit.ly/LvFsLb</span><span class="invisible"></span><span class="tco-ellipsis"><span class="invisible">&nbsp;</span></span></a>]]></document>
		<document id="204808063121756160" url="https://twitter.com/TORYCREATIVE/status/204808063121756160"><![CDATA[Lotsa summer news! Jewelry show THIS weekend and you may want to read the second paragraph <a href="http://t.co/La6gkQiV" rel="nofollow" dir="ltr" data-expanded-url="http://aweber.com/t/KMaqM" class="twitter-timeline-link" target="_blank" title="http://aweber.com/t/KMaqM" ><span class="tco-ellipsis"></span><span class="invisible">http://</span><span class="js-display-url">aweber.com/t/KMaqM</span><span class="invisible"></span><span class="tco-ellipsis"><span class="invisible">&nbsp;</span></span></a>]]></document>
		<document id="205432538301337600" url="https://twitter.com/TORYCREATIVE/status/205432538301337600"><![CDATA[Treasure Necklaces, Dancing, and You!: I’ll be darned. This recent article from Stanford, based on a study in th... <a href="http://t.co/nGtYiltF" rel="nofollow" dir="ltr" data-expanded-url="http://bit.ly/L9Co5i" class="twitter-timeline-link" target="_blank" title="http://bit.ly/L9Co5i" ><span class="tco-ellipsis"></span><span class="invisible">http://</span><span class="js-display-url">bit.ly/L9Co5i</span><span class="invisible"></span><span class="tco-ellipsis"><span class="invisible">&nbsp;</span></span></a>]]></document>
		<document id="207487329282166784" url="https://twitter.com/TORYCREATIVE/status/207487329282166784"><![CDATA[Copyblogger\&#39;s great post led to Marketing That Works pdf free via <a href="/DannyIny" class="twitter-atreply pretty-link js-nav" dir="ltr" data-mentioned-user-id="46433389" ><s>@</s><b>DannyIny</b></a><a href="http://t.co/P5vg4Et4" rel="nofollow" dir="ltr" data-expanded-url="http://bit.ly/IEWzEL" class="twitter-timeline-link u-hidden" target="_blank" title="http://bit.ly/IEWzEL" ><span class="tco-ellipsis"></span><span class="invisible">http://</span><span class="js-display-url">bit.ly/IEWzEL</span><span class="invisible"></span><span class="tco-ellipsis"><span class="invisible">&nbsp;</span></span></a>]]></document>
		<document id="208372631790039040" url="https://twitter.com/TORYCREATIVE/status/208372631790039040"><![CDATA[Taoist Studio Practice: 2nd Milagro Hacienda Retreat in October: Well hello you!
You’re invited to this year’s 2... <a href="http://t.co/ynZhWTTK" rel="nofollow" dir="ltr" data-expanded-url="http://bit.ly/LPL9Sc" class="twitter-timeline-link" target="_blank" title="http://bit.ly/LPL9Sc" ><span class="tco-ellipsis"></span><span class="invisible">http://</span><span class="js-display-url">bit.ly/LPL9Sc</span><span class="invisible"></span><span class="tco-ellipsis"><span class="invisible">&nbsp;</span></span></a>]]></document>
		<document id="21032386405859329" url="https://twitter.com/TORYCREATIVE/status/21032386405859329"><![CDATA[How To Be More Creative in 2011, part 2: Here we go for more creativity in 2011.
What the heck does that exactly... http://bit.ly/elAwZ9]]></document>
		<document id="214212516086161408" url="https://twitter.com/TORYCREATIVE/status/214212516086161408"><![CDATA[Secrets of Trebizond Revealed, part 1: A special ArtRanch missive for you
Over the next few months, master artis... <a href="http://t.co/xiEBXpPa" rel="nofollow" dir="ltr" data-expanded-url="http://bit.ly/MgLtYj" class="twitter-timeline-link" target="_blank" title="http://bit.ly/MgLtYj" ><span class="tco-ellipsis"></span><span class="invisible">http://</span><span class="js-display-url">bit.ly/MgLtYj</span><span class="invisible"></span><span class="tco-ellipsis"><span class="invisible">&nbsp;</span></span></a>]]></document>
		<document id="21422695366" url="https://twitter.com/TORYCREATIVE/status/21422695366"><![CDATA[What Box? Five Ideas for Innovative Approaches to your Creative Business: 
WHAT BOX?&gt; Five ideas for innovative ap... http://bit.ly/bZwIka]]></document>
		<document id="214398643313192960" url="https://twitter.com/TORYCREATIVE/status/214398643313192960"><![CDATA[Secrets of Trebizond Revealed, part 1:  
Special ArtRanch Missive for you
Over the next few months, master artis... <a href="http://t.co/0Gfzir2o" rel="nofollow" dir="ltr" data-expanded-url="http://bit.ly/Me0j3E" class="twitter-timeline-link" target="_blank" title="http://bit.ly/Me0j3E" ><span class="tco-ellipsis"></span><span class="invisible">http://</span><span class="js-display-url">bit.ly/Me0j3E</span><span class="invisible"></span><span class="tco-ellipsis"><span class="invisible">&nbsp;</span></span></a>]]></document>
		<document id="21528581561" url="https://twitter.com/TORYCREATIVE/status/21528581561"><![CDATA[Five Simple Directions Manual ready for you!: Five Simple Directions is an interactive manual that combines text, ... http://bit.ly/bulD13]]></document>
		<document id="22671176603" url="https://twitter.com/TORYCREATIVE/status/22671176603"><![CDATA[Creativity=Radical Gratitude, Extreme Patience and a Will of Iron: Making things involves, well, everything.
When ... http://bit.ly/d6PlD6]]></document>
		<document id="22711815309889536" url="https://twitter.com/TORYCREATIVE/status/22711815309889536"><![CDATA[Gallery Shop: Final days of opening sale!: Hello everyone -
The Tory Hughes Gallery Shop is in the final days of... http://bit.ly/fDhvN2]]></document>
		<document id="227511478960410625" url="https://twitter.com/TORYCREATIVE/status/227511478960410625"><![CDATA[Tory’s Open Studio Shindig: July 28+29, and August 2, 3+4: Hello all- You are invited!
It’s been very busy recen... <a href="http://t.co/aAjqkt2R" rel="nofollow" dir="ltr" data-expanded-url="http://bit.ly/P4Xt23" class="twitter-timeline-link" target="_blank" title="http://bit.ly/P4Xt23" ><span class="tco-ellipsis"></span><span class="invisible">http://</span><span class="js-display-url">bit.ly/P4Xt23</span><span class="invisible"></span><span class="tco-ellipsis"><span class="invisible">&nbsp;</span></span></a>]]></document>
		<document id="237341423236706304" url="https://twitter.com/TORYCREATIVE/status/237341423236706304"><![CDATA[Lumeria: New Work, Summer 2012: As Santa Fe’s high season continues, and the blessed monsoons have come to cool ... <a href="http://t.co/TUq7I8Wz" rel="nofollow" dir="ltr" data-expanded-url="http://bit.ly/SFQ4VK" class="twitter-timeline-link" target="_blank" title="http://bit.ly/SFQ4VK" ><span class="tco-ellipsis"></span><span class="invisible">http://</span><span class="js-display-url">bit.ly/SFQ4VK</span><span class="invisible"></span><span class="tco-ellipsis"><span class="invisible">&nbsp;</span></span></a>]]></document>
		<document id="246047300353392640" url="https://twitter.com/TORYCREATIVE/status/246047300353392640"><![CDATA[Art Safari and A Week in Trebizond!  Creativity+Polymer Retreats At Tory&#39;s Santa Fe Studio  <a href="http://t.co/DYzAsxj1" rel="nofollow" dir="ltr" data-expanded-url="http://aweber.com/t/OkSPK" class="twitter-timeline-link" target="_blank" title="http://aweber.com/t/OkSPK" ><span class="tco-ellipsis"></span><span class="invisible">http://</span><span class="js-display-url">aweber.com/t/OkSPK</span><span class="invisible"></span><span class="tco-ellipsis"><span class="invisible">&nbsp;</span></span></a>]]></document>
		<document id="247439486882041856" url="https://twitter.com/TORYCREATIVE/status/247439486882041856"><![CDATA[New Work, 9.15: Fall has arrived in northern New Mexico. Nights are cold, and the fragrance of piñon and cedar s... <a href="http://t.co/KcfzrKCt" rel="nofollow" dir="ltr" data-expanded-url="http://bit.ly/Rf5QWJ" class="twitter-timeline-link" target="_blank" title="http://bit.ly/Rf5QWJ" ><span class="tco-ellipsis"></span><span class="invisible">http://</span><span class="js-display-url">bit.ly/Rf5QWJ</span><span class="invisible"></span><span class="tco-ellipsis"><span class="invisible">&nbsp;</span></span></a>]]></document>
		<document id="25003659383" url="https://twitter.com/TORYCREATIVE/status/25003659383"><![CDATA[: BLOCKS OF STONE, BLOCKS OF ICE
The ﬂow of your creative energy carries your inspiration into physical form- a pa... http://bit.ly/cqJjwU]]></document>
		<document id="250728690525286400" url="https://twitter.com/TORYCREATIVE/status/250728690525286400"><![CDATA[New work  9.25: Hello you all! My studio is a buzzing beehive of activity getting ready for Paradise City in two... <a href="http://t.co/YljsAQJU" rel="nofollow" dir="ltr" data-expanded-url="http://bit.ly/SwTgrp" class="twitter-timeline-link" target="_blank" title="http://bit.ly/SwTgrp" ><span class="tco-ellipsis"></span><span class="invisible">http://</span><span class="js-display-url">bit.ly/SwTgrp</span><span class="invisible"></span><span class="tco-ellipsis"><span class="invisible">&nbsp;</span></span></a>]]></document>
		<document id="251821849317609472" url="https://twitter.com/TORYCREATIVE/status/251821849317609472"><![CDATA[Open Studio Party this Sunday, Sept 30, from 4 - 7 pm (Show and Tell, but No Sell) <a href="http://t.co/Iw91MwLs" rel="nofollow" dir="ltr" data-expanded-url="http://aweber.com/t/7GGx8" class="twitter-timeline-link" target="_blank" title="http://aweber.com/t/7GGx8" ><span class="tco-ellipsis"></span><span class="invisible">http://</span><span class="js-display-url">aweber.com/t/7GGx8</span><span class="invisible"></span><span class="tco-ellipsis"><span class="invisible">&nbsp;</span></span></a>]]></document>
		<document id="25284907458629632" url="https://twitter.com/TORYCREATIVE/status/25284907458629632"><![CDATA[Who Owns Your Creativity Rights?: Do you know who owns your creativity?
Do you know who controls it?
Here in the... http://bit.ly/fsZa9H]]></document>
		<document id="253341119239315456" url="https://twitter.com/TORYCREATIVE/status/253341119239315456"><![CDATA[New Brooches 10.2: Winding things up here in my studio as final details for the Paradise City Arts Festival come... <a href="http://t.co/P2v4HdRK" rel="nofollow" dir="ltr" data-expanded-url="http://bit.ly/Pu1iLT" class="twitter-timeline-link" target="_blank" title="http://bit.ly/Pu1iLT" ><span class="tco-ellipsis"></span><span class="invisible">http://</span><span class="js-display-url">bit.ly/Pu1iLT</span><span class="invisible"></span><span class="tco-ellipsis"><span class="invisible">&nbsp;</span></span></a>]]></document>
		<document id="25520491658" url="https://twitter.com/TORYCREATIVE/status/25520491658"><![CDATA[Creative Action means Both/And: CREATIVE CHOICES: BOTH/AND
Both/And.Not either / or.
This never was a black or whi... http://bit.ly/9OTTKX]]></document>
		<document id="257592623659892736" url="https://twitter.com/TORYCREATIVE/status/257592623659892736"><![CDATA[A Week in Trebizond! Polymer ArtMaking Retreat At Tory&#39;s Santa Fe Studio  <a href="http://t.co/59bblIZ4" rel="nofollow" dir="ltr" data-expanded-url="http://aweber.com/t/NaxnS" class="twitter-timeline-link" target="_blank" title="http://aweber.com/t/NaxnS" ><span class="tco-ellipsis"></span><span class="invisible">http://</span><span class="js-display-url">aweber.com/t/NaxnS</span><span class="invisible"></span><span class="tco-ellipsis"><span class="invisible">&nbsp;</span></span></a>]]></document>
		<document id="264544187997908992" url="https://twitter.com/TORYCREATIVE/status/264544187997908992"><![CDATA[Take Two: Polymer Technique and Improvisation Workshop Feb 2+3 with Carol Blackburn and me! <a href="http://t.co/nIEQDjZP" rel="nofollow" dir="ltr" data-expanded-url="http://aweber.com/t/RBVCQ" class="twitter-timeline-link" target="_blank" title="http://aweber.com/t/RBVCQ" ><span class="tco-ellipsis"></span><span class="invisible">http://</span><span class="js-display-url">aweber.com/t/RBVCQ</span><span class="invisible"></span><span class="tco-ellipsis"><span class="invisible">&nbsp;</span></span></a>]]></document>
		<document id="26813922430427136" url="https://twitter.com/TORYCREATIVE/status/26813922430427136"><![CDATA[Trade you – One minute for 365 days!: Trade you-
Two quick questions, two multiple-choice answers.
For my luscio... http://bit.ly/eCRvyY]]></document>
		<document id="32654542000619520" url="https://twitter.com/TORYCREATIVE/status/32654542000619520"><![CDATA[Didja Blink? Update -: Hello all: A brief update-
I have a new website at Tory Hughes. Although I’ll be doing mo... http://bit.ly/gONw99]]></document>
		<document id="330111801800933376" url="https://twitter.com/TORYCREATIVE/status/330111801800933376"><![CDATA[Camels everywhere- or Come join me in Santa Fe, or maybe Australia! <a href="http://t.co/vAAMt0W1pt" rel="nofollow" dir="ltr" data-expanded-url="http://aweber.com/t/SREVi" class="twitter-timeline-link" target="_blank" title="http://aweber.com/t/SREVi" ><span class="tco-ellipsis"></span><span class="invisible">http://</span><span class="js-display-url">aweber.com/t/SREVi</span><span class="invisible"></span><span class="tco-ellipsis"><span class="invisible">&nbsp;</span></span></a>]]></document>
		<document id="350287156327104512" url="https://twitter.com/TORYCREATIVE/status/350287156327104512"><![CDATA[dsfad:  <a href="http://t.co/WCpBRlorzd" rel="nofollow" dir="ltr" data-expanded-url="http://bit.ly/1aipNu3" class="twitter-timeline-link" target="_blank" title="http://bit.ly/1aipNu3" ><span class="tco-ellipsis"></span><span class="invisible">http://</span><span class="js-display-url">bit.ly/1aipNu3</span><span class="invisible"></span><span class="tco-ellipsis"><span class="invisible">&nbsp;</span></span></a>]]></document>
		<document id="351091710111133696" url="https://twitter.com/TORYCREATIVE/status/351091710111133696"><![CDATA[Big Art, Big Events, Birthdays: or: dsddaf Revisited!: Allo all! Greetings from sunny Santa Fe, where Adventur... <a href="http://t.co/Qyqcc2DHcq" rel="nofollow" dir="ltr" data-expanded-url="http://bit.ly/13h10DL" class="twitter-timeline-link" target="_blank" title="http://bit.ly/13h10DL" ><span class="tco-ellipsis"></span><span class="invisible">http://</span><span class="js-display-url">bit.ly/13h10DL</span><span class="invisible"></span><span class="tco-ellipsis"><span class="invisible">&nbsp;</span></span></a>]]></document>
		<document id="38075432301498368" url="https://twitter.com/TORYCREATIVE/status/38075432301498368"><![CDATA[Love, Art, News, and Specials for you. http://aweber.com/b/1lyOc]]></document>
		<document id="39058067354025984" url="https://twitter.com/TORYCREATIVE/status/39058067354025984"><![CDATA[Want the new Masters in Polymer Clay book?: As one of the featured artists in this gorgeous classic volume, I re... http://bit.ly/gs3CgW]]></document>
		<document id="40453783674687488" url="https://twitter.com/TORYCREATIVE/status/40453783674687488"><![CDATA[Cutting through Creative Confusion:  Cutting through Creative Confusion
We’re two months into 2011. Ten more mon... http://bit.ly/i3noTZ]]></document>
		<document id="418271612681478145" url="https://twitter.com/TORYCREATIVE/status/418271612681478145"><![CDATA[Bell-Ringing for 2014: New Year Is Here And We All Vow That We Will Make Some Changes Now. Bong Bong Bong Bong... <a href="http://t.co/Pqa9aFTSHv" rel="nofollow" dir="ltr" data-expanded-url="http://bit.ly/1d8FSyY" class="twitter-timeline-link" target="_blank" title="http://bit.ly/1d8FSyY" ><span class="tco-ellipsis"></span><span class="invisible">http://</span><span class="js-display-url">bit.ly/1d8FSyY</span><span class="invisible"></span><span class="tco-ellipsis"><span class="invisible">&nbsp;</span></span></a>]]></document>
		<document id="425752678354796544" url="https://twitter.com/TORYCREATIVE/status/425752678354796544"><![CDATA[2014 ArtRanch Retreats and Workshops: 2014  ARTRANCH SCHEDULE with Tory Hughes, Inner Sherpa
February 23, Sund... <a href="http://t.co/k5wgQRDAP1" rel="nofollow" dir="ltr" data-expanded-url="http://bit.ly/LCHLNR" class="twitter-timeline-link" target="_blank" title="http://bit.ly/LCHLNR" ><span class="tco-ellipsis"></span><span class="invisible">http://</span><span class="js-display-url">bit.ly/LCHLNR</span><span class="invisible"></span><span class="tco-ellipsis"><span class="invisible">&nbsp;</span></span></a>]]></document>
		<document id="42801378233565184" url="https://twitter.com/TORYCREATIVE/status/42801378233565184"><![CDATA[Fabulous, Dahling! In-Your-Face Creative Inspiration: Creatively stuck? Feeling lost when you go to make things?... http://bit.ly/hyH4Lx]]></document>
		<document id="50015569239482368" url="https://twitter.com/TORYCREATIVE/status/50015569239482368"><![CDATA[Psst: My Studio has 8 Helpful Tips for You: Working in my studio for 27 years, through hard and easy times, has ... http://bit.ly/gtRiIT]]></document>
		<document id="50332696261558273" url="https://twitter.com/TORYCREATIVE/status/50332696261558273"><![CDATA[April 9! Creative Strategies Call, details here: http://aweber.com/b/1i062]]></document>
		<document id="50791719964389376" url="https://twitter.com/TORYCREATIVE/status/50791719964389376"><![CDATA[Website glitches- http://aweber.com/b/1M0C6]]></document>
		<document id="58757729271037952" url="https://twitter.com/TORYCREATIVE/status/58757729271037952"><![CDATA[New DVD+Books Shop: please note address http://aweber.com/t/w8ly]]></document>
		<document id="62728940204195840" url="https://twitter.com/TORYCREATIVE/status/62728940204195840"><![CDATA[“Aquarelles” New Spring Collection, part 1: Hello there youall-
In the New Mexico we are inhaling the blossoming... http://bit.ly/ghnkbr]]></document>
		<document id="64075910667702272" url="https://twitter.com/TORYCREATIVE/status/64075910667702272"><![CDATA[New Spring Collection, part 2: More of my recent work, these emphasizing the rich evocations of the Trebizond Co... http://bit.ly/jrn0ni]]></document>
		<document id="65147195648782337" url="https://twitter.com/TORYCREATIVE/status/65147195648782337"><![CDATA[Focus and Mayhem in my Studio: 
A couple of weeks ago, I vacated my studio for a month so that an out-of-town ar... http://bit.ly/msYtsc]]></document>
		<document id="67640398952136705" url="https://twitter.com/TORYCREATIVE/status/67640398952136705"><![CDATA[Arcana for Jurying: Hello all-
My creative development blog is now The Art Of You, on my creative development si... http://bit.ly/mbU6lQ]]></document>
		<document id="69524910850052096" url="https://twitter.com/TORYCREATIVE/status/69524910850052096"><![CDATA[<a href="/JohnnyBTruant" class="twitter-atreply pretty-link js-nav" dir="ltr" data-mentioned-user-id="16838515" ><s>@</s><b>JohnnyBTruant</b></a> http://twitpic.com/4vv20z - Excellent! Planning the same thing myself. Am writing standing at a bar counter (espresso only!)]]></document>
		<document id="69617036673814528" url="https://twitter.com/TORYCREATIVE/status/69617036673814528"><![CDATA[Back in My Studio to Go Forward: 
Today I began to move things back into my studio. My assembly workbench was th... http://bit.ly/jS7snB]]></document>
		<document id="73452108963258369" url="https://twitter.com/TORYCREATIVE/status/73452108963258369"><![CDATA[Polymer Fractals Field Trip: 
Polymer clay iterative patterning and three-fold isomorphic replication!Fifth grad... http://bit.ly/j9C4XU]]></document>
		<document id="79999693257572352" url="https://twitter.com/TORYCREATIVE/status/79999693257572352"><![CDATA[Excursions, explorations: Ever noticed how when you start something really new, you like having company around?
... http://bit.ly/j4IJei]]></document>
		<document id="80875171925344256" url="https://twitter.com/TORYCREATIVE/status/80875171925344256"><![CDATA[Tahitian Flora Sketches and Polymer Mokume Gane: Update – Studio work for my Aug. 1 show:
My theme is souvenirs ... http://bit.ly/inIGIy]]></document>
		<document id="84018345577426944" url="https://twitter.com/TORYCREATIVE/status/84018345577426944"><![CDATA[COBA NECKLACE: YUCATAN TALISMAN R+R: 
This Coba necklace, a polymer+ mixed media assembled piece using metallic ... http://bit.ly/kE2QpX]]></document>
		<document id="90820516629327872" url="https://twitter.com/TORYCREATIVE/status/90820516629327872"><![CDATA[Santa Fe Standards Necklace: Santa Fe Standards is a polymer necklace reflecting my experience in northern New M... http://bit.ly/o4Kctw]]></document>
		<document id="95177572702371840" url="https://twitter.com/TORYCREATIVE/status/95177572702371840"><![CDATA[New: Tory’s Polymer Foundations Class: Santa Fe: Hello all – You’ve been leaving great feedback on the pieces I’... http://bit.ly/nZVCby]]></document>
	</documents>
</author>