<?xml version="1.0" encoding="UTF-8" standalone="no"?><author age_group="xx" gender="xx" lang="EN" type="twitter" url="https://twitter.com/marta_dominguez">
	<documents count="219">
		<document id="349533210767671299" url="https://twitter.com/marta_dominguez/status/349533210767671299"><![CDATA[Viendo... RT <a href="/Alltop" class="twitter-atreply pretty-link js-nav" dir="ltr" data-mentioned-user-id="17583639" ><s>@</s><b>Alltop</b></a> What makes an employee happy [infographic]<a href="http://t.co/rBx24aVfD7" rel="nofollow" dir="ltr" data-expanded-url="http://goo.gl/UiLrr" class="twitter-timeline-link u-hidden" target="_blank" title="http://goo.gl/UiLrr" ><span class="tco-ellipsis"></span><span class="invisible">http://</span><span class="js-display-url">goo.gl/UiLrr</span><span class="invisible"></span><span class="tco-ellipsis"><span class="invisible">&nbsp;</span></span></a>]]></document>
		<document id="349533506415759360" url="https://twitter.com/marta_dominguez/status/349533506415759360"><![CDATA[+1000 RT <a href="/gapingvoid" class="twitter-atreply pretty-link js-nav" dir="ltr" data-mentioned-user-id="72982024" ><s>@</s><b>gapingvoid</b></a> Work is the new rock and roll.]]></document>
		<document id="349919581814534145" url="https://twitter.com/marta_dominguez/status/349919581814534145"><![CDATA[Already feel confuse about the version numbers :) RT <a href="/Chris_Skinner" class="twitter-atreply pretty-link js-nav" dir="ltr" data-mentioned-user-id="14190796" ><s>@</s><b>Chris_Skinner</b></a> <a href="/hashtag/Mckinsey?src=hash" data-query-source="hashtag_click" class="twitter-hashtag pretty-link js-nav" dir="ltr" ><s>#</s><b>Mckinsey</b></a>: Industry 4.0 =the internet of things <a href="http://t.co/RU7XQoxNTN" rel="nofollow" dir="ltr" data-expanded-url="http://www.mckinsey.com/Insights/Business_Technology/The_Internet_of_Things_and_the_future_of_manufacturing?cid=other-eml-alt-mip-mck-oth-1306" class="twitter-timeline-link" target="_blank" title="http://www.mckinsey.com/Insights/Business_Technology/The_Internet_of_Things_and_the_future_of_manufacturing?cid=other-eml-alt-mip-mck-oth-1306" ><span class="tco-ellipsis"></span><span class="invisible">http://www.</span><span class="js-display-url">mckinsey.com/Insights/Busin</span><span class="invisible">ess_Technology/The_Internet_of_Things_and_the_future_of_manufacturing?cid=other-eml-alt-mip-mck-oth-1306</span><span class="tco-ellipsis"><span class="invisible">&nbsp;</span>…</span></a> …]]></document>
		<document id="350668252143292416" url="https://twitter.com/marta_dominguez/status/350668252143292416"><![CDATA[Verano <a href="/hashtag/tech?src=hash" data-query-source="hashtag_click" class="twitter-hashtag pretty-link js-nav" dir="ltr" ><s>#</s><b>tech</b></a> con <a href="/hashtag/humor?src=hash" data-query-source="hashtag_click" class="twitter-hashtag pretty-link js-nav" dir="ltr" ><s>#</s><b>humor</b></a> RT <a href="/HuffPostTech" class="twitter-atreply pretty-link js-nav" dir="ltr" data-mentioned-user-id="73147282" ><s>@</s><b>HuffPostTech</b></a> 
Computers are like air conditioners: 
They stop working properly when you open Windows]]></document>
		<document id="351694731836788740" url="https://twitter.com/marta_dominguez/status/351694731836788740"><![CDATA[Agree! RT <a href="/ericries" class="twitter-atreply pretty-link js-nav" dir="ltr" data-mentioned-user-id="14278978" ><s>@</s><b>ericries</b></a> &quot;Anyone who says failure is not an option has also ruled out innovation.&quot; <a href="http://t.co/q8TxSTLnCk" rel="nofollow" dir="ltr" data-expanded-url="http://sethgodin.typepad.com/seths_blog/2013/06/the-lab-or-the-factory.html" class="twitter-timeline-link" target="_blank" title="http://sethgodin.typepad.com/seths_blog/2013/06/the-lab-or-the-factory.html" ><span class="tco-ellipsis"></span><span class="invisible">http://</span><span class="js-display-url">sethgodin.typepad.com/seths_blog/201</span><span class="invisible">3/06/the-lab-or-the-factory.html</span><span class="tco-ellipsis"><span class="invisible">&nbsp;</span>…</span></a>]]></document>
		<document id="351755835065634816" url="https://twitter.com/marta_dominguez/status/351755835065634816"><![CDATA[TNW Poll | The most awesome web browser right now is ______ ? (<a href="/TheNextWeb" class="twitter-atreply pretty-link js-nav" dir="ltr" data-mentioned-user-id="10876852" ><s>@</s><b>TheNextWeb</b></a>) <a href="http://t.co/qpyEQJVyBQ" rel="nofollow" dir="ltr" data-expanded-url="http://wedgi.es/15blY5Z" class="twitter-timeline-link" target="_blank" title="http://wedgi.es/15blY5Z" ><span class="tco-ellipsis"></span><span class="invisible">http://</span><span class="js-display-url">wedgi.es/15blY5Z</span><span class="invisible"></span><span class="tco-ellipsis"><span class="invisible">&nbsp;</span></span></a> via <a href="/wedgies" class="twitter-atreply pretty-link js-nav" dir="ltr" data-mentioned-user-id="273796045" ><s>@</s><b>wedgies</b></a>]]></document>
		<document id="352340521827577857" url="https://twitter.com/marta_dominguez/status/352340521827577857"><![CDATA[<a href="/Sweetblack" class="twitter-atreply pretty-link js-nav" dir="ltr" data-mentioned-user-id="10595982" ><s>@</s><b>Sweetblack</b></a> Un poco a lo Wharhol con Marilyn <a href="/el7arte" class="twitter-atreply pretty-link js-nav" dir="ltr" data-mentioned-user-id="110520731" ><s>@</s><b>el7arte</b></a>]]></document>
		<document id="352381385060794368" url="https://twitter.com/marta_dominguez/status/352381385060794368"><![CDATA[Burnout? &quot;Overnight success is fictional. Overnight success comes after years of hard, sustainable work&quot; <a href="http://t.co/ozHdS3YVZ3" rel="nofollow" dir="ltr" data-expanded-url="http://andrewdumont.me/avoiding-burnout" class="twitter-timeline-link" target="_blank" title="http://andrewdumont.me/avoiding-burnout" ><span class="tco-ellipsis"></span><span class="invisible">http://</span><span class="js-display-url">andrewdumont.me/avoiding-burno</span><span class="invisible">ut</span><span class="tco-ellipsis"><span class="invisible">&nbsp;</span>…</span></a> Great advise]]></document>
		<document id="352456111900725252" url="https://twitter.com/marta_dominguez/status/352456111900725252"><![CDATA[<a href="/AchimMuellers" class="twitter-atreply pretty-link js-nav" dir="ltr" data-mentioned-user-id="9405862" ><s>@</s><b>AchimMuellers</b></a> A nice pitch to overcome the fear of networking too!]]></document>
		<document id="352458603166310400" url="https://twitter.com/marta_dominguez/status/352458603166310400"><![CDATA[<a href="/robinwauters" class="twitter-atreply pretty-link js-nav" dir="ltr" data-mentioned-user-id="621713" ><s>@</s><b>robinwauters</b></a> What would be (hypothetically) the new valuation the investors would give to that ;))?]]></document>
		<document id="352486681900879872" url="https://twitter.com/marta_dominguez/status/352486681900879872"><![CDATA[Ha, ha RT <a href="/dangillmor" class="twitter-atreply pretty-link js-nav" dir="ltr" data-mentioned-user-id="6267962" ><s>@</s><b>dangillmor</b></a> From G+: Snowden should seek asylum in the only place immune from US prosecution: Wall Street<a href="http://t.co/4USkqLtgJ4" rel="nofollow" dir="ltr" data-expanded-url="http://buff.ly/1cRkJtx" class="twitter-timeline-link u-hidden" target="_blank" title="http://buff.ly/1cRkJtx" ><span class="tco-ellipsis"></span><span class="invisible">http://</span><span class="js-display-url">buff.ly/1cRkJtx</span><span class="invisible"></span><span class="tco-ellipsis"><span class="invisible">&nbsp;</span></span></a>]]></document>
		<document id="353067526382567424" url="https://twitter.com/marta_dominguez/status/353067526382567424"><![CDATA[Do you use your phone in the bathroom? 
 No, I <a href="/hashtag/WaitToTweet?src=hash" data-query-source="hashtag_click" class="twitter-hashtag pretty-link js-nav" dir="ltr" ><s>#</s><b>WaitToTweet</b></a> <a href="http://t.co/KyXMQi8bqm" rel="nofollow" dir="ltr" data-expanded-url="http://wedgi.es/19YjbhA" class="twitter-timeline-link" target="_blank" title="http://wedgi.es/19YjbhA" ><span class="tco-ellipsis"></span><span class="invisible">http://</span><span class="js-display-url">wedgi.es/19YjbhA</span><span class="invisible"></span><span class="tco-ellipsis"><span class="invisible">&nbsp;</span></span></a>
 or
 Yes. Yes I do. <a href="http://t.co/PnyBV3kzih" rel="nofollow" dir="ltr" data-expanded-url="http://wedgi.es/1aIFx9M" class="twitter-timeline-link" target="_blank" title="http://wedgi.es/1aIFx9M" ><span class="tco-ellipsis"></span><span class="invisible">http://</span><span class="js-display-url">wedgi.es/1aIFx9M</span><span class="invisible"></span><span class="tco-ellipsis"><span class="invisible">&nbsp;</span></span></a> via <a href="/wedgies" class="twitter-atreply pretty-link js-nav" dir="ltr" data-mentioned-user-id="273796045" ><s>@</s><b>wedgies</b></a>]]></document>
		<document id="354529542494355458" url="https://twitter.com/marta_dominguez/status/354529542494355458"><![CDATA[+1000: &quot;In silence, one learns to discern what truly merits attention.&quot; comment on Tech Addiction <a href="/nytimes" class="twitter-atreply pretty-link js-nav" dir="ltr" data-mentioned-user-id="807095" ><s>@</s><b>nytimes</b></a> <a href="http://t.co/6mF2USwRoD" rel="nofollow" dir="ltr" data-expanded-url="http://nyti.ms/1ddtKgv" class="twitter-timeline-link" target="_blank" title="http://nyti.ms/1ddtKgv" ><span class="tco-ellipsis"></span><span class="invisible">http://</span><span class="js-display-url">nyti.ms/1ddtKgv</span><span class="invisible"></span><span class="tco-ellipsis"><span class="invisible">&nbsp;</span></span></a>]]></document>
		<document id="354639678932140033" url="https://twitter.com/marta_dominguez/status/354639678932140033"><![CDATA[Melody Meckfessel, responsible of everything tech in Google<a href="http://t.co/8pkaDRXujs" rel="nofollow" dir="ltr" data-expanded-url="http://www.businessinsider.com/the-woman-quietly-responsible-for-google-2013-7" class="twitter-timeline-link u-hidden" target="_blank" title="http://www.businessinsider.com/the-woman-quietly-responsible-for-google-2013-7" ><span class="tco-ellipsis"></span><span class="invisible">http://www.</span><span class="js-display-url">businessinsider.com/the-woman-quie</span><span class="invisible">tly-responsible-for-google-2013-7</span><span class="tco-ellipsis"><span class="invisible">&nbsp;</span>…</span></a>]]></document>
		<document id="354912621788528640" url="https://twitter.com/marta_dominguez/status/354912621788528640"><![CDATA[Interesting read: Doug Engelbart and the vision thing: Is Silicon Valley lacking imagination? <a href="http://t.co/rceSOMj6Z2" rel="nofollow" dir="ltr" data-expanded-url="http://gigaom.com/2013/07/05/doug-engelbart-and-the-vision-thing-is-silicon-valley-suffering-from-a-failure-of-imagination/" class="twitter-timeline-link" target="_blank" title="http://gigaom.com/2013/07/05/doug-engelbart-and-the-vision-thing-is-silicon-valley-suffering-from-a-failure-of-imagination/" ><span class="tco-ellipsis"></span><span class="invisible">http://</span><span class="js-display-url">gigaom.com/2013/07/05/dou</span><span class="invisible">g-engelbart-and-the-vision-thing-is-silicon-valley-suffering-from-a-failure-of-imagination/</span><span class="tco-ellipsis"><span class="invisible">&nbsp;</span>…</span></a> <a href="/gigaom" class="twitter-atreply pretty-link js-nav" dir="ltr" data-mentioned-user-id="2893971" ><s>@</s><b>gigaom</b></a>]]></document>
		<document id="355361735118557186" url="https://twitter.com/marta_dominguez/status/355361735118557186"><![CDATA[Many businesses make money with it... RT <a href="/hnshah" class="twitter-atreply pretty-link js-nav" dir="ltr" data-mentioned-user-id="3382" ><s>@</s><b>hnshah</b></a> The Network Effect is Dead, Long Live the Network Effect<a href="http://t.co/vFrB9w8Ben" rel="nofollow" dir="ltr" data-expanded-url="http://kiss.ly/181ZVme" class="twitter-timeline-link u-hidden" target="_blank" title="http://kiss.ly/181ZVme" ><span class="tco-ellipsis"></span><span class="invisible">http://</span><span class="js-display-url">kiss.ly/181ZVme</span><span class="invisible"></span><span class="tco-ellipsis"><span class="invisible">&nbsp;</span></span></a>]]></document>
		<document id="356025421206265856" url="https://twitter.com/marta_dominguez/status/356025421206265856"><![CDATA[How to wisely use every penny: 10 Extreme Bootstrapping Ideas <a href="http://t.co/aj7M0bOGso" rel="nofollow" dir="ltr" data-expanded-url="http://www.inc.com/christina-desmarais/10-extreme-bootstrapping-ideas.html" class="twitter-timeline-link" target="_blank" title="http://www.inc.com/christina-desmarais/10-extreme-bootstrapping-ideas.html" ><span class="tco-ellipsis"></span><span class="invisible">http://www.</span><span class="js-display-url">inc.com/christina-desm</span><span class="invisible">arais/10-extreme-bootstrapping-ideas.html</span><span class="tco-ellipsis"><span class="invisible">&nbsp;</span>…</span></a> via <a href="/Inc" class="twitter-atreply pretty-link js-nav" dir="ltr" data-mentioned-user-id="16896485" ><s>@</s><b>Inc</b></a>]]></document>
		<document id="356783014585446402" url="https://twitter.com/marta_dominguez/status/356783014585446402"><![CDATA[<a href="/hashtag/Summer?src=hash" data-query-source="hashtag_click" class="twitter-hashtag pretty-link js-nav" dir="ltr" ><s>#</s><b>Summer</b></a> <a href="/hashtag/techthings?src=hash" data-query-source="hashtag_click" class="twitter-hashtag pretty-link js-nav" dir="ltr" ><s>#</s><b>techthings</b></a> :) RT <a href="/CharlieBeckett" class="twitter-atreply pretty-link js-nav" dir="ltr" data-mentioned-user-id="13939772" ><s>@</s><b>CharlieBeckett</b></a> Why does my Kindle Touch freeze in the sun? (it&#39;s not even getting hot, just running v slow)]]></document>
		<document id="356818135980064769" url="https://twitter.com/marta_dominguez/status/356818135980064769"><![CDATA[<a href="/phodgson" class="twitter-atreply pretty-link js-nav" dir="ltr" data-mentioned-user-id="3417241" ><s>@</s><b>phodgson</b></a> Apparently not ;)]]></document>
		<document id="357429403464118272" url="https://twitter.com/marta_dominguez/status/357429403464118272"><![CDATA[A concrete example of why you must not confuse value for free: Why conference tickets cost money… <a href="http://t.co/CssttO3UkZ" rel="nofollow" dir="ltr" data-expanded-url="http://tnw.to/q2L6" class="twitter-timeline-link" target="_blank" title="http://tnw.to/q2L6" ><span class="tco-ellipsis"></span><span class="invisible">http://</span><span class="js-display-url">tnw.to/q2L6</span><span class="invisible"></span><span class="tco-ellipsis"><span class="invisible">&nbsp;</span></span></a> via <a href="/TheNextWeb" class="twitter-atreply pretty-link js-nav" dir="ltr" data-mentioned-user-id="10876852" ><s>@</s><b>thenextweb</b></a>]]></document>
		<document id="359278526911877120" url="https://twitter.com/marta_dominguez/status/359278526911877120"><![CDATA[Writting an essay. &quot;what is the relationship of innovation to entrepreneurs and small businesses?&quot;.]]></document>
		<document id="361789503075127296" url="https://twitter.com/marta_dominguez/status/361789503075127296"><![CDATA[Interesting RT <a href="/eesley" class="twitter-atreply pretty-link js-nav" dir="ltr" data-mentioned-user-id="20873320" ><s>@</s><b>eesley</b></a>: Check out &quot;she  : The Documentary&quot; <a href="http://t.co/FvseMIz3s0" rel="nofollow" dir="ltr" data-expanded-url="http://buff.ly/1c5rzQ6" class="twitter-timeline-link" target="_blank" title="http://buff.ly/1c5rzQ6" ><span class="tco-ellipsis"></span><span class="invisible">http://</span><span class="js-display-url">buff.ly/1c5rzQ6</span><span class="invisible"></span><span class="tco-ellipsis"><span class="invisible">&nbsp;</span></span></a> <a href="/hashtag/Vimeo?src=hash" data-query-source="hashtag_click" class="twitter-hashtag pretty-link js-nav" dir="ltr" ><s>#</s><b>Vimeo</b></a> <a href="/hashtag/womenintechnology?src=hash" data-query-source="hashtag_click" class="twitter-hashtag pretty-link js-nav" dir="ltr" ><s>#</s><b>womenintechnology</b></a> <a href="/hashtag/stanford?src=hash" data-query-source="hashtag_click" class="twitter-hashtag pretty-link js-nav" dir="ltr" ><s>#</s><b>stanford</b></a> <a href="/hashtag/goodgirlsgonegee?src=hash" data-query-source="hashtag_click" class="twitter-hashtag pretty-link js-nav" dir="ltr" ><s>#</s><b>goodgirlsgonegee</b></a>]]></document>
		<document id="362533568607563776" url="https://twitter.com/marta_dominguez/status/362533568607563776"><![CDATA[Albert Einstein said: &quot;If A is to succeed in life, then A = x + y + z. Work is x, y is play and z is to listen.&quot; <a href="/hashtag/Quote?src=hash" data-query-source="hashtag_click" class="twitter-hashtag pretty-link js-nav" dir="ltr" ><s>#</s><b>Quote</b></a>]]></document>
		<document id="364334914038022144" url="https://twitter.com/marta_dominguez/status/364334914038022144"><![CDATA[I´m against oft-quoted examples. There is more life and fruit out there than &quot;apples&quot; <a href="/hashtag/innovationisouthere?src=hash" data-query-source="hashtag_click" class="twitter-hashtag pretty-link js-nav" dir="ltr" ><s>#</s><b>innovationisouthere</b></a>]]></document>
		<document id="364711842548944896" url="https://twitter.com/marta_dominguez/status/364711842548944896"><![CDATA[I&#39;ve just downloaded the new published (free) Visual Innovation Accelerator ebook incl. 40+Tools. Get it here: <a href="http://t.co/lx3rDVHNka" rel="nofollow" dir="ltr" data-expanded-url="http://bit.ly/YjFw38" class="twitter-timeline-link" target="_blank" title="http://bit.ly/YjFw38" ><span class="tco-ellipsis"></span><span class="invisible">http://</span><span class="js-display-url">bit.ly/YjFw38</span><span class="invisible"></span><span class="tco-ellipsis"><span class="invisible">&nbsp;</span></span></a>]]></document>
		<document id="377524536650244096" url="https://twitter.com/marta_dominguez/status/377524536650244096"><![CDATA[Cute! RT <a href="/xavierverdaguer" class="twitter-atreply pretty-link js-nav" dir="ltr" data-mentioned-user-id="94703610" ><s>@</s><b>xavierverdaguer</b></a>: apple&#39;s worst days…:( RT <a href="/elies" class="twitter-atreply pretty-link js-nav" dir="ltr" data-mentioned-user-id="14413614" ><s>@</s><b>elies</b></a>: Ha! RT <a href="/nokia_uk" class="twitter-atreply pretty-link js-nav" dir="ltr" data-mentioned-user-id="2831967932" ><s>@</s><b>nokia_uk</b></a>: Thanks, <a href="/hashtag/Apple?src=hash" data-query-source="hashtag_click" class="twitter-hashtag pretty-link js-nav" dir="ltr" ><s>#</s><b>Apple</b></a> ;) <a href="http://t.co/WcIFAJIQbm" rel="nofollow" dir="ltr" data-expanded-url="https://twitter.com/nokia_uk/status/377483408043036672/photo/1" class="twitter-timeline-link" target="_blank" title="https://twitter.com/nokia_uk/status/377483408043036672/photo/1" ><span class="tco-ellipsis"></span><span class="invisible">https://twitter.com/nokia_uk/status/377483408043036672/photo/1</span><span class="js-display-url">pic.twitter.com/WcIFAJIQbm</span><span class="invisible"></span><span class="tco-ellipsis"><span class="invisible">&nbsp;</span></span></a>]]></document>
		<document id="378578584002383872" url="https://twitter.com/marta_dominguez/status/378578584002383872"><![CDATA[<a href="/Premios_Ondas" class="twitter-atreply pretty-link js-nav" dir="ltr" data-mentioned-user-id="385919778" ><s>@</s><b>Premios_Ondas</b></a>: &quot;Sin mis fracasos no hubiera aprendido todo lo que sé&quot; <a href="/JuanraLucas" class="twitter-atreply pretty-link js-nav" dir="ltr" data-mentioned-user-id="245792560" ><s>@</s><b>juanralucas</b></a> Ondas 2010.  <a href="http://t.co/ytPRpgV0Ty" rel="nofollow" dir="ltr" data-expanded-url="http://buff.ly/16qcXXz" class="twitter-timeline-link" target="_blank" title="http://buff.ly/16qcXXz" ><span class="tco-ellipsis"></span><span class="invisible">http://</span><span class="js-display-url">buff.ly/16qcXXz</span><span class="invisible"></span><span class="tco-ellipsis"><span class="invisible">&nbsp;</span></span></a> <a href="/hashtag/Ondas2013?src=hash" data-query-source="hashtag_click" class="twitter-hashtag pretty-link js-nav" dir="ltr" ><s>#</s><b>Ondas2013</b></a>]]></document>
		<document id="379888131686010880" url="https://twitter.com/marta_dominguez/status/379888131686010880"><![CDATA[<a href="/AchimMuellers" class="twitter-atreply pretty-link js-nav" dir="ltr" data-mentioned-user-id="9405862" ><s>@</s><b>AchimMuellers</b></a> Spammers are the plague of our days :-\]]></document>
		<document id="380001305030582272" url="https://twitter.com/marta_dominguez/status/380001305030582272"><![CDATA[A reminder that getting innovation comes after sweat ;) RT <a href="/MeredithMBell" class="twitter-atreply pretty-link js-nav" dir="ltr" data-mentioned-user-id="17343595" ><s>@</s><b>MeredithMBell</b></a>: &quot;What is now proved was once only imagined.&quot; - William Blake]]></document>
		<document id="380009143463317504" url="https://twitter.com/marta_dominguez/status/380009143463317504"><![CDATA[There is fear without innovation. But there is no innovation without fear ;) RT <a href="/gapingvoid" class="twitter-atreply pretty-link js-nav" dir="ltr" data-mentioned-user-id="72982024" ><s>@</s><b>gapingvoid</b></a> Innovation vs Fear  <a href="http://t.co/0TCbhn9iBj" rel="nofollow" dir="ltr" data-expanded-url="http://buff.ly/14f3xNT" class="twitter-timeline-link" target="_blank" title="http://buff.ly/14f3xNT" ><span class="tco-ellipsis"></span><span class="invisible">http://</span><span class="js-display-url">buff.ly/14f3xNT</span><span class="invisible"></span><span class="tco-ellipsis"><span class="invisible">&nbsp;</span></span></a>]]></document>
		<document id="380028140737032192" url="https://twitter.com/marta_dominguez/status/380028140737032192"><![CDATA[This is a nice case of an enterprise 2.0 realization <a href="/hashtag/goodread?src=hash" data-query-source="hashtag_click" class="twitter-hashtag pretty-link js-nav" dir="ltr" ><s>#</s><b>goodread</b></a> Is There Life After Email? Yes, &amp; It&#39;s Amazing <a href="/berkun" class="twitter-atreply pretty-link js-nav" dir="ltr" data-mentioned-user-id="30495974" ><s>@</s><b>berkun</b></a><a href="http://t.co/wVB5L6aXIb" rel="nofollow" dir="ltr" data-expanded-url="http://buff.ly/1890BBY" class="twitter-timeline-link u-hidden" target="_blank" title="http://buff.ly/1890BBY" ><span class="tco-ellipsis"></span><span class="invisible">http://</span><span class="js-display-url">buff.ly/1890BBY</span><span class="invisible"></span><span class="tco-ellipsis"><span class="invisible">&nbsp;</span></span></a>]]></document>
		<document id="380989041463672832" url="https://twitter.com/marta_dominguez/status/380989041463672832"><![CDATA[The evolution of the cloud as pictured by <a href="/gapingvoid" class="twitter-atreply pretty-link js-nav" dir="ltr" data-mentioned-user-id="72982024" ><s>@</s><b>gapingvoid</b></a> Brilliant! <a href="http://t.co/zJ5MwyRKRu" rel="nofollow" dir="ltr" data-expanded-url="http://us1.campaign-archive2.com/?u=028de8672d5f9a229f15e9edf&amp;id=d99bd781af" class="twitter-timeline-link" target="_blank" title="http://us1.campaign-archive2.com/?u=028de8672d5f9a229f15e9edf&amp;id=d99bd781af" ><span class="tco-ellipsis"></span><span class="invisible">http://</span><span class="js-display-url">us1.campaign-archive2.com/?u=028de8672d5</span><span class="invisible">f9a229f15e9edf&amp;id=d99bd781af</span><span class="tco-ellipsis"><span class="invisible">&nbsp;</span>…</span></a> <a href="/hashtag/cartoon?src=hash" data-query-source="hashtag_click" class="twitter-hashtag pretty-link js-nav" dir="ltr" ><s>#</s><b>cartoon</b></a> <a href="/hashtag/cloud?src=hash" data-query-source="hashtag_click" class="twitter-hashtag pretty-link js-nav" dir="ltr" ><s>#</s><b>cloud</b></a>]]></document>
		<document id="381023484853227521" url="https://twitter.com/marta_dominguez/status/381023484853227521"><![CDATA[Ya tengo mi ticket para Spain Startup &amp; Investor Summit. <a href="http://t.co/o8GPW3KGNR" rel="nofollow" dir="ltr" data-expanded-url="http://www.ticketea.com/spain-startup" class="twitter-timeline-link" target="_blank" title="http://www.ticketea.com/spain-startup" ><span class="tco-ellipsis"></span><span class="invisible">http://www.</span><span class="js-display-url">ticketea.com/spain-startup</span><span class="invisible"></span><span class="tco-ellipsis"><span class="invisible">&nbsp;</span></span></a> <a href="/hashtag/socialticketing?src=hash" data-query-source="hashtag_click" class="twitter-hashtag pretty-link js-nav" dir="ltr" ><s>#</s><b>socialticketing</b></a> Mad, 9-10-11 OCT]]></document>
		<document id="381107069015035904" url="https://twitter.com/marta_dominguez/status/381107069015035904"><![CDATA[Tech blogs &amp; women editors: A nice surprise &amp; a top bar for <a href="/TheNextWeb" class="twitter-atreply pretty-link js-nav" dir="ltr" data-mentioned-user-id="10876852" ><s>@</s><b>TheNextWeb</b></a> y The Verge MT <a href="/kelly_heather" class="twitter-atreply pretty-link js-nav" dir="ltr" data-mentioned-user-id="3257077914" ><s>@</s><b>kelly_heather</b></a>: Gender counts<a href="http://t.co/1HfD45rhFK" class="twitter-timeline-link u-hidden" data-pre-embedded="true" dir="ltr" >pic.twitter.com/1HfD45rhFK</a>]]></document>
		<document id="381380729739169792" url="https://twitter.com/marta_dominguez/status/381380729739169792"><![CDATA[<a href="/MattNavarraUK" class="twitter-atreply pretty-link js-nav" dir="ltr" data-mentioned-user-id="2838318609" ><s>@</s><b>MattNavarraUK</b></a> I do! I follow AllthingsD and Techcrunch But I&#39;m a reader of <a href="/TheNextWeb" class="twitter-atreply pretty-link js-nav" dir="ltr" data-mentioned-user-id="10876852" ><s>@</s><b>TheNextWeb</b></a>. Thus, my little push :)]]></document>
		<document id="382082265557118976" url="https://twitter.com/marta_dominguez/status/382082265557118976"><![CDATA[Golden rule of content: You have to love them every day, even if they don´t buy from you every day; 
 <a href="http://t.co/qBU11uVwtE" rel="nofollow" dir="ltr" data-expanded-url="http://shar.es/KbDxX" class="twitter-timeline-link" target="_blank" title="http://shar.es/KbDxX" ><span class="tco-ellipsis"></span><span class="invisible">http://</span><span class="js-display-url">shar.es/KbDxX</span><span class="invisible"></span><span class="tco-ellipsis"><span class="invisible">&nbsp;</span></span></a> by <a href="/gapingvoid" class="twitter-atreply pretty-link js-nav" dir="ltr" data-mentioned-user-id="72982024" ><s>@</s><b>gapingvoid</b></a>]]></document>
		<document id="382084047565885441" url="https://twitter.com/marta_dominguez/status/382084047565885441"><![CDATA[When your gadgets get too smart (part 2)...  <a href="http://t.co/6PcaFt12mP" rel="nofollow" dir="ltr" data-expanded-url="http://geek-and-poke.com/geekandpoke/2013/9/8/when-your-gadgets-get-too-smart-part-2" class="twitter-timeline-link" target="_blank" title="http://geek-and-poke.com/geekandpoke/2013/9/8/when-your-gadgets-get-too-smart-part-2" ><span class="tco-ellipsis"></span><span class="invisible">http://</span><span class="js-display-url">geek-and-poke.com/geekandpoke/20</span><span class="invisible">13/9/8/when-your-gadgets-get-too-smart-part-2</span><span class="tco-ellipsis"><span class="invisible">&nbsp;</span>…</span></a> <a href="/hashtag/geekhumour?src=hash" data-query-source="hashtag_click" class="twitter-hashtag pretty-link js-nav" dir="ltr" ><s>#</s><b>geekhumour</b></a>]]></document>
		<document id="382091563465060352" url="https://twitter.com/marta_dominguez/status/382091563465060352"><![CDATA[I had missed this: Great food for thought by <a href="/cuchullainn" class="twitter-atreply pretty-link js-nav" dir="ltr" data-mentioned-user-id="31545067" ><s>@</s><b>cuchullainn</b></a> on a topic question! Can we teach entrepreneurs?<a href="http://t.co/rJBq5mtavS" rel="nofollow" dir="ltr" data-expanded-url="http://conorneill.com/2013/07/30/can-we-teach-entrepreneurs/#comments" class="twitter-timeline-link u-hidden" target="_blank" title="http://conorneill.com/2013/07/30/can-we-teach-entrepreneurs/#comments" ><span class="tco-ellipsis"></span><span class="invisible">http://</span><span class="js-display-url">conorneill.com/2013/07/30/can</span><span class="invisible">-we-teach-entrepreneurs/#comments</span><span class="tco-ellipsis"><span class="invisible">&nbsp;</span>…</span></a>]]></document>
		<document id="382150239559634944" url="https://twitter.com/marta_dominguez/status/382150239559634944"><![CDATA[Agree!! RT <a href="/srllorente" class="twitter-atreply pretty-link js-nav" dir="ltr" data-mentioned-user-id="25049302" ><s>@</s><b>srllorente</b></a>: Invention is turning money into ideas. <a href="/hashtag/Innovation?src=hash" data-query-source="hashtag_click" class="twitter-hashtag pretty-link js-nav" dir="ltr" ><s>#</s><b>Innovation</b></a> is turning ideas into money… (seen on the internet)]]></document>
		<document id="382479068781764608" url="https://twitter.com/marta_dominguez/status/382479068781764608"><![CDATA[A couse on Creating value from innovation with Prof Marta Domínguez (presentation): <a href="http://t.co/RdC5yRnwoA" rel="nofollow" dir="ltr" data-expanded-url="http://youtu.be/CSPLOc3zHPE?a" class="twitter-timeline-link" target="_blank" title="http://youtu.be/CSPLOc3zHPE?a" ><span class="tco-ellipsis"></span><span class="invisible">http://</span><span class="js-display-url">youtu.be/CSPLOc3zHPE?a</span><span class="invisible"></span><span class="tco-ellipsis"><span class="invisible">&nbsp;</span></span></a> via <a href="/YouTube" class="twitter-atreply pretty-link js-nav" dir="ltr" data-mentioned-user-id="10228272" ><s>@</s><b>YouTube</b></a>]]></document>
		<document id="382481526916517888" url="https://twitter.com/marta_dominguez/status/382481526916517888"><![CDATA[A course on creating value form innovation, IE Business School. Yes, innovator can be taught! <a href="http://t.co/xdRulDn5xf" rel="nofollow" dir="ltr" data-expanded-url="http://the-i-thread.tumblr.com/post/62147504922/a-course-on-creating-value-from-innovation-ie-business" class="twitter-timeline-link" target="_blank" title="http://the-i-thread.tumblr.com/post/62147504922/a-course-on-creating-value-from-innovation-ie-business" ><span class="tco-ellipsis"></span><span class="invisible">http://</span><span class="js-display-url">the-i-thread.tumblr.com/post/621475049</span><span class="invisible">22/a-course-on-creating-value-from-innovation-ie-business</span><span class="tco-ellipsis"><span class="invisible">&nbsp;</span>…</span></a>]]></document>
		<document id="382835766415482881" url="https://twitter.com/marta_dominguez/status/382835766415482881"><![CDATA[Why Dwolla Charges 25 Cents to Send $11 or $11 million | LinkedIn<a href="http://t.co/TVSHw0N6zv" rel="nofollow" dir="ltr" data-expanded-url="http://www.linkedin.com/today/post/article/20130919181742-24171-why-dwolla-charges-25-cents-to-send-11-or-11-million" class="twitter-timeline-link u-hidden" target="_blank" title="http://www.linkedin.com/today/post/article/20130919181742-24171-why-dwolla-charges-25-cents-to-send-11-or-11-million" ><span class="tco-ellipsis"></span><span class="invisible">http://www.</span><span class="js-display-url">linkedin.com/today/post/art</span><span class="invisible">icle/20130919181742-24171-why-dwolla-charges-25-cents-to-send-11-or-11-million</span><span class="tco-ellipsis"><span class="invisible">&nbsp;</span>…</span></a>]]></document>
		<document id="383179086937722880" url="https://twitter.com/marta_dominguez/status/383179086937722880"><![CDATA[El hilo de innovación - English version: A course on creating value from innovation, IE Business School (yes,… <a href="http://t.co/wvdKsBN3c7" rel="nofollow" dir="ltr" data-expanded-url="http://tmblr.co/Z4G4Msw2hW6s" class="twitter-timeline-link" target="_blank" title="http://tmblr.co/Z4G4Msw2hW6s" ><span class="tco-ellipsis"></span><span class="invisible">http://</span><span class="js-display-url">tmblr.co/Z4G4Msw2hW6s</span><span class="invisible"></span><span class="tco-ellipsis"><span class="invisible">&nbsp;</span></span></a>]]></document>
		<document id="383199785441710080" url="https://twitter.com/marta_dominguez/status/383199785441710080"><![CDATA[Saved on <a href="/Delicious" class="twitter-atreply pretty-link js-nav" dir="ltr" data-mentioned-user-id="15815569" ><s>@</s><b>Delicious</b></a>: <a href="http://t.co/3yvz9OqD3Y" rel="nofollow" dir="ltr" data-expanded-url="http://disciplinedentrepreneurship.com/blog/first-business-news-bill-discusses-crisis-entrepreneurship-education?goback=%2Egde_4631029_member_273414557#%21" class="twitter-timeline-link" target="_blank" title="http://disciplinedentrepreneurship.com/blog/first-business-news-bill-discusses-crisis-entrepreneurship-education?goback=%2Egde_4631029_member_273414557#%21" ><span class="tco-ellipsis"></span><span class="invisible">http://</span><span class="js-display-url">disciplinedentrepreneurship.com/blog/first-bus</span><span class="invisible">iness-news-bill-discusses-crisis-entrepreneurship-education?goback=%2Egde_4631029_member_273414557#%21</span><span class="tco-ellipsis"><span class="invisible">&nbsp;</span>…</span></a> First Business News: Bill Discusses the Crisis in Entrepreneurship Education | Disciplined...]]></document>
		<document id="383232773391405056" url="https://twitter.com/marta_dominguez/status/383232773391405056"><![CDATA[Good read RT <a href="/deesley" class="twitter-atreply pretty-link js-nav" dir="ltr" data-mentioned-user-id="20357402" ><s>@</s><b>deesley</b></a> Great insights, Sonar&#39;s lesson&#39;s learned: false positives, branding, being sold vs being bought<a href="http://t.co/iBSpeFbX9b" rel="nofollow" dir="ltr" data-expanded-url="http://buff.ly/19InsDy" class="twitter-timeline-link u-hidden" target="_blank" title="http://buff.ly/19InsDy" ><span class="tco-ellipsis"></span><span class="invisible">http://</span><span class="js-display-url">buff.ly/19InsDy</span><span class="invisible"></span><span class="tco-ellipsis"><span class="invisible">&nbsp;</span></span></a>]]></document>
		<document id="383262159264043008" url="https://twitter.com/marta_dominguez/status/383262159264043008"><![CDATA[En un ratito al <a href="/CIBBVA" class="twitter-atreply pretty-link js-nav" dir="ltr" data-mentioned-user-id="14157408" ><s>@</s><b>CIBBVA</b></a> con <a href="/mitefspain" class="twitter-atreply pretty-link js-nav" dir="ltr" data-mentioned-user-id="303362923" ><s>@</s><b>mitefspain</b></a> &quot;success stories on internet trends&quot;, <a href="/BernieHernie" class="twitter-atreply pretty-link js-nav" dir="ltr" data-mentioned-user-id="6171542" ><s>@</s><b>BernieHernie</b></a> y otros...]]></document>
		<document id="383283871531671552" url="https://twitter.com/marta_dominguez/status/383283871531671552"><![CDATA[Ahora en directo RT <a href="/CIBBVA" class="twitter-atreply pretty-link js-nav" dir="ltr" data-mentioned-user-id="14157408" ><s>@</s><b>CIBBVA</b></a>&quot;MIT Alumni: success stories on internet trends&quot;. Síguelo vía streaming en: <a href="http://t.co/ZsVRyaMwqR" rel="nofollow" dir="ltr" data-expanded-url="http://bit.ly/18sz1xn" class="twitter-timeline-link" target="_blank" title="http://bit.ly/18sz1xn" ><span class="tco-ellipsis"></span><span class="invisible">http://</span><span class="js-display-url">bit.ly/18sz1xn</span><span class="invisible"></span><span class="tco-ellipsis"><span class="invisible">&nbsp;</span></span></a> <a href="/hashtag/mitefspain?src=hash" data-query-source="hashtag_click" class="twitter-hashtag pretty-link js-nav" dir="ltr" ><s>#</s><b>mitefspain</b></a>]]></document>
		<document id="383607163299831809" url="https://twitter.com/marta_dominguez/status/383607163299831809"><![CDATA[No hay fórmulas secretas RT <a href="/manuelgross" class="twitter-atreply pretty-link js-nav" dir="ltr" data-mentioned-user-id="14962483" ><s>@</s><b>manuelgross</b></a> <a href="/IntCreativa" class="twitter-atreply pretty-link js-nav" dir="ltr" data-mentioned-user-id="393921110" ><s>@</s><b>IntCreativa</b></a> How to balance radical and incremental <a href="/hashtag/innovation?src=hash" data-query-source="hashtag_click" class="twitter-hashtag pretty-link js-nav" dir="ltr" ><s>#</s><b>innovation</b></a><a href="http://t.co/bvt7OAbohb" rel="nofollow" dir="ltr" data-expanded-url="http://ow.ly/oUmoh" class="twitter-timeline-link u-hidden" target="_blank" title="http://ow.ly/oUmoh" ><span class="tco-ellipsis"></span><span class="invisible">http://</span><span class="js-display-url">ow.ly/oUmoh</span><span class="invisible"></span><span class="tco-ellipsis"><span class="invisible">&nbsp;</span></span></a>]]></document>
		<document id="383609082156179456" url="https://twitter.com/marta_dominguez/status/383609082156179456"><![CDATA[<a href="/hashtag/Goodread?src=hash" data-query-source="hashtag_click" class="twitter-hashtag pretty-link js-nav" dir="ltr" ><s>#</s><b>Goodread</b></a> RT <a href="/AchimMuellers" class="twitter-atreply pretty-link js-nav" dir="ltr" data-mentioned-user-id="9405862" ><s>@</s><b>AchimMuellers</b></a> Dear undergrads: Your degree was never intended to land you a job -  <a href="http://t.co/DM7sXrPC0x" rel="nofollow" dir="ltr" data-expanded-url="http://theglobeandmail.com/report-on-busi" class="twitter-timeline-link" target="_blank" title="http://theglobeandmail.com/report-on-busi" ><span class="tco-ellipsis"></span><span class="invisible">http://</span><span class="js-display-url">theglobeandmail.com/report-on-busi</span><span class="invisible"></span><span class="tco-ellipsis"><span class="invisible">&nbsp;</span></span></a>…]]></document>
		<document id="384598939866890240" url="https://twitter.com/marta_dominguez/status/384598939866890240"><![CDATA[Primeras lluvias...]]></document>
		<document id="384636800326594560" url="https://twitter.com/marta_dominguez/status/384636800326594560"><![CDATA[1 of many articles about the fall of BB: <a href="/JaumeTeixi" class="twitter-atreply pretty-link js-nav" dir="ltr" data-mentioned-user-id="19158847" ><s>@</s><b>JaumeTeixi</b></a>: Fall of BlackBerry, The smartphone inventor failed to adapt<a href="http://t.co/2l3YIVklyg" rel="nofollow" dir="ltr" data-expanded-url="http://ow.ly/pkFel" class="twitter-timeline-link u-hidden" target="_blank" title="http://ow.ly/pkFel" ><span class="tco-ellipsis"></span><span class="invisible">http://</span><span class="js-display-url">ow.ly/pkFel</span><span class="invisible"></span><span class="tco-ellipsis"><span class="invisible">&nbsp;</span></span></a>]]></document>
		<document id="384641096652836864" url="https://twitter.com/marta_dominguez/status/384641096652836864"><![CDATA[What you call &#39;disruptive&#39; is just... `Obsoletive&#39; by <a href="/stratechery" class="twitter-atreply pretty-link js-nav" dir="ltr" data-mentioned-user-id="1233663476" ><s>@</s><b>stratechery</b></a><a href="http://t.co/xwHQDd4x73" rel="nofollow" dir="ltr" data-expanded-url="http://stratechery.com/2013/obsoletive/" class="twitter-timeline-link u-hidden" target="_blank" title="http://stratechery.com/2013/obsoletive/" ><span class="tco-ellipsis"></span><span class="invisible">http://</span><span class="js-display-url">stratechery.com/2013/obsoletiv</span><span class="invisible">e/</span><span class="tco-ellipsis"><span class="invisible">&nbsp;</span>…</span></a>]]></document>
		<document id="385504420781637632" url="https://twitter.com/marta_dominguez/status/385504420781637632"><![CDATA[Won&#39;t tell which 1 I take :) RT <a href="/jmejias" class="twitter-atreply pretty-link js-nav" dir="ltr" data-mentioned-user-id="27938464" ><s>@</s><b>jmejias</b></a> RT <a href="/FastCompany" class="twitter-atreply pretty-link js-nav" dir="ltr" data-mentioned-user-id="2735591" ><s>@</s><b>FastCompany</b></a> This is your brain on coffee (&amp; beer):<a href="http://t.co/1yo5kka1hX" class="twitter-timeline-link u-hidden" data-pre-embedded="true" dir="ltr" >pic.twitter.com/1yo5kka1hX</a>]]></document>
		<document id="385809145888522240" url="https://twitter.com/marta_dominguez/status/385809145888522240"><![CDATA[Qué horror RT <a href="/enekoknorr" class="twitter-atreply pretty-link js-nav" dir="ltr" data-mentioned-user-id="2455561" ><s>@</s><b>enekoknorr</b></a> Candy Crush is the new FarmVille: it&#39;s played by people who had never played games before.]]></document>
		<document id="386071854584049664" url="https://twitter.com/marta_dominguez/status/386071854584049664"><![CDATA[I fully support this :)) &quot;Business Needs More Love&quot; by <a href="/gapingvoid" class="twitter-atreply pretty-link js-nav" dir="ltr" data-mentioned-user-id="72982024" ><s>@</s><b>gapingvoid</b></a> <a href="/hashtag/appreciation?src=hash" data-query-source="hashtag_click" class="twitter-hashtag pretty-link js-nav" dir="ltr" ><s>#</s><b>appreciation</b></a> <a href="/hashtag/business?src=hash" data-query-source="hashtag_click" class="twitter-hashtag pretty-link js-nav" dir="ltr" ><s>#</s><b>business</b></a> <a href="http://t.co/TVmL32iDet" rel="nofollow" dir="ltr" data-expanded-url="http://www.slideshare.net/gapingvoid/gapingvoid-business-needs-more-love" class="twitter-timeline-link" target="_blank" title="http://www.slideshare.net/gapingvoid/gapingvoid-business-needs-more-love" ><span class="tco-ellipsis"></span><span class="invisible">http://www.</span><span class="js-display-url">slideshare.net/gapingvoid/gap</span><span class="invisible">ingvoid-business-needs-more-love</span><span class="tco-ellipsis"><span class="invisible">&nbsp;</span>…</span></a> via <a href="/SlideShare" class="twitter-atreply pretty-link js-nav" dir="ltr" data-mentioned-user-id="9676152" ><s>@</s><b>SlideShare</b></a>]]></document>
		<document id="386096946831572992" url="https://twitter.com/marta_dominguez/status/386096946831572992"><![CDATA[Loved the 1 about &quot;overnight success can take 7 to 10 years&quot;: 10 Business Lessons You Should Know By Age 40  <a href="https://t.co/cxEtxwC5B2" rel="nofollow" dir="ltr" data-expanded-url="https://www.openforum.com/articles/10-business-lessons-you-should-know-by-age-40/" class="twitter-timeline-link" target="_blank" title="https://www.openforum.com/articles/10-business-lessons-you-should-know-by-age-40/" ><span class="tco-ellipsis"></span><span class="invisible">https://www.</span><span class="js-display-url">openforum.com/articles/10-bu</span><span class="invisible">siness-lessons-you-should-know-by-age-40/</span><span class="tco-ellipsis"><span class="invisible">&nbsp;</span>…</span></a>]]></document>
		<document id="387198466440855553" url="https://twitter.com/marta_dominguez/status/387198466440855553"><![CDATA[Dejà vu? RT <a href="/fodor" class="twitter-atreply pretty-link js-nav" dir="ltr" data-mentioned-user-id="6264872" ><s>@</s><b>fodor</b></a> &quot;Greece is collapsing, the Iranians are getting aggressive, &amp; Rome is in disarray. Welcome back to 430 BC.&quot; (John Clees)]]></document>
		<document id="387622657044148224" url="https://twitter.com/marta_dominguez/status/387622657044148224"><![CDATA[This is how my brain works ;) <a href="https://t.co/WrcOoJqhEB" rel="nofollow" dir="ltr" data-expanded-url="https://www.facebook.com/photo.php?fbid=620771587975147&amp;set=a.134304433288534.37873.132853273433650&amp;type=1&amp;theater" class="twitter-timeline-link" target="_blank" title="https://www.facebook.com/photo.php?fbid=620771587975147&amp;set=a.134304433288534.37873.132853273433650&amp;type=1&amp;theater" ><span class="tco-ellipsis"></span><span class="invisible">https://www.</span><span class="js-display-url">facebook.com/photo.php?fbid</span><span class="invisible">=620771587975147&amp;set=a.134304433288534.37873.132853273433650&amp;type=1&amp;theater</span><span class="tco-ellipsis"><span class="invisible">&nbsp;</span>…</span></a>]]></document>
		<document id="387869687432105984" url="https://twitter.com/marta_dominguez/status/387869687432105984"><![CDATA[Ha! RT <a href="/joehas" class="twitter-atreply pretty-link js-nav" dir="ltr" data-mentioned-user-id="10836092" ><s>@</s><b>joehas</b></a> Stream for <a href="/Spain_StartUp" class="twitter-atreply pretty-link js-nav" dir="ltr" data-mentioned-user-id="493063481" ><s>@</s><b>Spain_StartUp</b></a> conf <a href="http://t.co/YwefahHvsO" rel="nofollow" dir="ltr" data-expanded-url="http://goo.gl/tQYVNL" class="twitter-timeline-link" target="_blank" title="http://goo.gl/tQYVNL" ><span class="tco-ellipsis"></span><span class="invisible">http://</span><span class="js-display-url">goo.gl/tQYVNL</span><span class="invisible"></span><span class="tco-ellipsis"><span class="invisible">&nbsp;</span></span></a> Entrepreneurs will speak in English, politicians in Spanish. worldwide]]></document>
		<document id="387890052669657088" url="https://twitter.com/marta_dominguez/status/387890052669657088"><![CDATA[We still excell at explaining a solution rather than pitching why there is a market. No opportunity in solutions without pains <a href="/hashtag/spainstartup?src=hash" data-query-source="hashtag_click" class="twitter-hashtag pretty-link js-nav" dir="ltr" ><s>#</s><b>spainstartup</b></a>]]></document>
		<document id="387980681802178561" url="https://twitter.com/marta_dominguez/status/387980681802178561"><![CDATA[Great words from <a href="/zaryn" class="twitter-atreply pretty-link js-nav" dir="ltr" data-mentioned-user-id="6174952" ><s>@</s><b>zaryn</b></a>: &quot;It&#39;s not going to be easy!&quot; <a href="/hashtag/entrepreneur?src=hash" data-query-source="hashtag_click" class="twitter-hashtag pretty-link js-nav" dir="ltr" ><s>#</s><b>entrepreneur</b></a> <a href="/hashtag/journey?src=hash" data-query-source="hashtag_click" class="twitter-hashtag pretty-link js-nav" dir="ltr" ><s>#</s><b>journey</b></a> <a href="/hashtag/Spainstartup?src=hash" data-query-source="hashtag_click" class="twitter-hashtag pretty-link js-nav" dir="ltr" ><s>#</s><b>Spainstartup</b></a>]]></document>
		<document id="387981907478478848" url="https://twitter.com/marta_dominguez/status/387981907478478848"><![CDATA[Says Nelly Kroes: &quot;startups in Europe grow slower than elsewhere... Besides, they soon leave Europe&quot; <a href="/hashtag/EUstartup?src=hash" data-query-source="hashtag_click" class="twitter-hashtag pretty-link js-nav" dir="ltr" ><s>#</s><b>EUstartup</b></a> <a href="/hashtag/challenge?src=hash" data-query-source="hashtag_click" class="twitter-hashtag pretty-link js-nav" dir="ltr" ><s>#</s><b>challenge</b></a> at <a href="/hashtag/Spainstartup?src=hash" data-query-source="hashtag_click" class="twitter-hashtag pretty-link js-nav" dir="ltr" ><s>#</s><b>Spainstartup</b></a>]]></document>
		<document id="388254880345124864" url="https://twitter.com/marta_dominguez/status/388254880345124864"><![CDATA[Lack of product development capability and go to market capability are mentioned recurrelly at <a href="/hashtag/Spainstartup?src=hash" data-query-source="hashtag_click" class="twitter-hashtag pretty-link js-nav" dir="ltr" ><s>#</s><b>Spainstartup</b></a>. Glad my work is in need :)]]></document>
		<document id="388268924133187584" url="https://twitter.com/marta_dominguez/status/388268924133187584"><![CDATA[Listening to <a href="/apartovi" class="twitter-atreply pretty-link js-nav" dir="ltr" data-mentioned-user-id="14485678" ><s>@</s><b>apartovi</b></a> talk on the concept of failure on the stage of <a href="/hashtag/Spainstartup?src=hash" data-query-source="hashtag_click" class="twitter-hashtag pretty-link js-nav" dir="ltr" ><s>#</s><b>Spainstartup</b></a>...]]></document>
		<document id="388270637594468352" url="https://twitter.com/marta_dominguez/status/388270637594468352"><![CDATA[<a href="/apartovi" class="twitter-atreply pretty-link js-nav" dir="ltr" data-mentioned-user-id="14485678" ><s>@</s><b>apartovi</b></a> destructures the saying of all eggs in the same basket: only big CO can do different baskets <a href="/hashtag/Spainstartup?src=hash" data-query-source="hashtag_click" class="twitter-hashtag pretty-link js-nav" dir="ltr" ><s>#</s><b>Spainstartup</b></a>]]></document>
		<document id="388612869996027904" url="https://twitter.com/marta_dominguez/status/388612869996027904"><![CDATA[Listed! MT <a href="/AchimMuellers" class="twitter-atreply pretty-link js-nav" dir="ltr" data-mentioned-user-id="9405862" ><s>@</s><b>AchimMuellers</b></a> Ffinished reading Peter Drucker&#39;s &quot;The effective executive&quot; (1967), still a must-read for entrepreneurs + leaders]]></document>
		<document id="388701794605727744" url="https://twitter.com/marta_dominguez/status/388701794605727744"><![CDATA[Compite con el IE, donde doy clase. Mi enhorabuena RT <a href="/fodor" class="twitter-atreply pretty-link js-nav" dir="ltr" data-mentioned-user-id="6264872" ><s>@</s><b>fodor</b></a> IESE Ranks 1st in Europe - The Economist’s 2013 Ranking<a href="http://t.co/hwMT22Inos" rel="nofollow" dir="ltr" data-expanded-url="http://shar.es/Evngm" class="twitter-timeline-link u-hidden" target="_blank" title="http://shar.es/Evngm" ><span class="tco-ellipsis"></span><span class="invisible">http://</span><span class="js-display-url">shar.es/Evngm</span><span class="invisible"></span><span class="tco-ellipsis"><span class="invisible">&nbsp;</span></span></a>]]></document>
		<document id="388703091396460544" url="https://twitter.com/marta_dominguez/status/388703091396460544"><![CDATA[Quality, time and cost. You can&#39;t have the three at a time!! RT <a href="/gapingvoid" class="twitter-atreply pretty-link js-nav" dir="ltr" data-mentioned-user-id="72982024" ><s>@</s><b>gapingvoid</b></a> &quot;Anti-Art&quot; <a href="http://t.co/XU6WI9cBOL" rel="nofollow" dir="ltr" data-expanded-url="http://instagram.com/p/fVU0WHoap-/" class="twitter-timeline-link" target="_blank" title="http://instagram.com/p/fVU0WHoap-/" ><span class="tco-ellipsis"></span><span class="invisible">http://</span><span class="js-display-url">instagram.com/p/fVU0WHoap-/</span><span class="invisible"></span><span class="tco-ellipsis"><span class="invisible">&nbsp;</span></span></a>]]></document>
		<document id="389704633859309568" url="https://twitter.com/marta_dominguez/status/389704633859309568"><![CDATA[Favourite Dilbert strips of all times <a href="http://t.co/UzJg8ykYBd" rel="nofollow" dir="ltr" data-expanded-url="http://www.businessinsider.com/scott-adams-favorite-dilbert-comics-2013-10#" class="twitter-timeline-link" target="_blank" title="http://www.businessinsider.com/scott-adams-favorite-dilbert-comics-2013-10#" ><span class="tco-ellipsis"></span><span class="invisible">http://www.</span><span class="js-display-url">businessinsider.com/scott-adams-fa</span><span class="invisible">vorite-dilbert-comics-2013-10#</span><span class="tco-ellipsis"><span class="invisible">&nbsp;</span>…</span></a> I particularly like #7(uselessness of ppts) and #6 (uselessnness of management)]]></document>
		<document id="389755761276248064" url="https://twitter.com/marta_dominguez/status/389755761276248064"><![CDATA[Internet &amp; Euskadi(<a href="/iEuskadi" class="twitter-atreply pretty-link js-nav" dir="ltr" data-mentioned-user-id="204326177" ><s>@</s><b>iEuskadi</b></a>):
¿Se avecina el fin del anonimato en Internet? <a href="http://t.co/wWLFbAbFc3" rel="nofollow" dir="ltr" data-expanded-url="http://buff.ly/1hQFiZC" class="twitter-timeline-link" target="_blank" title="http://buff.ly/1hQFiZC" ><span class="tco-ellipsis"></span><span class="invisible">http://</span><span class="js-display-url">buff.ly/1hQFiZC</span><span class="invisible"></span><span class="tco-ellipsis"><span class="invisible">&nbsp;</span></span></a> ( <a href="http://t.co/382rVbv7cj" rel="nofollow" dir="ltr" data-expanded-url="http://buff.ly/GUNYmo" class="twitter-timeline-link" target="_blank" title="http://buff.ly/GUNYmo" ><span class="tco-ellipsis"></span><span class="invisible">http://</span><span class="js-display-url">buff.ly/GUNYmo</span><span class="invisible"></span><span class="tco-ellipsis"><span class="invisible">&nbsp;</span></span></a>) vía @opengenia]]></document>
		<document id="390405044035923968" url="https://twitter.com/marta_dominguez/status/390405044035923968"><![CDATA[Want 2 fix advertising, this is 4 you: MT <a href="/tefdigital" class="twitter-atreply pretty-link js-nav" dir="ltr" data-mentioned-user-id="378466384" ><s>@</s><b>tefdigital</b></a> <a href="/Wayra" class="twitter-atreply pretty-link js-nav" dir="ltr" data-mentioned-user-id="301999573" ><s>@</s><b>Wayra</b></a> is inviting innovation to help accelerate <a href="/hashtag/advertising?src=hash" data-query-source="hashtag_click" class="twitter-hashtag pretty-link js-nav" dir="ltr" ><s>#</s><b>advertising</b></a> <a href="http://t.co/J5tA4H6PmS" rel="nofollow" dir="ltr" data-expanded-url="http://buff.ly/15EGblG" class="twitter-timeline-link" target="_blank" title="http://buff.ly/15EGblG" ><span class="tco-ellipsis"></span><span class="invisible">http://</span><span class="js-display-url">buff.ly/15EGblG</span><span class="invisible"></span><span class="tco-ellipsis"><span class="invisible">&nbsp;</span></span></a>]]></document>
		<document id="390783695407153153" url="https://twitter.com/marta_dominguez/status/390783695407153153"><![CDATA[via <a href="/GuyKawasaki" class="twitter-atreply pretty-link js-nav" dir="ltr" data-mentioned-user-id="8453452" ><s>@</s><b>GuyKawasaki</b></a>: “The scariest moment is always just before you start.” ― Stephen King, On Writing. I used to read him a lot when I was 15.]]></document>
		<document id="390866618164994048" url="https://twitter.com/marta_dominguez/status/390866618164994048"><![CDATA[MT <a href="/schwentker" class="twitter-atreply pretty-link js-nav" dir="ltr" data-mentioned-user-id="34392584" ><s>@</s><b>schwentker</b></a> <a href="/LDFleming" class="twitter-atreply pretty-link js-nav" dir="ltr" data-mentioned-user-id="18899491" ><s>@</s><b>LDFleming</b></a> &quot; w/ the blurring of online &amp; offline shopping we dropped the &#39;e&#39; from ecommerce&quot;]]></document>
		<document id="392252583701528577" url="https://twitter.com/marta_dominguez/status/392252583701528577"><![CDATA[Although this is also for beginners I&#39;m taking the Hour of Code. Are you? <a href="/codeorg" class="twitter-atreply pretty-link js-nav" dir="ltr" data-mentioned-user-id="850107536" ><s>@</s><b>codeorg</b></a> <a href="http://t.co/q7rJ3U5Wnp" rel="nofollow" dir="ltr" data-expanded-url="http://csedweek.org/" class="twitter-timeline-link" target="_blank" title="http://csedweek.org/" ><span class="tco-ellipsis"></span><span class="invisible">http://</span><span class="js-display-url">csedweek.org</span><span class="invisible">/</span><span class="tco-ellipsis"><span class="invisible">&nbsp;</span></span></a> <a href="/hashtag/hourofcode?src=hash" data-query-source="hashtag_click" class="twitter-hashtag pretty-link js-nav" dir="ltr" ><s>#</s><b>hourofcode</b></a>]]></document>
		<document id="392318241114451968" url="https://twitter.com/marta_dominguez/status/392318241114451968"><![CDATA[A special warning against all the buzz RT <a href="/berkun" class="twitter-atreply pretty-link js-nav" dir="ltr" data-mentioned-user-id="30495974" ><s>@</s><b>berkun</b></a> &quot;Big data&quot; is sometimes bad data and &quot;little data&quot; is sometimes the best data.]]></document>
		<document id="392628665395052544" url="https://twitter.com/marta_dominguez/status/392628665395052544"><![CDATA[<a href="/phodgson" class="twitter-atreply pretty-link js-nav" dir="ltr" data-mentioned-user-id="3417241" ><s>@</s><b>phodgson</b></a> That too!! :)]]></document>
		<document id="392686255571746817" url="https://twitter.com/marta_dominguez/status/392686255571746817"><![CDATA[Think, decide and be! RT <a href="/85Broads" class="twitter-atreply pretty-link js-nav" dir="ltr" data-mentioned-user-id="2588030821" ><s>@</s><b>85Broads</b></a> &quot;It is our choices, that show what we truly are, far more than our abilities.” <a href="/jk_rowling" class="twitter-atreply pretty-link js-nav" dir="ltr" data-mentioned-user-id="62513246" ><s>@</s><b>jk_rowling</b></a> <a href="/hashtag/quote?src=hash" data-query-source="hashtag_click" class="twitter-hashtag pretty-link js-nav" dir="ltr" ><s>#</s><b>quote</b></a>]]></document>
		<document id="392960018862989312" url="https://twitter.com/marta_dominguez/status/392960018862989312"><![CDATA[<a href="/pkedrosky" class="twitter-atreply pretty-link js-nav" dir="ltr" data-mentioned-user-id="1717291" ><s>@</s><b>pkedrosky</b></a> What´s interesting is that all social networks dropped in semester count. Only Instagram went up.]]></document>
		<document id="393026899699847168" url="https://twitter.com/marta_dominguez/status/393026899699847168"><![CDATA[El CEO mejor pagado en USA... RT <a href="/ChrisHusong" class="twitter-atreply pretty-link js-nav" dir="ltr" data-mentioned-user-id="14850079" ><s>@</s><b>ChrisHusong</b></a> Mark Zuckerberg Was Highest Paid U.S. CEO of 2012<a href="http://t.co/LC3sCcepKs" rel="nofollow" dir="ltr" data-expanded-url="http://ow.ly/2AYIYI" class="twitter-timeline-link u-hidden" target="_blank" title="http://ow.ly/2AYIYI" ><span class="tco-ellipsis"></span><span class="invisible">http://</span><span class="js-display-url">ow.ly/2AYIYI</span><span class="invisible"></span><span class="tco-ellipsis"><span class="invisible">&nbsp;</span></span></a>]]></document>
		<document id="393700730458341376" url="https://twitter.com/marta_dominguez/status/393700730458341376"><![CDATA[Ya en <a href="/opinno" class="twitter-atreply pretty-link js-nav" dir="ltr" data-mentioned-user-id="17112661" ><s>@</s><b>opinno</b></a>...]]></document>
		<document id="393710806929801216" url="https://twitter.com/marta_dominguez/status/393710806929801216"><![CDATA[Good question to Bob Dorf at <a href="/opinno" class="twitter-atreply pretty-link js-nav" dir="ltr" data-mentioned-user-id="17112661" ><s>@</s><b>opinno</b></a>: How do you apply <a href="/hashtag/leanstartup?src=hash" data-query-source="hashtag_click" class="twitter-hashtag pretty-link js-nav" dir="ltr" ><s>#</s><b>leanstartup</b></a> to a big corporation so that it can accelerate innovatio?]]></document>
		<document id="393722063011471360" url="https://twitter.com/marta_dominguez/status/393722063011471360"><![CDATA[I agree w/ Bob Dorf <a href="/opinno" class="twitter-atreply pretty-link js-nav" dir="ltr" data-mentioned-user-id="17112661" ><s>@</s><b>opinno</b></a>, who says his book is more a post than a letter by letter manual. Passion a must to have it right <a href="/hashtag/leanstartup?src=hash" data-query-source="hashtag_click" class="twitter-hashtag pretty-link js-nav" dir="ltr" ><s>#</s><b>leanstartup</b></a>]]></document>
		<document id="393832732310376449" url="https://twitter.com/marta_dominguez/status/393832732310376449"><![CDATA[Je, je RT <a href="/enekoknorr" class="twitter-atreply pretty-link js-nav" dir="ltr" data-mentioned-user-id="2455561" ><s>@</s><b>enekoknorr</b></a> Bill Gates Is Trying To Convince Real Madrid To Rename Its Stadium &#39;Microsoft Bernabéu&#39;<a href="http://t.co/sgz2jjNCsH" rel="nofollow" dir="ltr" data-expanded-url="http://ow.ly/261shJ" class="twitter-timeline-link u-hidden" target="_blank" title="http://ow.ly/261shJ" ><span class="tco-ellipsis"></span><span class="invisible">http://</span><span class="js-display-url">ow.ly/261shJ</span><span class="invisible"></span><span class="tco-ellipsis"><span class="invisible">&nbsp;</span></span></a>]]></document>
		<document id="394911512999260160" url="https://twitter.com/marta_dominguez/status/394911512999260160"><![CDATA[I tell my clients &quot;Innovation should help you solve problems&quot;. Now a great post <a href="/Chris_Skinner" class="twitter-atreply pretty-link js-nav" dir="ltr" data-mentioned-user-id="14190796" ><s>@</s><b>Chris_Skinner</b></a> diggs ... <a href="http://t.co/WZvHGEChfb" rel="nofollow" dir="ltr" data-expanded-url="http://tmi.me/1bl773" class="twitter-timeline-link" target="_blank" title="http://tmi.me/1bl773" ><span class="tco-ellipsis"></span><span class="invisible">http://</span><span class="js-display-url">tmi.me/1bl773</span><span class="invisible"></span><span class="tco-ellipsis"><span class="invisible">&nbsp;</span></span></a>]]></document>
		<document id="395094723184295936" url="https://twitter.com/marta_dominguez/status/395094723184295936"><![CDATA[El mejor producto no siempre gana RT <a href="/rodriguezhernan" class="twitter-atreply pretty-link js-nav" dir="ltr" data-mentioned-user-id="17019192" ><s>@</s><b>rodriguezhernan</b></a> Comparativa <a href="/hashtag/BlackberryMessenger?src=hash" data-query-source="hashtag_click" class="twitter-hashtag pretty-link js-nav" dir="ltr" ><s>#</s><b>BlackberryMessenger</b></a> <a href="/hashtag/BBM?src=hash" data-query-source="hashtag_click" class="twitter-hashtag pretty-link js-nav" dir="ltr" ><s>#</s><b>BBM</b></a> versus <a href="/hashtag/WhatsApp?src=hash" data-query-source="hashtag_click" class="twitter-hashtag pretty-link js-nav" dir="ltr" ><s>#</s><b>WhatsApp</b></a><a href="http://t.co/XSPIoKexc1" rel="nofollow" dir="ltr" data-expanded-url="http://evpo.st/H9dzrs" class="twitter-timeline-link u-hidden" target="_blank" title="http://evpo.st/H9dzrs" ><span class="tco-ellipsis"></span><span class="invisible">http://</span><span class="js-display-url">evpo.st/H9dzrs</span><span class="invisible"></span><span class="tco-ellipsis"><span class="invisible">&nbsp;</span></span></a>]]></document>
		<document id="397757770470260736" url="https://twitter.com/marta_dominguez/status/397757770470260736"><![CDATA[La recepcionista digital!: MyTime’s Amazing App Lets You Book Haircuts, Massages…Any Appointment<a href="http://t.co/pRbwqAggAY" rel="nofollow" dir="ltr" data-expanded-url="http://tcrn.ch/16D0iBc" class="twitter-timeline-link u-hidden" target="_blank" title="http://tcrn.ch/16D0iBc" ><span class="tco-ellipsis"></span><span class="invisible">http://</span><span class="js-display-url">tcrn.ch/16D0iBc</span><span class="invisible"></span><span class="tco-ellipsis"><span class="invisible">&nbsp;</span></span></a>]]></document>
		<document id="398129706056564736" url="https://twitter.com/marta_dominguez/status/398129706056564736"><![CDATA[Food for thought... RT <a href="/mathewi" class="twitter-atreply pretty-link js-nav" dir="ltr" data-mentioned-user-id="824157" ><s>@</s><b>mathewi</b></a> are Etsy and Airbnb and other &quot;sharing economy&quot; services a net benefit to the ... <a href="http://t.co/swbSYozXRJ" rel="nofollow" dir="ltr" data-expanded-url="http://buff.ly/HHoqJ4" class="twitter-timeline-link" target="_blank" title="http://buff.ly/HHoqJ4" ><span class="tco-ellipsis"></span><span class="invisible">http://</span><span class="js-display-url">buff.ly/HHoqJ4</span><span class="invisible"></span><span class="tco-ellipsis"><span class="invisible">&nbsp;</span></span></a>]]></document>
		<document id="399869065642008576" url="https://twitter.com/marta_dominguez/status/399869065642008576"><![CDATA[Ireland´s Startup Ecosystem tomorrow. At Area31 of <a href="/IEbusiness" class="twitter-atreply pretty-link js-nav" dir="ltr" data-mentioned-user-id="16736241" ><s>@</s><b>IEbusiness</b></a> 19.00 h via <a href="/joehas" class="twitter-atreply pretty-link js-nav" dir="ltr" data-mentioned-user-id="10836092" ><s>@</s><b>joehas</b></a>]]></document>
		<document id="399943042339438592" url="https://twitter.com/marta_dominguez/status/399943042339438592"><![CDATA[Arguments against seed startups staying in Silicon Valley. I agree on the distractions bit:<a href="http://t.co/HAwURFAzyo" rel="nofollow" dir="ltr" data-expanded-url="http://bit.ly/19WLtdU" class="twitter-timeline-link u-hidden" target="_blank" title="http://bit.ly/19WLtdU" ><span class="tco-ellipsis"></span><span class="invisible">http://</span><span class="js-display-url">bit.ly/19WLtdU</span><span class="invisible"></span><span class="tco-ellipsis"><span class="invisible">&nbsp;</span></span></a>]]></document>
		<document id="400329036175794177" url="https://twitter.com/marta_dominguez/status/400329036175794177"><![CDATA[Now with a big group that has gathered at area31 of <a href="/IEbusiness" class="twitter-atreply pretty-link js-nav" dir="ltr" data-mentioned-user-id="16736241" ><s>@</s><b>iebusiness</b></a> to hear about the Irish Startup ecosystem.]]></document>
		<document id="400334848646459392" url="https://twitter.com/marta_dominguez/status/400334848646459392"><![CDATA[<a href="/Gary_Leyden" class="twitter-atreply pretty-link js-nav" dir="ltr" data-mentioned-user-id="14881612" ><s>@</s><b>Gary_Leyden</b></a> says launchpad (Ireland&#39;s # 1 tech accelerator) is open for Spanish entrepreneurs <a href="http://t.co/iFTRnleiLg" rel="nofollow" dir="ltr" data-expanded-url="http://lnkd.in/3cUUgx" class="twitter-timeline-link" target="_blank" title="http://lnkd.in/3cUUgx" ><span class="tco-ellipsis"></span><span class="invisible">http://</span><span class="js-display-url">lnkd.in/3cUUgx</span><span class="invisible"></span><span class="tco-ellipsis"><span class="invisible">&nbsp;</span></span></a> 150 startups last year]]></document>
		<document id="402779761820184578" url="https://twitter.com/marta_dominguez/status/402779761820184578"><![CDATA[<a href="/hashtag/recomendar?src=hash" data-query-source="hashtag_click" class="twitter-hashtag pretty-link js-nav" dir="ltr" ><s>#</s><b>recomendar</b></a> via <a href="/MoisesNaim" class="twitter-atreply pretty-link js-nav" dir="ltr" data-mentioned-user-id="262872637" ><s>@</s><b>MoisesNaim</b></a> Read this NYTimes report by the great <a href="/LizAlderman" class="twitter-atreply pretty-link js-nav" dir="ltr" data-mentioned-user-id="4548924017" ><s>@</s><b>LizAlderman</b></a> on youth joblessness in Europe.<a href="http://t.co/bUsLlS38m6" rel="nofollow" dir="ltr" data-expanded-url="http://nyti.ms/1bAXiqO" class="twitter-timeline-link u-hidden" target="_blank" title="http://nyti.ms/1bAXiqO" ><span class="tco-ellipsis"></span><span class="invisible">http://</span><span class="js-display-url">nyti.ms/1bAXiqO</span><span class="invisible"></span><span class="tco-ellipsis"><span class="invisible">&nbsp;</span></span></a>]]></document>
		<document id="405021406993207296" url="https://twitter.com/marta_dominguez/status/405021406993207296"><![CDATA[Ha, ha, ha... This is where all started: early Facebook <a href="https://t.co/KvLZosebF1" rel="nofollow" dir="ltr" data-expanded-url="https://www.facebook.com/photo.php?fbid=10151873388542909&amp;set=a.258016217908.138579.117609792908&amp;type=1&amp;theater" class="twitter-timeline-link" target="_blank" title="https://www.facebook.com/photo.php?fbid=10151873388542909&amp;set=a.258016217908.138579.117609792908&amp;type=1&amp;theater" ><span class="tco-ellipsis"></span><span class="invisible">https://www.</span><span class="js-display-url">facebook.com/photo.php?fbid</span><span class="invisible">=10151873388542909&amp;set=a.258016217908.138579.117609792908&amp;type=1&amp;theater</span><span class="tco-ellipsis"><span class="invisible">&nbsp;</span>…</span></a> <a href="/hashtag/tech?src=hash" data-query-source="hashtag_click" class="twitter-hashtag pretty-link js-nav" dir="ltr" ><s>#</s><b>tech</b></a> <a href="/hashtag/humour?src=hash" data-query-source="hashtag_click" class="twitter-hashtag pretty-link js-nav" dir="ltr" ><s>#</s><b>humour</b></a>]]></document>
		<document id="405374987294351360" url="https://twitter.com/marta_dominguez/status/405374987294351360"><![CDATA[<a href="/ibanborras" class="twitter-atreply pretty-link js-nav" dir="ltr" data-mentioned-user-id="46133991" ><s>@</s><b>ibanborras</b></a> ¡Qué bueno!]]></document>
		<document id="406468144354824193" url="https://twitter.com/marta_dominguez/status/406468144354824193"><![CDATA[My congrats to <a href="/robinwauters" class="twitter-atreply pretty-link js-nav" dir="ltr" data-mentioned-user-id="621713" ><s>@</s><b>robinwauters</b></a> &amp; team on the day of release of their new digital edition venture <a href="/tech_eu" class="twitter-atreply pretty-link js-nav" dir="ltr" data-mentioned-user-id="1571068567" ><s>@</s><b>tech_eu</b></a> Let&#39;s make Internet in Europe glow!]]></document>
		<document id="407512624247873536" url="https://twitter.com/marta_dominguez/status/407512624247873536"><![CDATA[cc <a href="/Foodinthebox" class="twitter-atreply pretty-link js-nav" dir="ltr" data-mentioned-user-id="615247371" ><s>@</s><b>foodinthebox</b></a> RT <a href="/Innovaspain" class="twitter-atreply pretty-link js-nav" dir="ltr" data-mentioned-user-id="428513442" ><s>@</s><b>Innovaspain</b></a>: <a href="/NaturalMachines" class="twitter-atreply pretty-link js-nav" dir="ltr" data-mentioned-user-id="1449308287" ><s>@</s><b>NaturalMachines</b></a> crea impresora 3D de comida variada del mundo <a href="http://t.co/t3U7se6Dni" rel="nofollow" dir="ltr" data-expanded-url="http://goo.gl/mghQnm" class="twitter-timeline-link" target="_blank" title="http://goo.gl/mghQnm" ><span class="tco-ellipsis"></span><span class="invisible">http://</span><span class="js-display-url">goo.gl/mghQnm</span><span class="invisible"></span><span class="tco-ellipsis"><span class="invisible">&nbsp;</span></span></a> <a href="/FoodiniMeals" class="twitter-atreply pretty-link js-nav" dir="ltr" data-mentioned-user-id="573942314" ><s>@</s><b>FoodiniMeals</b></a>]]></document>
		<document id="407835679368810496" url="https://twitter.com/marta_dominguez/status/407835679368810496"><![CDATA[... &quot;manager&quot; (no es directivo), &quot;curator&quot; (¿comisario de contenidos?),...]]></document>
		<document id="407936424059498496" url="https://twitter.com/marta_dominguez/status/407936424059498496"><![CDATA[About <a href="/marta_dominguez" class="twitter-atreply pretty-link js-nav" dir="ltr" data-mentioned-user-id="86798616" ><s>@</s><b>marta_dominguez</b></a>: 1.1K followers from 21 countries, mostly Spain and United States. Check yours at <a href="http://t.co/M0xmLtaJjA" rel="nofollow" dir="ltr" data-expanded-url="http://twtrland.com" class="twitter-timeline-link" target="_blank" title="http://twtrland.com" ><span class="tco-ellipsis"></span><span class="invisible">http://</span><span class="js-display-url">twtrland.com</span><span class="invisible"></span><span class="tco-ellipsis"><span class="invisible">&nbsp;</span></span></a> @twtrland]]></document>
		<document id="407936897361518592" url="https://twitter.com/marta_dominguez/status/407936897361518592"><![CDATA[About <a href="/marta_dominguez" class="twitter-atreply pretty-link js-nav" dir="ltr" data-mentioned-user-id="86798616" ><s>@</s><b>marta_dominguez</b></a>: 1,113 followers, 64% Men, 79% from Spain, 33% power users. See all <a href="http://t.co/jQUvIBtG1a" rel="nofollow" dir="ltr" data-expanded-url="http://twtrland.com/profile/marta_dominguez/followers" class="twitter-timeline-link" target="_blank" title="http://twtrland.com/profile/marta_dominguez/followers" ><span class="tco-ellipsis"></span><span class="invisible">http://</span><span class="js-display-url">twtrland.com/profile/marta_</span><span class="invisible">dominguez/followers</span><span class="tco-ellipsis"><span class="invisible">&nbsp;</span>…</span></a> via @twtrland]]></document>
		<document id="407937111061299201" url="https://twitter.com/marta_dominguez/status/407937111061299201"><![CDATA[About <a href="/marta_dominguez" class="twitter-atreply pretty-link js-nav" dir="ltr" data-mentioned-user-id="86798616" ><s>@</s><b>marta_dominguez</b></a>: shares 10 links a week mostly from buff.ly, bit.ly, <a href="http://t.co/NRwaPba1ba" rel="nofollow" dir="ltr" data-expanded-url="http://www.the-i-thread.com" class="twitter-timeline-link" target="_blank" title="http://www.the-i-thread.com" ><span class="tco-ellipsis"></span><span class="invisible">http://www.</span><span class="js-display-url">the-i-thread.com</span><span class="invisible"></span><span class="tco-ellipsis"><span class="invisible">&nbsp;</span></span></a>. <a href="http://t.co/RCyszajMrr" rel="nofollow" dir="ltr" data-expanded-url="http://twtrland.com/profile/marta_dominguez" class="twitter-timeline-link" target="_blank" title="http://twtrland.com/profile/marta_dominguez" ><span class="tco-ellipsis"></span><span class="invisible">http://</span><span class="js-display-url">twtrland.com/profile/marta_</span><span class="invisible">dominguez</span><span class="tco-ellipsis"><span class="invisible">&nbsp;</span>…</span></a> via @twtrland]]></document>
		<document id="408254472411168768" url="https://twitter.com/marta_dominguez/status/408254472411168768"><![CDATA[+1 RT <a href="/Ematnadze" class="twitter-atreply pretty-link js-nav" dir="ltr" data-mentioned-user-id="570024837" ><s>@</s><b>Ematnadze</b></a> Keep Wonder Alive | Sign the <a href="/hashtag/idontknow?src=hash" data-query-source="hashtag_click" class="twitter-hashtag pretty-link js-nav" dir="ltr" ><s>#</s><b>idontknow</b></a> manifesto<a href="http://t.co/GCMtMF2FG0" rel="nofollow" dir="ltr" data-expanded-url="http://cono.rs/idontknow/" class="twitter-timeline-link u-hidden" target="_blank" title="http://cono.rs/idontknow/" ><span class="tco-ellipsis"></span><span class="invisible">http://</span><span class="js-display-url">cono.rs/idontknow/</span><span class="invisible"></span><span class="tco-ellipsis"><span class="invisible">&nbsp;</span></span></a>]]></document>
		<document id="410454857481719808" url="https://twitter.com/marta_dominguez/status/410454857481719808"><![CDATA[I&#39;ll be judging the final exam of students in the International MBA of <a href="/IEbusiness" class="twitter-atreply pretty-link js-nav" dir="ltr" data-mentioned-user-id="16736241" ><s>@</s><b>IEbusiness</b></a> this Thursday.]]></document>
		<document id="411042019726065664" url="https://twitter.com/marta_dominguez/status/411042019726065664"><![CDATA[Set for the final IMBA exam ready. Not intended to intemidate anyone :)  My juzging will start now  <a href="/hashtag/IEbusinessIMBA?src=hash" data-query-source="hashtag_click" class="twitter-hashtag pretty-link js-nav" dir="ltr" ><s>#</s><b>IEbusinessIMBA</b></a><a href="http://t.co/7OtMnde8zS" class="twitter-timeline-link u-hidden" data-pre-embedded="true" dir="ltr" >pic.twitter.com/7OtMnde8zS</a>]]></document>
		<document id="411184917364891648" url="https://twitter.com/marta_dominguez/status/411184917364891648"><![CDATA[True! RT <a href="/mathewi" class="twitter-atreply pretty-link js-nav" dir="ltr" data-mentioned-user-id="824157" ><s>@</s><b>mathewi</b></a> not true RT <a href="/Pogue" class="twitter-atreply pretty-link js-nav" dir="ltr" data-mentioned-user-id="9534522" ><s>@</s><b>Pogue</b></a>: Dear blogs: Any headline that ends in a question mark can be answered by the word “no.”]]></document>
		<document id="412552640103317507" url="https://twitter.com/marta_dominguez/status/412552640103317507"><![CDATA[<a href="/mrjohncrowley" class="twitter-atreply pretty-link js-nav" dir="ltr" data-mentioned-user-id="245304936" ><s>@</s><b>mrjohncrowley</b></a> <a href="/joehas" class="twitter-atreply pretty-link js-nav" dir="ltr" data-mentioned-user-id="10836092" ><s>@</s><b>joehas</b></a> The best photo in WSJ ¿BIG metaphor of our time? <a href="/WSJ" class="twitter-atreply pretty-link js-nav" dir="ltr" data-mentioned-user-id="3108351" ><s>@</s><b>WSJ</b></a> <a href="http://t.co/zUdH7rrrEm" rel="nofollow" dir="ltr" data-expanded-url="http://on.wsj.com/1bKjTTD" class="twitter-timeline-link" target="_blank" title="http://on.wsj.com/1bKjTTD" ><span class="tco-ellipsis"></span><span class="invisible">http://</span><span class="js-display-url">on.wsj.com/1bKjTTD</span><span class="invisible"></span><span class="tco-ellipsis"><span class="invisible">&nbsp;</span></span></a>  <a href="/hashtag/bestphotos2013?src=hash" data-query-source="hashtag_click" class="twitter-hashtag pretty-link js-nav" dir="ltr" ><s>#</s><b>bestphotos2013</b></a><a href="http://t.co/nEGmFXJ5UG" class="twitter-timeline-link u-hidden" data-pre-embedded="true" dir="ltr" >pic.twitter.com/nEGmFXJ5UG</a>]]></document>
		<document id="412990766991302656" url="https://twitter.com/marta_dominguez/status/412990766991302656"><![CDATA[¡¡¡SI!!! <a href="/isabel_avila" class="twitter-atreply pretty-link js-nav" dir="ltr" data-mentioned-user-id="42107562" ><s>@</s><b>isabel_avila</b></a> <a href="/hernandezeat" class="twitter-atreply pretty-link js-nav" dir="ltr" data-mentioned-user-id="19198536" ><s>@</s><b>hernandezeat</b></a> <a href="/felixlopez" class="twitter-atreply pretty-link js-nav" dir="ltr" data-mentioned-user-id="16930609" ><s>@</s><b>felixlopez</b></a> <a href="/ginestal" class="twitter-atreply pretty-link js-nav" dir="ltr" data-mentioned-user-id="239753640" ><s>@</s><b>ginestal</b></a> <a href="/alefeldman" class="twitter-atreply pretty-link js-nav" dir="ltr" data-mentioned-user-id="17841244" ><s>@</s><b>alefeldman</b></a> <a href="/Pacomoraleschef" class="twitter-atreply pretty-link js-nav" dir="ltr" data-mentioned-user-id="214038569" ><s>@</s><b>Pacomoraleschef</b></a>]]></document>
		<document id="413019075179470848" url="https://twitter.com/marta_dominguez/status/413019075179470848"><![CDATA[<a href="/rodrigoconz" class="twitter-atreply pretty-link js-nav" dir="ltr" data-mentioned-user-id="201647587" ><s>@</s><b>rodrigoconz</b></a> Una impresora 3D <a href="/Ultra_lab" class="twitter-atreply pretty-link js-nav" dir="ltr" data-mentioned-user-id="250620596" ><s>@</s><b>Ultra_lab</b></a>]]></document>
		<document id="413688472445415424" url="https://twitter.com/marta_dominguez/status/413688472445415424"><![CDATA[Curl up with a cup of cocoa and the best long reads of the year, courtesy of <a href="/Pocket" class="twitter-atreply pretty-link js-nav" dir="ltr" data-mentioned-user-id="27530178" ><s>@</s><b>Pocket</b></a> <a href="http://t.co/3oohxXX5TZ" rel="nofollow" dir="ltr" data-expanded-url="http://buff.ly/1jl125G" class="twitter-timeline-link" target="_blank" title="http://buff.ly/1jl125G" ><span class="tco-ellipsis"></span><span class="invisible">http://</span><span class="js-display-url">buff.ly/1jl125G</span><span class="invisible"></span><span class="tco-ellipsis"><span class="invisible">&nbsp;</span></span></a>]]></document>
		<document id="414460506963836928" url="https://twitter.com/marta_dominguez/status/414460506963836928"><![CDATA[My take for  January´s HBR cartoon caption contest&quot;: Pals, we outnumber our enemy!!!&quot; — Marta Domínguez  <a href="http://t.co/SrPOgYy2Lp" rel="nofollow" dir="ltr" data-expanded-url="http://disq.us/8goymw" class="twitter-timeline-link" target="_blank" title="http://disq.us/8goymw" ><span class="tco-ellipsis"></span><span class="invisible">http://</span><span class="js-display-url">disq.us/8goymw</span><span class="invisible"></span><span class="tco-ellipsis"><span class="invisible">&nbsp;</span></span></a>]]></document>
		<document id="416258408828784640" url="https://twitter.com/marta_dominguez/status/416258408828784640"><![CDATA[On the day of Mao´s 120 anniversary ;)... RT <a href="/500Startups" class="twitter-atreply pretty-link js-nav" dir="ltr" data-mentioned-user-id="168857946" ><s>@</s><b>500startups</b></a> 2013, a year of epic proportions for e-commerce in China <a href="http://t.co/YIdDW1Moi2" rel="nofollow" dir="ltr" data-expanded-url="http://buff.ly/1ij5twA" class="twitter-timeline-link" target="_blank" title="http://buff.ly/1ij5twA" ><span class="tco-ellipsis"></span><span class="invisible">http://</span><span class="js-display-url">buff.ly/1ij5twA</span><span class="invisible"></span><span class="tco-ellipsis"><span class="invisible">&nbsp;</span></span></a>]]></document>
		<document id="417727920401301504" url="https://twitter.com/marta_dominguez/status/417727920401301504"><![CDATA[I&#39;m with Oprah #2014 RT <a href="/MeredithMBell" class="twitter-atreply pretty-link js-nav" dir="ltr" data-mentioned-user-id="17343595" ><s>@</s><b>MeredithMBell</b></a> &quot;To do less than your best is a sin.&quot; - Oprah Winfrey]]></document>
		<document id="417732081780002816" url="https://twitter.com/marta_dominguez/status/417732081780002816"><![CDATA[<a href="/hashtag/2014propositions?src=hash" data-query-source="hashtag_click" class="twitter-hashtag pretty-link js-nav" dir="ltr" ><s>#</s><b>2014propositions</b></a> RT <a href="/aginnt" class="twitter-atreply pretty-link js-nav" dir="ltr" data-mentioned-user-id="184789840" ><s>@</s><b>aginnt</b></a> &quot;the more ideas you implement, the more ideas you&#39;ll have.&quot; <a href="http://t.co/askC8SUKJm" rel="nofollow" dir="ltr" data-expanded-url="http://bit.ly/1fTOME1" class="twitter-timeline-link" target="_blank" title="http://bit.ly/1fTOME1" ><span class="tco-ellipsis"></span><span class="invisible">http://</span><span class="js-display-url">bit.ly/1fTOME1</span><span class="invisible"></span><span class="tco-ellipsis"><span class="invisible">&nbsp;</span></span></a>]]></document>
		<document id="418798591185289216" url="https://twitter.com/marta_dominguez/status/418798591185289216"><![CDATA[<a href="/hashtag/2014propositions?src=hash" data-query-source="hashtag_click" class="twitter-hashtag pretty-link js-nav" dir="ltr" ><s>#</s><b>2014propositions</b></a> RT <a href="/ilikevests" class="twitter-atreply pretty-link js-nav" dir="ltr" data-mentioned-user-id="234765685" ><s>@</s><b>ilikevests</b></a> Making blogging work 4 you = investing in long form content&amp; publication ... <a href="http://t.co/uIpAGhfExy" rel="nofollow" dir="ltr" data-expanded-url="http://tmi.me/1dfcFw" class="twitter-timeline-link" target="_blank" title="http://tmi.me/1dfcFw" ><span class="tco-ellipsis"></span><span class="invisible">http://</span><span class="js-display-url">tmi.me/1dfcFw</span><span class="invisible"></span><span class="tco-ellipsis"><span class="invisible">&nbsp;</span></span></a>]]></document>
		<document id="418802858419830784" url="https://twitter.com/marta_dominguez/status/418802858419830784"><![CDATA[From a bestseller in my childhood RT <a href="/tseelig" class="twitter-atreply pretty-link js-nav" dir="ltr" data-mentioned-user-id="23898238" ><s>@</s><b>tseelig</b></a> Isaac Asimov Predicts in 1964 What the World Will Look Like ... <a href="http://t.co/gvnzo87y3E" rel="nofollow" dir="ltr" data-expanded-url="http://tmi.me/1dfd6v" class="twitter-timeline-link" target="_blank" title="http://tmi.me/1dfd6v" ><span class="tco-ellipsis"></span><span class="invisible">http://</span><span class="js-display-url">tmi.me/1dfd6v</span><span class="invisible"></span><span class="tco-ellipsis"><span class="invisible">&nbsp;</span></span></a>]]></document>
		<document id="420516709783453696" url="https://twitter.com/marta_dominguez/status/420516709783453696"><![CDATA[&quot;Thanks for the post Sharerose. The piece about the TV make me giggle.  year now I also felt…&quot; — Marta Domínguez  <a href="http://t.co/ygYGE0yg5r" rel="nofollow" dir="ltr" data-expanded-url="http://disq.us/8gu095" class="twitter-timeline-link" target="_blank" title="http://disq.us/8gu095" ><span class="tco-ellipsis"></span><span class="invisible">http://</span><span class="js-display-url">disq.us/8gu095</span><span class="invisible"></span><span class="tco-ellipsis"><span class="invisible">&nbsp;</span></span></a>]]></document>
		<document id="421387616697995264" url="https://twitter.com/marta_dominguez/status/421387616697995264"><![CDATA[+1 RT <a href="/pazgarde" class="twitter-atreply pretty-link js-nav" dir="ltr" data-mentioned-user-id="18803080" ><s>@</s><b>pazgarde</b></a> RT <a href="/ajmasia" class="twitter-atreply pretty-link js-nav" dir="ltr" data-mentioned-user-id="295876081" ><s>@</s><b>ajmasia</b></a>: Todos necesitamos sentir que progresamos | José A. Marina <a href="/hashtag/UNEDAlgeciras?src=hash" data-query-source="hashtag_click" class="twitter-hashtag pretty-link js-nav" dir="ltr" ><s>#</s><b>UNEDAlgeciras</b></a>]]></document>
		<document id="421388307474698240" url="https://twitter.com/marta_dominguez/status/421388307474698240"><![CDATA[Primer &quot;exit&quot; RT <a href="/AntonioDomingo" class="twitter-atreply pretty-link js-nav" dir="ltr" data-mentioned-user-id="3345981" ><s>@</s><b>AntonioDomingo</b></a> Comenta.tv startup surgida en Wayra comprada por empresa norteamericana<a href="http://t.co/28SfYFsU4G" rel="nofollow" dir="ltr" data-expanded-url="http://bit.ly/KDYno8" class="twitter-timeline-link u-hidden" target="_blank" title="http://bit.ly/KDYno8" ><span class="tco-ellipsis"></span><span class="invisible">http://</span><span class="js-display-url">bit.ly/KDYno8</span><span class="invisible"></span><span class="tco-ellipsis"><span class="invisible">&nbsp;</span></span></a>]]></document>
		<document id="421629842111463424" url="https://twitter.com/marta_dominguez/status/421629842111463424"><![CDATA[Si todavía no te agobia &quot;beber&quot; tuits a destajo, no leas esto: Twitter I love the stream, but I need more filters<a href="http://t.co/5dmrupXa37" rel="nofollow" dir="ltr" data-expanded-url="http://gigaom.com/2014/01/09/drinking-from-the-twitter-firehose-i-love-the-stream-but-i-need-more-filters-and-bridges/" class="twitter-timeline-link u-hidden" target="_blank" title="http://gigaom.com/2014/01/09/drinking-from-the-twitter-firehose-i-love-the-stream-but-i-need-more-filters-and-bridges/" ><span class="tco-ellipsis"></span><span class="invisible">http://</span><span class="js-display-url">gigaom.com/2014/01/09/dri</span><span class="invisible">nking-from-the-twitter-firehose-i-love-the-stream-but-i-need-more-filters-and-bridges/</span><span class="tco-ellipsis"><span class="invisible">&nbsp;</span>…</span></a>]]></document>
		<document id="423769054185144321" url="https://twitter.com/marta_dominguez/status/423769054185144321"><![CDATA[<a href="/cuchullainn" class="twitter-atreply pretty-link js-nav" dir="ltr" data-mentioned-user-id="31545067" ><s>@</s><b>cuchullainn</b></a> some TEDx should simply dissapear. They´re many and mediocre. Original TED is still inspiring.]]></document>
		<document id="423865064765267968" url="https://twitter.com/marta_dominguez/status/423865064765267968"><![CDATA[Tarde en <a href="/sonarventures" class="twitter-atreply pretty-link js-nav" dir="ltr" data-mentioned-user-id="268273767" ><s>@</s><b>sonarventures</b></a>]]></document>
		<document id="424147710799646720" url="https://twitter.com/marta_dominguez/status/424147710799646720"><![CDATA[&quot;a successful business is a never-ending process of adapting &amp; improving&quot;, startup execution transcends idea from D 1 <a href="http://t.co/x92iclb6W7" rel="nofollow" dir="ltr" data-expanded-url="http://gust.com/angel-investing/startup-blogs/2012/10/21/startup-execution-transcends-the-idea-from-day-one/" class="twitter-timeline-link" target="_blank" title="http://gust.com/angel-investing/startup-blogs/2012/10/21/startup-execution-transcends-the-idea-from-day-one/" ><span class="tco-ellipsis"></span><span class="invisible">http://</span><span class="js-display-url">gust.com/angel-investin</span><span class="invisible">g/startup-blogs/2012/10/21/startup-execution-transcends-the-idea-from-day-one/</span><span class="tco-ellipsis"><span class="invisible">&nbsp;</span>…</span></a>]]></document>
		<document id="425222898866200576" url="https://twitter.com/marta_dominguez/status/425222898866200576"><![CDATA[<a href="/hashtag/interesting?src=hash" data-query-source="hashtag_click" class="twitter-hashtag pretty-link js-nav" dir="ltr" ><s>#</s><b>interesting</b></a> rear view RT <a href="/juliomayol" class="twitter-atreply pretty-link js-nav" dir="ltr" data-mentioned-user-id="28655732" ><s>@</s><b>juliomayol</b></a> Dear all: the internet on the news in 1981<a href="http://t.co/CGQ4sUwAMo" rel="nofollow" dir="ltr" data-expanded-url="http://wimp.com/theinternet/" class="twitter-timeline-link u-hidden" target="_blank" title="http://wimp.com/theinternet/" ><span class="tco-ellipsis"></span><span class="invisible">http://</span><span class="js-display-url">wimp.com/theinternet/</span><span class="invisible"></span><span class="tco-ellipsis"><span class="invisible">&nbsp;</span></span></a>]]></document>
		<document id="425223746249818112" url="https://twitter.com/marta_dominguez/status/425223746249818112"><![CDATA[Great facts sheet by <a href="/tech_eu" class="twitter-atreply pretty-link js-nav" dir="ltr" data-mentioned-user-id="1571068567" ><s>@</s><b>tech_eu</b></a> RT <a href="/chrija" class="twitter-atreply pretty-link js-nav" dir="ltr" data-mentioned-user-id="273383" ><s>@</s><b>chrija</b></a> Almost 100 accelerators in Europe! <a href="/hashtag/hydemo?src=hash" data-query-source="hashtag_click" class="twitter-hashtag pretty-link js-nav" dir="ltr" ><s>#</s><b>hydemo</b></a><a href="http://t.co/ve03d04t8i" class="twitter-timeline-link u-hidden" data-pre-embedded="true" dir="ltr" >pic.twitter.com/ve03d04t8i</a>]]></document>
		<document id="425689151930134528" url="https://twitter.com/marta_dominguez/status/425689151930134528"><![CDATA[<a href="/hashtag/comparisons?src=hash" data-query-source="hashtag_click" class="twitter-hashtag pretty-link js-nav" dir="ltr" ><s>#</s><b>comparisons</b></a> RT <a href="/Bill_Gross" class="twitter-atreply pretty-link js-nav" dir="ltr" data-mentioned-user-id="47539748" ><s>@</s><b>Bill_Gross</b></a> &quot;The entire country of Nigeria had 72 mbs connection. I had 150 mbs to my home in ... <a href="http://t.co/MPLOovchct" rel="nofollow" dir="ltr" data-expanded-url="http://tmi.me/1dtG2x" class="twitter-timeline-link" target="_blank" title="http://tmi.me/1dtG2x" ><span class="tco-ellipsis"></span><span class="invisible">http://</span><span class="js-display-url">tmi.me/1dtG2x</span><span class="invisible"></span><span class="tco-ellipsis"><span class="invisible">&nbsp;</span></span></a>]]></document>
		<document id="425690116024434688" url="https://twitter.com/marta_dominguez/status/425690116024434688"><![CDATA[<a href="/hashtag/comparissons?src=hash" data-query-source="hashtag_click" class="twitter-hashtag pretty-link js-nav" dir="ltr" ><s>#</s><b>comparissons</b></a> RT <a href="/arusbridger" class="twitter-atreply pretty-link js-nav" dir="ltr" data-mentioned-user-id="19534873" ><s>@</s><b>arusbridger</b></a> 85 richest people have the same wealth as 50% of world&#39;s population  <a href="http://t.co/yV3E5iFuv8" rel="nofollow" dir="ltr" data-expanded-url="http://theguardian.com/business/2014/" class="twitter-timeline-link" target="_blank" title="http://theguardian.com/business/2014/" ><span class="tco-ellipsis"></span><span class="invisible">http://</span><span class="js-display-url">theguardian.com/business/2014/</span><span class="invisible"></span><span class="tco-ellipsis"><span class="invisible">&nbsp;</span></span></a>…]]></document>
		<document id="425694098209906688" url="https://twitter.com/marta_dominguez/status/425694098209906688"><![CDATA[And she was my professor of creativity ;) RT <a href="/tseelig" class="twitter-atreply pretty-link js-nav" dir="ltr" data-mentioned-user-id="23898238" ><s>@</s><b>tseelig</b></a> I will be tweeting from <a href="/Davos" class="twitter-atreply pretty-link js-nav" dir="ltr" data-mentioned-user-id="102700680" ><s>@</s><b>davos</b></a> with wef]]></document>
		<document id="425952561569357824" url="https://twitter.com/marta_dominguez/status/425952561569357824"><![CDATA[Del oráculo de Internet: Read my post on Why Bitcoin Matters on <a href="/nytimes" class="twitter-atreply pretty-link js-nav" dir="ltr" data-mentioned-user-id="807095" ><s>@</s><b>nytimes</b></a> <a href="/dealbook" class="twitter-atreply pretty-link js-nav" dir="ltr" data-mentioned-user-id="16955517" ><s>@</s><b>dealbook</b></a>! <a href="http://t.co/PzKTctlAOb" rel="nofollow" dir="ltr" data-expanded-url="http://dealbook.nytimes.com/2014/01/21/why-bitcoin-matters/" class="twitter-timeline-link" target="_blank" title="http://dealbook.nytimes.com/2014/01/21/why-bitcoin-matters/" ><span class="tco-ellipsis"></span><span class="invisible">http://</span><span class="js-display-url">dealbook.nytimes.com/2014/01/21/why</span><span class="invisible">-bitcoin-matters/</span><span class="tco-ellipsis"><span class="invisible">&nbsp;</span>…</span></a> …]]></document>
		<document id="426409490510929921" url="https://twitter.com/marta_dominguez/status/426409490510929921"><![CDATA[<a href="/hashtag/pararparapensar?src=hash" data-query-source="hashtag_click" class="twitter-hashtag pretty-link js-nav" dir="ltr" ><s>#</s><b>pararparapensar</b></a>, con o sin monje RT <a href="/loic" class="twitter-atreply pretty-link js-nav" dir="ltr" data-mentioned-user-id="740983" ><s>@</s><b>loic</b></a> Just meditated in <a href="/hashtag/davos?src=hash" data-query-source="hashtag_click" class="twitter-hashtag pretty-link js-nav" dir="ltr" ><s>#</s><b>davos</b></a> w/ Monk Matthieu Ricard. Big fan. He says 20 mins/day will change you]]></document>
		<document id="426658897794191360" url="https://twitter.com/marta_dominguez/status/426658897794191360"><![CDATA[¿Globalización v 3.0? RT <a href="/Bill_Gross" class="twitter-atreply pretty-link js-nav" dir="ltr" data-mentioned-user-id="47539748" ><s>@</s><b>Bill_Gross</b></a>: &quot;Competition is not going to be between countries - it will be between cities&quot; - CEO Cisco <a href="/hashtag/wef14?src=hash" data-query-source="hashtag_click" class="twitter-hashtag pretty-link js-nav" dir="ltr" ><s>#</s><b>wef14</b></a>]]></document>
	</documents>
</author>