<?xml version="1.0" encoding="UTF-8" standalone="no"?><author age_group="65-XX" gender="xx" lang="EN" type="twitter" url="https://twitter.com/susan4ps">
	<documents count="132">
		<document id="100436481339965440" url="https://twitter.com/susan4ps/status/100436481339965440"><![CDATA[Come join us on Whidbey for &quot;Spirited Work - September 2011&quot; <a href="http://t.co/ITWC3Va" rel="nofollow" dir="ltr" data-expanded-url="https://www.regonline.com/wi_spiritedwork_sep2011" class="twitter-timeline-link" target="_blank" title="https://www.regonline.com/wi_spiritedwork_sep2011" ><span class="tco-ellipsis"></span><span class="invisible">https://www.</span><span class="js-display-url">regonline.com/wi_spiritedwor</span><span class="invisible">k_sep2011</span><span class="tco-ellipsis"><span class="invisible">&nbsp;</span>…</span></a> via <a href="/RegOnline" class="twitter-atreply pretty-link js-nav" dir="ltr" data-mentioned-user-id="529743676" ><s>@</s><b>RegOnline</b></a>]]></document>
		<document id="102819250040877057" url="https://twitter.com/susan4ps/status/102819250040877057"><![CDATA[new blog post on Compassionate Action Network - Compassionate Listening workshop 9/17-9/18 <a href="http://t.co/nVQexkX" rel="nofollow" dir="ltr" data-expanded-url="http://ning.it/qKlNQR" class="twitter-timeline-link" target="_blank" title="http://ning.it/qKlNQR" ><span class="tco-ellipsis"></span><span class="invisible">http://</span><span class="js-display-url">ning.it/qKlNQR</span><span class="invisible"></span><span class="tco-ellipsis"><span class="invisible">&nbsp;</span></span></a>]]></document>
		<document id="113014603952308224" url="https://twitter.com/susan4ps/status/113014603952308224"><![CDATA[Checking out &quot;Compassionate Listening Basic Intensive:  Healing Our World from&quot; on Compassionate Action Network: <a href="http://t.co/Fm9vn7l" rel="nofollow" dir="ltr" data-expanded-url="http://ning.it/q2XYq2" class="twitter-timeline-link" target="_blank" title="http://ning.it/q2XYq2" ><span class="tco-ellipsis"></span><span class="invisible">http://</span><span class="js-display-url">ning.it/q2XYq2</span><span class="invisible"></span><span class="tco-ellipsis"><span class="invisible">&nbsp;</span></span></a>]]></document>
		<document id="115990772859408384" url="https://twitter.com/susan4ps/status/115990772859408384"><![CDATA[Leymah Gbowee: Using Women’s Power for Peace 10/4 at 7 pm <a href="http://t.co/ii9Q2Op" rel="nofollow" dir="ltr" data-expanded-url="http://townhallseattle.org/?p=6002" class="twitter-timeline-link" target="_blank" title="http://townhallseattle.org/?p=6002" ><span class="tco-ellipsis"></span><span class="invisible">http://</span><span class="js-display-url">townhallseattle.org/?p=6002</span><span class="invisible"></span><span class="tco-ellipsis"><span class="invisible">&nbsp;</span></span></a> via <a href="/THSEA" class="twitter-atreply pretty-link js-nav" dir="ltr" data-mentioned-user-id="46236831" ><s>@</s><b>THSEA</b></a>]]></document>
		<document id="118826013034684416" url="https://twitter.com/susan4ps/status/118826013034684416"><![CDATA[What a great organization - and what a great opportunity:  they are look for a new Executive Director.  They deserve t…<a href="http://t.co/vwW8ysE" rel="nofollow" dir="ltr" data-expanded-url="http://lnkd.in/2sxDmm" class="twitter-timeline-link" target="_blank" title="http://lnkd.in/2sxDmm" ><span class="tco-ellipsis"></span><span class="invisible">http://</span><span class="js-display-url">lnkd.in/2sxDmm</span><span class="invisible"></span><span class="tco-ellipsis"><span class="invisible">&nbsp;</span></span></a>]]></document>
		<document id="120201647535300609" url="https://twitter.com/susan4ps/status/120201647535300609"><![CDATA[<a href="/UW" class="twitter-atreply pretty-link js-nav" dir="ltr" data-mentioned-user-id="27103822" ><s>@</s><b>UW</b></a> how could first day of classes be set for Rosh Hashanah when it&#39;s been on the calendar for over 3000 years?!]]></document>
		<document id="120934023462789120" url="https://twitter.com/susan4ps/status/120934023462789120"><![CDATA[Sign this, I did <a href="http://t.co/5hzHvng" rel="nofollow" dir="ltr" data-expanded-url="http://movetoamend.org/motion-to-amend" class="twitter-timeline-link" target="_blank" title="http://movetoamend.org/motion-to-amend" ><span class="tco-ellipsis"></span><span class="invisible">http://</span><span class="js-display-url">movetoamend.org/motion-to-amend</span><span class="invisible"></span><span class="tco-ellipsis"><span class="invisible">&nbsp;</span></span></a>]]></document>
		<document id="137213246917705728" url="https://twitter.com/susan4ps/status/137213246917705728"><![CDATA[Just added a new event on Compassionate Action Network <a href="http://t.co/GLEFnkN" rel="nofollow" dir="ltr" data-expanded-url="http://ning.it/u5LkIi" class="twitter-timeline-link" target="_blank" title="http://ning.it/u5LkIi" ><span class="tco-ellipsis"></span><span class="invisible">http://</span><span class="js-display-url">ning.it/u5LkIi</span><span class="invisible"></span><span class="tco-ellipsis"><span class="invisible">&nbsp;</span></span></a>]]></document>
		<document id="140918545398767616" url="https://twitter.com/susan4ps/status/140918545398767616"><![CDATA[Checking out &quot;Restorative Circles - Facilitation Workshop&quot; on Compassionate Action Network: <a href="http://t.co/SOfnrDL" rel="nofollow" dir="ltr" data-expanded-url="http://ning.it/rpw2hG" class="twitter-timeline-link" target="_blank" title="http://ning.it/rpw2hG" ><span class="tco-ellipsis"></span><span class="invisible">http://</span><span class="js-display-url">ning.it/rpw2hG</span><span class="invisible"></span><span class="tco-ellipsis"><span class="invisible">&nbsp;</span></span></a>]]></document>
		<document id="1474996471" url="https://twitter.com/susan4ps/status/1474996471"><![CDATA[gnawing my fingernails to knuckles wAiting to hear more from CLP in Pakistan!]]></document>
		<document id="148191751591559168" url="https://twitter.com/susan4ps/status/148191751591559168"><![CDATA[New Yorkers! Join me at Compassionate Listening Intensive: Healing the World from the Inside Out --<a href="http://t.co/ttGhTlI" rel="nofollow" dir="ltr" data-expanded-url="http://www.eventbrite.com/s/7ahj" class="twitter-timeline-link u-hidden" target="_blank" title="http://www.eventbrite.com/s/7ahj" ><span class="tco-ellipsis"></span><span class="invisible">http://www.</span><span class="js-display-url">eventbrite.com/s/7ahj</span><span class="invisible"></span><span class="tco-ellipsis"><span class="invisible">&nbsp;</span></span></a>]]></document>
		<document id="148192025609650176" url="https://twitter.com/susan4ps/status/148192025609650176"><![CDATA[@clp_mag  you made it! yeah!]]></document>
		<document id="1492249720" url="https://twitter.com/susan4ps/status/1492249720"><![CDATA[glad i don&#39;t know the real story of peshawar adventures and blessing the protective angels]]></document>
		<document id="149537299917574144" url="https://twitter.com/susan4ps/status/149537299917574144"><![CDATA[Brighten your day! Check this video out -- Life Vest Inside - Kindness Boomerang - &quot;One Day&quot; <a href="http://t.co/nzB4H9R" rel="nofollow" dir="ltr" data-expanded-url="http://www.youtube.com/watch?v=nwAYpLVyeFU&amp;feature=share" class="twitter-timeline-link" target="_blank" title="http://www.youtube.com/watch?v=nwAYpLVyeFU&amp;feature=share" ><span class="tco-ellipsis"></span><span class="invisible">http://www.</span><span class="js-display-url">youtube.com/watch?v=nwAYpL</span><span class="invisible">VyeFU&amp;feature=share</span><span class="tco-ellipsis"><span class="invisible">&nbsp;</span>…</span></a> via <a href="/YouTube" class="twitter-atreply pretty-link js-nav" dir="ltr" data-mentioned-user-id="10228272" ><s>@</s><b>youtube</b></a>]]></document>
		<document id="1531089841" url="https://twitter.com/susan4ps/status/1531089841"><![CDATA[celebrating end of tax season with jim:  free at last!]]></document>
		<document id="156218514527625216" url="https://twitter.com/susan4ps/status/156218514527625216"><![CDATA[Just added a new event on Compassionate Action Network <a href="http://t.co/CnqNwZC" rel="nofollow" dir="ltr" data-expanded-url="http://ning.it/AbUZ0B" class="twitter-timeline-link" target="_blank" title="http://ning.it/AbUZ0B" ><span class="tco-ellipsis"></span><span class="invisible">http://</span><span class="js-display-url">ning.it/AbUZ0B</span><span class="invisible"></span><span class="tco-ellipsis"><span class="invisible">&nbsp;</span></span></a>]]></document>
		<document id="156541033629483008" url="https://twitter.com/susan4ps/status/156541033629483008"><![CDATA[LinkedIn Events: Compassionate Listening: 2 day Basic Intensive - Healing Our World From the Inside Out <a href="http://t.co/aoHFpx2" rel="nofollow" dir="ltr" data-expanded-url="http://linkd.in/xJ80gB" class="twitter-timeline-link" target="_blank" title="http://linkd.in/xJ80gB" ><span class="tco-ellipsis"></span><span class="invisible">http://</span><span class="js-display-url">linkd.in/xJ80gB</span><span class="invisible"></span><span class="tco-ellipsis"><span class="invisible">&nbsp;</span></span></a> in Seattle]]></document>
		<document id="156542804569501696" url="https://twitter.com/susan4ps/status/156542804569501696"><![CDATA[LinkedIn Events: Compassionate Listening:  1 day Basic  - NYC:  Healing Our World From the Inside Out <a href="http://t.co/r2zP5vg" rel="nofollow" dir="ltr" data-expanded-url="http://linkd.in/x8VjJa" class="twitter-timeline-link" target="_blank" title="http://linkd.in/x8VjJa" ><span class="tco-ellipsis"></span><span class="invisible">http://</span><span class="js-display-url">linkd.in/x8VjJa</span><span class="invisible"></span><span class="tco-ellipsis"><span class="invisible">&nbsp;</span></span></a>]]></document>
		<document id="157536059029331968" url="https://twitter.com/susan4ps/status/157536059029331968"><![CDATA[Seattle Transpartisan Alliance Salon on &quot;Media &amp; Society&quot;  Wed, Jan 18 (St Thomas Church -Phinney Ridge, 6 to 9)<a href="http://t.co/OEj5sRp" rel="nofollow" dir="ltr" data-expanded-url="http://meetu.ps/6hYcF" class="twitter-timeline-link u-hidden" target="_blank" title="http://meetu.ps/6hYcF" ><span class="tco-ellipsis"></span><span class="invisible">http://</span><span class="js-display-url">meetu.ps/6hYcF</span><span class="invisible"></span><span class="tco-ellipsis"><span class="invisible">&nbsp;</span></span></a>]]></document>
		<document id="158355715566731264" url="https://twitter.com/susan4ps/status/158355715566731264"><![CDATA[Just added a new event on Compassionate Action Network <a href="http://t.co/mKcWuEJ" rel="nofollow" dir="ltr" data-expanded-url="http://ning.it/w45AHc" class="twitter-timeline-link" target="_blank" title="http://ning.it/w45AHc" ><span class="tco-ellipsis"></span><span class="invisible">http://</span><span class="js-display-url">ning.it/w45AHc</span><span class="invisible"></span><span class="tco-ellipsis"><span class="invisible">&nbsp;</span></span></a>]]></document>
		<document id="159793261324677120" url="https://twitter.com/susan4ps/status/159793261324677120"><![CDATA[Just added a new event on Compassionate Action Network <a href="http://t.co/XMLDpuX" rel="nofollow" dir="ltr" data-expanded-url="http://ning.it/AaGbMw" class="twitter-timeline-link" target="_blank" title="http://ning.it/AaGbMw" ><span class="tco-ellipsis"></span><span class="invisible">http://</span><span class="js-display-url">ning.it/AaGbMw</span><span class="invisible"></span><span class="tco-ellipsis"><span class="invisible">&nbsp;</span></span></a>]]></document>
		<document id="160049252012277761" url="https://twitter.com/susan4ps/status/160049252012277761"><![CDATA[Worried about getting older? <a href="/PatcohenNYT" class="twitter-atreply pretty-link js-nav" dir="ltr" data-mentioned-user-id="80663193" ><s>@</s><b>PatcohenNYT</b></a> says middle-aged brains actually work better in some ways <a href="http://t.co/sWuFvOP" rel="nofollow" dir="ltr" data-expanded-url="http://ideas.time.com/2012/01/10/the-advantages-of-the-middle-age-brain/" class="twitter-timeline-link" target="_blank" title="http://ideas.time.com/2012/01/10/the-advantages-of-the-middle-age-brain/" ><span class="tco-ellipsis"></span><span class="invisible">http://</span><span class="js-display-url">ideas.time.com/2012/01/10/the</span><span class="invisible">-advantages-of-the-middle-age-brain/</span><span class="tco-ellipsis"><span class="invisible">&nbsp;</span>…</span></a> via <a href="/TIMEIdeas" class="twitter-atreply pretty-link js-nav" dir="ltr" data-mentioned-user-id="386742828" ><s>@</s><b>TIMEIdeas</b></a>]]></document>
		<document id="160053406260662272" url="https://twitter.com/susan4ps/status/160053406260662272"><![CDATA[Say NO ▓▓▓▓ to Internet ▓▓▓▓▓▓▓▓ censorship. <a href="http://t.co/TDwcZu0" rel="nofollow" dir="ltr" data-expanded-url="http://pol.moveon.org/nointernetcensorship/?rc=tw" class="twitter-timeline-link" target="_blank" title="http://pol.moveon.org/nointernetcensorship/?rc=tw" ><span class="tco-ellipsis"></span><span class="invisible">http://</span><span class="js-display-url">pol.moveon.org/nointernetcens</span><span class="invisible">orship/?rc=tw</span><span class="tco-ellipsis"><span class="invisible">&nbsp;</span>…</span></a> <a href="/hashtag/StopSOPA?src=hash" data-query-source="hashtag_click" class="twitter-hashtag pretty-link js-nav" dir="ltr" ><s>#</s><b>StopSOPA</b></a> <a href="/hashtag/StopPIPA?src=hash" data-query-source="hashtag_click" class="twitter-hashtag pretty-link js-nav" dir="ltr" ><s>#</s><b>StopPIPA</b></a> via <a href="/MoveOn" class="twitter-atreply pretty-link js-nav" dir="ltr" data-mentioned-user-id="26657119" ><s>@</s><b>MoveOn</b></a>]]></document>
		<document id="160115267593191425" url="https://twitter.com/susan4ps/status/160115267593191425"><![CDATA[LinkedIn Events: Restorative Circles: creating community based empowered conflict resolution systems <a href="http://t.co/GWpsAme" rel="nofollow" dir="ltr" data-expanded-url="http://linkd.in/zZxDjJ" class="twitter-timeline-link" target="_blank" title="http://linkd.in/zZxDjJ" ><span class="tco-ellipsis"></span><span class="invisible">http://</span><span class="js-display-url">linkd.in/zZxDjJ</span><span class="invisible"></span><span class="tco-ellipsis"><span class="invisible">&nbsp;</span></span></a>]]></document>
		<document id="160119038595436544" url="https://twitter.com/susan4ps/status/160119038595436544"><![CDATA[I was Born This Way. Join <a href="/ladygaga" class="twitter-atreply pretty-link js-nav" dir="ltr" data-mentioned-user-id="14230524" ><s>@</s><b>ladygaga</b></a>’s <a href="/BTWFoundation" class="twitter-atreply pretty-link js-nav" dir="ltr" data-mentioned-user-id="388521369" ><s>@</s><b>BTWFoundation</b></a>, and help us empower youth &amp; inspire bravery: <a href="http://t.co/Ve3OwI4" rel="nofollow" dir="ltr" data-expanded-url="http://bit.ly/sNhivO" class="twitter-timeline-link" target="_blank" title="http://bit.ly/sNhivO" ><span class="tco-ellipsis"></span><span class="invisible">http://</span><span class="js-display-url">bit.ly/sNhivO</span><span class="invisible"></span><span class="tco-ellipsis"><span class="invisible">&nbsp;</span></span></a> via <a href="/BTWFoundation" class="twitter-atreply pretty-link js-nav" dir="ltr" data-mentioned-user-id="388521369" ><s>@</s><b>BTWFoundation</b></a>]]></document>
		<document id="1606988374" url="https://twitter.com/susan4ps/status/1606988374"><![CDATA[feeling relieved in seattle cause i just heard all is well from jessica and clp gang in karachi]]></document>
		<document id="1615424313" url="https://twitter.com/susan4ps/status/1615424313"><![CDATA[My 1st phone tweet.  R u fleeing or hurrying]]></document>
		<document id="162968600947326976" url="https://twitter.com/susan4ps/status/162968600947326976"><![CDATA[End Monsanto&#39;s campaign of fear and intimidation against America&#39;s farmers <a href="http://t.co/iqR5fhA" rel="nofollow" dir="ltr" data-expanded-url="http://bit.ly/Ack1Wa" class="twitter-timeline-link" target="_blank" title="http://bit.ly/Ack1Wa" ><span class="tco-ellipsis"></span><span class="invisible">http://</span><span class="js-display-url">bit.ly/Ack1Wa</span><span class="invisible"></span><span class="tco-ellipsis"><span class="invisible">&nbsp;</span></span></a> <a href="/food_democracy" class="twitter-atreply pretty-link js-nav" dir="ltr" data-mentioned-user-id="18091706" ><s>@</s><b>food_democracy</b></a> Pls RT <a href="/hashtag/stopMonsanto?src=hash" data-query-source="hashtag_click" class="twitter-hashtag pretty-link js-nav" dir="ltr" ><s>#</s><b>stopMonsanto</b></a>]]></document>
		<document id="163402768932020224" url="https://twitter.com/susan4ps/status/163402768932020224"><![CDATA[Buffett Rule Will Raise $50 Billion Per Year, Affect Just 0.08 Percent of Taxpayers | NationofChange: <a href="http://t.co/SFvyd1p" rel="nofollow" dir="ltr" data-expanded-url="http://www.nationofchange.org/analysis-buffett-rule-will-raise-50-billion-year-affect-just-008-percent-taxpayers-1327766301#comments" class="twitter-timeline-link" target="_blank" title="http://www.nationofchange.org/analysis-buffett-rule-will-raise-50-billion-year-affect-just-008-percent-taxpayers-1327766301#comments" ><span class="tco-ellipsis"></span><span class="invisible">http://www.</span><span class="js-display-url">nationofchange.org/analysis-buffe</span><span class="invisible">tt-rule-will-raise-50-billion-year-affect-just-008-percent-taxpayers-1327766301#comments</span><span class="tco-ellipsis"><span class="invisible">&nbsp;</span>…</span></a> via <a href="/addthis" class="twitter-atreply pretty-link js-nav" dir="ltr" data-mentioned-user-id="15907720" ><s>@</s><b>AddThis</b></a>]]></document>
		<document id="163718836481302529" url="https://twitter.com/susan4ps/status/163718836481302529"><![CDATA[Tell Obama to Cease FDA Ties to Monsanto <a href="http://t.co/tYWiZpW" rel="nofollow" dir="ltr" data-expanded-url="http://signon.org/s/hhw_zX" class="twitter-timeline-link" target="_blank" title="http://signon.org/s/hhw_zX" ><span class="tco-ellipsis"></span><span class="invisible">http://</span><span class="js-display-url">signon.org/s/hhw_zX</span><span class="invisible"></span><span class="tco-ellipsis"><span class="invisible">&nbsp;</span></span></a> <a href="/hashtag/signon?src=hash" data-query-source="hashtag_click" class="twitter-hashtag pretty-link js-nav" dir="ltr" ><s>#</s><b>signon</b></a>]]></document>
		<document id="164243063118626816" url="https://twitter.com/susan4ps/status/164243063118626816"><![CDATA[Inside Apple&#39;s Hidden Factories. Finally. <a href="http://t.co/Ij8Ys2b" rel="nofollow" dir="ltr" data-expanded-url="http://motherjones.com/blue-marble/2012/01/apple-factories-ipad-iphone-labor" class="twitter-timeline-link" target="_blank" title="http://motherjones.com/blue-marble/2012/01/apple-factories-ipad-iphone-labor" ><span class="tco-ellipsis"></span><span class="invisible">http://</span><span class="js-display-url">motherjones.com/blue-marble/20</span><span class="invisible">12/01/apple-factories-ipad-iphone-labor</span><span class="tco-ellipsis"><span class="invisible">&nbsp;</span>…</span></a> via <a href="/MotherJones" class="twitter-atreply pretty-link js-nav" dir="ltr" data-mentioned-user-id="18510860" ><s>@</s><b>motherjones</b></a>]]></document>
		<document id="164566415834234881" url="https://twitter.com/susan4ps/status/164566415834234881"><![CDATA[Susan Partnow &amp; The Power of Restorative Circles and Compassionate Listening | Feb. 2nd <a href="http://t.co/aq9jPPa" rel="nofollow" dir="ltr" data-expanded-url="http://malirowanpresents.com/index.php?option=com_content&amp;view=article&amp;id=69:susan-partnow-a-compassionate-listening-feb-2nd&amp;catid=16:upcoming-events&amp;Itemid=145" class="twitter-timeline-link" target="_blank" title="http://malirowanpresents.com/index.php?option=com_content&amp;view=article&amp;id=69:susan-partnow-a-compassionate-listening-feb-2nd&amp;catid=16:upcoming-events&amp;Itemid=145" ><span class="tco-ellipsis"></span><span class="invisible">http://</span><span class="js-display-url">malirowanpresents.com/index.php?opti</span><span class="invisible">on=com_content&amp;view=article&amp;id=69:susan-partnow-a-compassionate-listening-feb-2nd&amp;catid=16:upcoming-events&amp;Itemid=145</span><span class="tco-ellipsis"><span class="invisible">&nbsp;</span>…</span></a>]]></document>
		<document id="165844770915225600" url="https://twitter.com/susan4ps/status/165844770915225600"><![CDATA[Just added a new blog post on Compassionate Action Network <a href="http://t.co/txVGSAA" rel="nofollow" dir="ltr" data-expanded-url="http://ning.it/zFyCIZ" class="twitter-timeline-link" target="_blank" title="http://ning.it/zFyCIZ" ><span class="tco-ellipsis"></span><span class="invisible">http://</span><span class="js-display-url">ning.it/zFyCIZ</span><span class="invisible"></span><span class="tco-ellipsis"><span class="invisible">&nbsp;</span></span></a>]]></document>
		<document id="165962287440605186" url="https://twitter.com/susan4ps/status/165962287440605186"><![CDATA[Tell Obama to Cease FDA Ties to Monsanto <a href="http://t.co/tYWiZpW" rel="nofollow" dir="ltr" data-expanded-url="http://signon.org/s/hhw_zX" class="twitter-timeline-link" target="_blank" title="http://signon.org/s/hhw_zX" ><span class="tco-ellipsis"></span><span class="invisible">http://</span><span class="js-display-url">signon.org/s/hhw_zX</span><span class="invisible"></span><span class="tco-ellipsis"><span class="invisible">&nbsp;</span></span></a> <a href="/hashtag/signon?src=hash" data-query-source="hashtag_click" class="twitter-hashtag pretty-link js-nav" dir="ltr" ><s>#</s><b>signon</b></a>]]></document>
		<document id="165971071252705281" url="https://twitter.com/susan4ps/status/165971071252705281"><![CDATA[Tell <a href="/KomenfortheCure" class="twitter-atreply pretty-link js-nav" dir="ltr" data-mentioned-user-id="1528384508" ><s>@</s><b>komenforthecure</b></a> &quot;maybe&quot; isn&#39;t enough. They need to commit to funding breast health care via Planned Parenthood. <a href="http://t.co/P4S8qhF" rel="nofollow" dir="ltr" data-expanded-url="http://pol.moveon.org/komen/" class="twitter-timeline-link" target="_blank" title="http://pol.moveon.org/komen/" ><span class="tco-ellipsis"></span><span class="invisible">http://</span><span class="js-display-url">pol.moveon.org/komen/</span><span class="invisible"></span><span class="tco-ellipsis"><span class="invisible">&nbsp;</span></span></a>]]></document>
		<document id="166369860673208320" url="https://twitter.com/susan4ps/status/166369860673208320"><![CDATA[Help Save Heirloom Seeds and Keep Monsanto Out of Your Garden: <a href="http://t.co/57ttVCY" rel="nofollow" dir="ltr" data-expanded-url="http://gaia-health.com/articles501/000524-save-heirloom-seeds.shtml#.Ty9PerNKg5u.twitter" class="twitter-timeline-link" target="_blank" title="http://gaia-health.com/articles501/000524-save-heirloom-seeds.shtml#.Ty9PerNKg5u.twitter" ><span class="tco-ellipsis"></span><span class="invisible">http://</span><span class="js-display-url">gaia-health.com/articles501/00</span><span class="invisible">0524-save-heirloom-seeds.shtml#.Ty9PerNKg5u.twitter</span><span class="tco-ellipsis"><span class="invisible">&nbsp;</span>…</span></a> via <a href="/addthis" class="twitter-atreply pretty-link js-nav" dir="ltr" data-mentioned-user-id="15907720" ><s>@</s><b>AddThis</b></a>]]></document>
		<document id="166597882978381825" url="https://twitter.com/susan4ps/status/166597882978381825"><![CDATA[Is the Gates Foundation&#39;s new visitor center inspiring, or insulting?: <a href="http://t.co/26kdabi" rel="nofollow" dir="ltr" data-expanded-url="http://www.seattleglobalist.com/2012/02/03/is-the-gates-foundations-new-visitor-center-inspiring-or-insulting/1055" class="twitter-timeline-link" target="_blank" title="http://www.seattleglobalist.com/2012/02/03/is-the-gates-foundations-new-visitor-center-inspiring-or-insulting/1055" ><span class="tco-ellipsis"></span><span class="invisible">http://www.</span><span class="js-display-url">seattleglobalist.com/2012/02/03/is-</span><span class="invisible">the-gates-foundations-new-visitor-center-inspiring-or-insulting/1055</span><span class="tco-ellipsis"><span class="invisible">&nbsp;</span>…</span></a>]]></document>
		<document id="166714029048463360" url="https://twitter.com/susan4ps/status/166714029048463360"><![CDATA[Tell Obama to Cease FDA Ties to Monsanto <a href="http://t.co/tYWiZpW" rel="nofollow" dir="ltr" data-expanded-url="http://signon.org/s/hhw_zX" class="twitter-timeline-link" target="_blank" title="http://signon.org/s/hhw_zX" ><span class="tco-ellipsis"></span><span class="invisible">http://</span><span class="js-display-url">signon.org/s/hhw_zX</span><span class="invisible"></span><span class="tco-ellipsis"><span class="invisible">&nbsp;</span></span></a> <a href="/hashtag/signon?src=hash" data-query-source="hashtag_click" class="twitter-hashtag pretty-link js-nav" dir="ltr" ><s>#</s><b>signon</b></a>]]></document>
		<document id="169260322023145472" url="https://twitter.com/susan4ps/status/169260322023145472"><![CDATA[Learn Compassionate Listening skills to deepen dialogue and deliberation - NYC &amp; Seattle: <a href="http://t.co/IhnIOa4" rel="nofollow" dir="ltr" data-expanded-url="http://lnkd.in/c7HvnN" class="twitter-timeline-link" target="_blank" title="http://lnkd.in/c7HvnN" ><span class="tco-ellipsis"></span><span class="invisible">http://</span><span class="js-display-url">lnkd.in/c7HvnN</span><span class="invisible"></span><span class="tco-ellipsis"><span class="invisible">&nbsp;</span></span></a>]]></document>
		<document id="169261841560776705" url="https://twitter.com/susan4ps/status/169261841560776705"><![CDATA[Transform Conflict through building Conflict Evolution systems and Restorative Circles (Seattle, Feb 18): <a href="http://t.co/eOAZvrd" rel="nofollow" dir="ltr" data-expanded-url="http://lnkd.in/7w4b3D" class="twitter-timeline-link" target="_blank" title="http://lnkd.in/7w4b3D" ><span class="tco-ellipsis"></span><span class="invisible">http://</span><span class="js-display-url">lnkd.in/7w4b3D</span><span class="invisible"></span><span class="tco-ellipsis"><span class="invisible">&nbsp;</span></span></a>]]></document>
		<document id="170394032080560128" url="https://twitter.com/susan4ps/status/170394032080560128"><![CDATA[Wednesday -Seattle Transpartisan Alliance <a href="http://t.co/1Xawmh0" rel="nofollow" dir="ltr" data-expanded-url="http://meetu.ps/6M34j" class="twitter-timeline-link" target="_blank" title="http://meetu.ps/6M34j" ><span class="tco-ellipsis"></span><span class="invisible">http://</span><span class="js-display-url">meetu.ps/6M34j</span><span class="invisible"></span><span class="tco-ellipsis"><span class="invisible">&nbsp;</span></span></a>  -Salon on Security &amp; Safety - how we create it &amp; impact on  freedom]]></document>
		<document id="177646695390261248" url="https://twitter.com/susan4ps/status/177646695390261248"><![CDATA[Seattle Transpartisan Alliance Salon - Art  &amp; Creativity - serious fun!<a href="http://t.co/l8pi3Dz" rel="nofollow" dir="ltr" data-expanded-url="http://meetu.ps/7Fkrs" class="twitter-timeline-link u-hidden" target="_blank" title="http://meetu.ps/7Fkrs" ><span class="tco-ellipsis"></span><span class="invisible">http://</span><span class="js-display-url">meetu.ps/7Fkrs</span><span class="invisible"></span><span class="tco-ellipsis"><span class="invisible">&nbsp;</span></span></a>]]></document>
		<document id="178160176191373312" url="https://twitter.com/susan4ps/status/178160176191373312"><![CDATA[Please come  Wed March 21 - Salon on how  Arts &amp; Creativity can help bridge  divides: Seattle Transpartisan Alliance<a href="http://t.co/l8pi3Dz" rel="nofollow" dir="ltr" data-expanded-url="http://meetu.ps/7Fkrs" class="twitter-timeline-link u-hidden" target="_blank" title="http://meetu.ps/7Fkrs" ><span class="tco-ellipsis"></span><span class="invisible">http://</span><span class="js-display-url">meetu.ps/7Fkrs</span><span class="invisible"></span><span class="tco-ellipsis"><span class="invisible">&nbsp;</span></span></a>]]></document>
		<document id="181964849457283073" url="https://twitter.com/susan4ps/status/181964849457283073"><![CDATA[Join a great event 3/31 &quot;A Call For Compassion: Collective Impact 2012&quot; on Compassionate Action Network: <a href="http://t.co/fS7Hgba" rel="nofollow" dir="ltr" data-expanded-url="http://ning.it/GAcY15" class="twitter-timeline-link" target="_blank" title="http://ning.it/GAcY15" ><span class="tco-ellipsis"></span><span class="invisible">http://</span><span class="js-display-url">ning.it/GAcY15</span><span class="invisible"></span><span class="tco-ellipsis"><span class="invisible">&nbsp;</span></span></a>]]></document>
		<document id="181970153041444866" url="https://twitter.com/susan4ps/status/181970153041444866"><![CDATA[for Congressional Action to Label GMOs in Food <a href="http://t.co/ytaz762" rel="nofollow" dir="ltr" data-expanded-url="http://signon.org/s/iNCisA" class="twitter-timeline-link" target="_blank" title="http://signon.org/s/iNCisA" ><span class="tco-ellipsis"></span><span class="invisible">http://</span><span class="js-display-url">signon.org/s/iNCisA</span><span class="invisible"></span><span class="tco-ellipsis"><span class="invisible">&nbsp;</span></span></a> <a href="/hashtag/signon?src=hash" data-query-source="hashtag_click" class="twitter-hashtag pretty-link js-nav" dir="ltr" ><s>#</s><b>signon</b></a>]]></document>
		<document id="185590448100876288" url="https://twitter.com/susan4ps/status/185590448100876288"><![CDATA[Don&#39;t let Republicans block the Violence Against Women Act! <a href="http://t.co/hUVbf6n" rel="nofollow" dir="ltr" data-expanded-url="http://bit.ly/HfqIum" class="twitter-timeline-link" target="_blank" title="http://bit.ly/HfqIum" ><span class="tco-ellipsis"></span><span class="invisible">http://</span><span class="js-display-url">bit.ly/HfqIum</span><span class="invisible"></span><span class="tco-ellipsis"><span class="invisible">&nbsp;</span></span></a> <a href="/CREDOMobile" class="twitter-atreply pretty-link js-nav" dir="ltr" data-mentioned-user-id="14630443" ><s>@</s><b>CREDOmobile</b></a> <a href="/hashtag/fem2?src=hash" data-query-source="hashtag_click" class="twitter-hashtag pretty-link js-nav" dir="ltr" ><s>#</s><b>fem2</b></a> <a href="/hashtag/p2?src=hash" data-query-source="hashtag_click" class="twitter-hashtag pretty-link js-nav" dir="ltr" ><s>#</s><b>p2</b></a>]]></document>
		<document id="189195620618215424" url="https://twitter.com/susan4ps/status/189195620618215424"><![CDATA[Checking out &quot;Compassionate Listening Basic Intensive:  Healing Our World from&quot; on Compassionate Action Network: <a href="http://t.co/0dMSo3A" rel="nofollow" dir="ltr" data-expanded-url="http://ning.it/IgCA0X" class="twitter-timeline-link" target="_blank" title="http://ning.it/IgCA0X" ><span class="tco-ellipsis"></span><span class="invisible">http://</span><span class="js-display-url">ning.it/IgCA0X</span><span class="invisible"></span><span class="tco-ellipsis"><span class="invisible">&nbsp;</span></span></a>]]></document>
		<document id="189812287136219137" url="https://twitter.com/susan4ps/status/189812287136219137"><![CDATA[Tell Secretary Vilsack it’s time to Get the Slime Out! <a href="http://t.co/Fl8bQp5" rel="nofollow" dir="ltr" data-expanded-url="http://bit.ly/IkzM0o" class="twitter-timeline-link" target="_blank" title="http://bit.ly/IkzM0o" ><span class="tco-ellipsis"></span><span class="invisible">http://</span><span class="js-display-url">bit.ly/IkzM0o</span><span class="invisible"></span><span class="tco-ellipsis"><span class="invisible">&nbsp;</span></span></a> <a href="/food_democracy" class="twitter-atreply pretty-link js-nav" dir="ltr" data-mentioned-user-id="18091706" ><s>@</s><b>food_democracy</b></a> Please RT No <a href="/hashtag/PinkSlime?src=hash" data-query-source="hashtag_click" class="twitter-hashtag pretty-link js-nav" dir="ltr" ><s>#</s><b>PinkSlime</b></a>]]></document>
		<document id="190280159067250688" url="https://twitter.com/susan4ps/status/190280159067250688"><![CDATA[I&#39;m attending a Meetup with Seattle Transpartisan Alliance<a href="http://t.co/C9eXrFn" rel="nofollow" dir="ltr" data-expanded-url="http://meetu.ps/8qYHj" class="twitter-timeline-link u-hidden" target="_blank" title="http://meetu.ps/8qYHj" ><span class="tco-ellipsis"></span><span class="invisible">http://</span><span class="js-display-url">meetu.ps/8qYHj</span><span class="invisible"></span><span class="tco-ellipsis"><span class="invisible">&nbsp;</span></span></a>]]></document>
		<document id="190960613441286144" url="https://twitter.com/susan4ps/status/190960613441286144"><![CDATA[My life has been deeply transformed by this powerful practice; I&#39;d love to share the skills and practices with you! <a href="http://t.co/XHlctSv" rel="nofollow" dir="ltr" data-expanded-url="http://lnkd.in/qHB7Ki" class="twitter-timeline-link" target="_blank" title="http://lnkd.in/qHB7Ki" ><span class="tco-ellipsis"></span><span class="invisible">http://</span><span class="js-display-url">lnkd.in/qHB7Ki</span><span class="invisible"></span><span class="tco-ellipsis"><span class="invisible">&nbsp;</span></span></a>]]></document>
		<document id="193517257165512704" url="https://twitter.com/susan4ps/status/193517257165512704"><![CDATA[Van Jones: Rebuilding the American Dream  <a href="http://t.co/lf906k5" rel="nofollow" dir="ltr" data-expanded-url="http://townhallseattle.org/?p=8414" class="twitter-timeline-link" target="_blank" title="http://townhallseattle.org/?p=8414" ><span class="tco-ellipsis"></span><span class="invisible">http://</span><span class="js-display-url">townhallseattle.org/?p=8414</span><span class="invisible"></span><span class="tco-ellipsis"><span class="invisible">&nbsp;</span></span></a> via <a href="/THSEA" class="twitter-atreply pretty-link js-nav" dir="ltr" data-mentioned-user-id="46236831" ><s>@</s><b>THSEA</b></a>]]></document>
		<document id="193518735590559744" url="https://twitter.com/susan4ps/status/193518735590559744"><![CDATA[Join me at the next Seattle Transpartisan Alliance Salon<a href="http://t.co/MikGXBb" rel="nofollow" dir="ltr" data-expanded-url="http://meetu.ps/8x2yF" class="twitter-timeline-link u-hidden" target="_blank" title="http://meetu.ps/8x2yF" ><span class="tco-ellipsis"></span><span class="invisible">http://</span><span class="js-display-url">meetu.ps/8x2yF</span><span class="invisible"></span><span class="tco-ellipsis"><span class="invisible">&nbsp;</span></span></a>]]></document>
		<document id="193524718039601152" url="https://twitter.com/susan4ps/status/193524718039601152"><![CDATA[Support the Student Loan Forgiveness Act of 2012 <a href="http://t.co/bUMJIaU" rel="nofollow" dir="ltr" data-expanded-url="http://signon.org/s/r4gOiA" class="twitter-timeline-link" target="_blank" title="http://signon.org/s/r4gOiA" ><span class="tco-ellipsis"></span><span class="invisible">http://</span><span class="js-display-url">signon.org/s/r4gOiA</span><span class="invisible"></span><span class="tco-ellipsis"><span class="invisible">&nbsp;</span></span></a> <a href="/hashtag/signon?src=hash" data-query-source="hashtag_click" class="twitter-hashtag pretty-link js-nav" dir="ltr" ><s>#</s><b>signon</b></a>]]></document>
		<document id="193545035432730625" url="https://twitter.com/susan4ps/status/193545035432730625"><![CDATA[How Did We Get Here: A Brief History  of Monsanto and the US Government  <a href="http://t.co/ZKLlNDd" rel="nofollow" dir="ltr" data-expanded-url="http://www.occupymonsanto360.org/2012/02/23/how-did-we-get-here-a-brief-history-of-monsanto-and-the-us-government/#.T5Ir9bRhwtE.twitter" class="twitter-timeline-link" target="_blank" title="http://www.occupymonsanto360.org/2012/02/23/how-did-we-get-here-a-brief-history-of-monsanto-and-the-us-government/#.T5Ir9bRhwtE.twitter" ><span class="tco-ellipsis"></span><span class="invisible">http://www.</span><span class="js-display-url">occupymonsanto360.org/2012/02/23/how</span><span class="invisible">-did-we-get-here-a-brief-history-of-monsanto-and-the-us-government/#.T5Ir9bRhwtE.twitter</span><span class="tco-ellipsis"><span class="invisible">&nbsp;</span>…</span></a>]]></document>
		<document id="194961875476283394" url="https://twitter.com/susan4ps/status/194961875476283394"><![CDATA[Checking out &quot;Restorative Circles - Deepening in your Practice workshop&quot; on Compassionate Action Network: <a href="http://t.co/hP7aHUW" rel="nofollow" dir="ltr" data-expanded-url="http://ning.it/I8bYkM" class="twitter-timeline-link" target="_blank" title="http://ning.it/I8bYkM" ><span class="tco-ellipsis"></span><span class="invisible">http://</span><span class="js-display-url">ning.it/I8bYkM</span><span class="invisible"></span><span class="tco-ellipsis"><span class="invisible">&nbsp;</span></span></a>]]></document>
		<document id="195954771570597888" url="https://twitter.com/susan4ps/status/195954771570597888"><![CDATA[Compassionate Seattle: Creating Collective Impact TED Award Overview: <a href="http://t.co/Zf5xJtU" rel="nofollow" dir="ltr" data-expanded-url="http://youtu.be/VdWq9RZeW2s" class="twitter-timeline-link" target="_blank" title="http://youtu.be/VdWq9RZeW2s" ><span class="tco-ellipsis"></span><span class="invisible">http://</span><span class="js-display-url">youtu.be/VdWq9RZeW2s</span><span class="invisible"></span><span class="tco-ellipsis"><span class="invisible">&nbsp;</span></span></a> via <a href="/YouTube" class="twitter-atreply pretty-link js-nav" dir="ltr" data-mentioned-user-id="10228272" ><s>@</s><b>youtube</b></a>]]></document>
		<document id="195968944614539264" url="https://twitter.com/susan4ps/status/195968944614539264"><![CDATA[The bees are dying. Tell <a href="/Bayer_SD" class="twitter-atreply pretty-link js-nav" dir="ltr" data-mentioned-user-id="87461148" ><s>@</s><b>Bayer_sd</b></a> @Tweet2Harvest to vote against their deadly pesticides! Only 24 hrs left to sign<a href="http://t.co/k0ndoFY" rel="nofollow" dir="ltr" data-expanded-url="http://www.avaaz.org/en/bayer_save_the_bees/?weQrbdb" class="twitter-timeline-link u-hidden" target="_blank" title="http://www.avaaz.org/en/bayer_save_the_bees/?weQrbdb" ><span class="tco-ellipsis"></span><span class="invisible">http://www.</span><span class="js-display-url">avaaz.org/en/bayer_save_</span><span class="invisible">the_bees/?weQrbdb</span><span class="tco-ellipsis"><span class="invisible">&nbsp;</span>…</span></a>]]></document>
		<document id="196408892522110976" url="https://twitter.com/susan4ps/status/196408892522110976"><![CDATA[I&#39;m here and it&#39;s a blast <a href="/hashtag/imaglobalist?src=hash" data-query-source="hashtag_click" class="twitter-hashtag pretty-link js-nav" dir="ltr" ><s>#</s><b>imaglobalist</b></a>]]></document>
		<document id="196409093328609281" url="https://twitter.com/susan4ps/status/196409093328609281"><![CDATA[I&#39;m here and it&#39;s a blast <a href="/hashtag/ImAglobalist?src=hash" data-query-source="hashtag_click" class="twitter-hashtag pretty-link js-nav" dir="ltr" ><s>#</s><b>ImAglobalist</b></a>]]></document>
		<document id="196410210389204993" url="https://twitter.com/susan4ps/status/196410210389204993"><![CDATA[Come and join the fun <a href="/hashtag/ImAglobalist?src=hash" data-query-source="hashtag_click" class="twitter-hashtag pretty-link js-nav" dir="ltr" ><s>#</s><b>ImAglobalist</b></a>]]></document>
		<document id="196420129284825088" url="https://twitter.com/susan4ps/status/196420129284825088"><![CDATA[Just posted a photo <a href="http://t.co/xMcPFlo" rel="nofollow" dir="ltr" data-expanded-url="http://instagr.am/p/J_HYidNrg_/" class="twitter-timeline-link" target="_blank" title="http://instagr.am/p/J_HYidNrg_/" ><span class="tco-ellipsis"></span><span class="invisible">http://</span><span class="js-display-url">instagr.am/p/J_HYidNrg_/</span><span class="invisible"></span><span class="tco-ellipsis"><span class="invisible">&nbsp;</span></span></a>]]></document>
		<document id="196423989684469760" url="https://twitter.com/susan4ps/status/196423989684469760"><![CDATA[<a href="http://t.co/xMcPFlo" rel="nofollow" dir="ltr" data-expanded-url="http://instagr.am/p/J_HYidNrg_/" class="twitter-timeline-link" target="_blank" title="http://instagr.am/p/J_HYidNrg_/" ><span class="tco-ellipsis"></span><span class="invisible">http://</span><span class="js-display-url">instagr.am/p/J_HYidNrg_/</span><span class="invisible"></span><span class="tco-ellipsis"><span class="invisible">&nbsp;</span></span></a>]]></document>
		<document id="196426719140397056" url="https://twitter.com/susan4ps/status/196426719140397056"><![CDATA[<a href="http://t.co/xMcPFlo" rel="nofollow" dir="ltr" data-expanded-url="http://instagr.am/p/J_HYidNrg_/" class="twitter-timeline-link" target="_blank" title="http://instagr.am/p/J_HYidNrg_/" ><span class="tco-ellipsis"></span><span class="invisible">http://</span><span class="js-display-url">instagr.am/p/J_HYidNrg_/</span><span class="invisible"></span><span class="tco-ellipsis"><span class="invisible">&nbsp;</span></span></a> fun time fandangoing <a href="/hashtag/ImAglobalist?src=hash" data-query-source="hashtag_click" class="twitter-hashtag pretty-link js-nav" dir="ltr" ><s>#</s><b>ImAglobalist</b></a>]]></document>
		<document id="197541908564811776" url="https://twitter.com/susan4ps/status/197541908564811776"><![CDATA[Sign the letter of support to Christiane Amanpour to end gender segration in Israel <a href="http://t.co/WOJAKf2" rel="nofollow" dir="ltr" data-expanded-url="http://bit.ly/IrBBZ6" class="twitter-timeline-link" target="_blank" title="http://bit.ly/IrBBZ6" ><span class="tco-ellipsis"></span><span class="invisible">http://</span><span class="js-display-url">bit.ly/IrBBZ6</span><span class="invisible"></span><span class="tco-ellipsis"><span class="invisible">&nbsp;</span></span></a>]]></document>
		<document id="202097501501796352" url="https://twitter.com/susan4ps/status/202097501501796352"><![CDATA[Robert Reich Explains How <a href="/MittRomney" class="twitter-atreply pretty-link js-nav" dir="ltr" data-mentioned-user-id="50055701" ><s>@</s><b>MittRomney</b></a> Got Obscenely Rich <a href="http://t.co/eu2WtfK" rel="nofollow" dir="ltr" data-expanded-url="http://bit.ly/Je5taP" class="twitter-timeline-link" target="_blank" title="http://bit.ly/Je5taP" ><span class="tco-ellipsis"></span><span class="invisible">http://</span><span class="js-display-url">bit.ly/Je5taP</span><span class="invisible"></span><span class="tco-ellipsis"><span class="invisible">&nbsp;</span></span></a> via <a href="/MoveOn" class="twitter-atreply pretty-link js-nav" dir="ltr" data-mentioned-user-id="26657119" ><s>@</s><b>moveon</b></a> <a href="/hashtag/NotPresidentialMaterial?src=hash" data-query-source="hashtag_click" class="twitter-hashtag pretty-link js-nav" dir="ltr" ><s>#</s><b>NotPresidentialMaterial</b></a>]]></document>
		<document id="202193490225012736" url="https://twitter.com/susan4ps/status/202193490225012736"><![CDATA[San Franciso/Bay Area friends:  Compassionate Listening one day June 30!  Please come &amp; spread the word!<a href="http://t.co/4UEjN3L" rel="nofollow" dir="ltr" data-expanded-url="http://sfjune30oneday.eventbrite.com/?ref=estw" class="twitter-timeline-link u-hidden" target="_blank" title="http://sfjune30oneday.eventbrite.com/?ref=estw" ><span class="tco-ellipsis"></span><span class="invisible">http://</span><span class="js-display-url">sfjune30oneday.eventbrite.com/?ref=estw</span><span class="invisible"></span><span class="tco-ellipsis"><span class="invisible">&nbsp;</span></span></a>]]></document>
		<document id="202967490412806147" url="https://twitter.com/susan4ps/status/202967490412806147"><![CDATA[I believe you&#39;ll find great benefit in develop these deep skills of listening &amp; cultivating compassion. (for SF Bay ar…<a href="http://t.co/XHlctSv" rel="nofollow" dir="ltr" data-expanded-url="http://lnkd.in/qHB7Ki" class="twitter-timeline-link" target="_blank" title="http://lnkd.in/qHB7Ki" ><span class="tco-ellipsis"></span><span class="invisible">http://</span><span class="js-display-url">lnkd.in/qHB7Ki</span><span class="invisible"></span><span class="tco-ellipsis"><span class="invisible">&nbsp;</span></span></a>]]></document>
		<document id="203001588200116224" url="https://twitter.com/susan4ps/status/203001588200116224"><![CDATA[Just added a new event on Compassionate Seattle <a href="http://t.co/BxFWGjv" rel="nofollow" dir="ltr" data-expanded-url="http://ning.it/LdQdlj" class="twitter-timeline-link" target="_blank" title="http://ning.it/LdQdlj" ><span class="tco-ellipsis"></span><span class="invisible">http://</span><span class="js-display-url">ning.it/LdQdlj</span><span class="invisible"></span><span class="tco-ellipsis"><span class="invisible">&nbsp;</span></span></a>]]></document>
		<document id="203287422027571200" url="https://twitter.com/susan4ps/status/203287422027571200"><![CDATA[<a href="http://t.co/I4Vx443" rel="nofollow" dir="ltr" data-expanded-url="http://lnkd.in/xx-6wM" class="twitter-timeline-link" target="_blank" title="http://lnkd.in/xx-6wM" ><span class="tco-ellipsis"></span><span class="invisible">http://</span><span class="js-display-url">lnkd.in/xx-6wM</span><span class="invisible"></span><span class="tco-ellipsis"><span class="invisible">&nbsp;</span></span></a> San Francisco area colleagues:  June 30 one day introduction...]]></document>
		<document id="204979599707344896" url="https://twitter.com/susan4ps/status/204979599707344896"><![CDATA[This&#39;ll get your blood moving on a cool spring morning! Robert Reich: &quot;The REAL Public Nuisance&quot;: <a href="http://t.co/HMPQUOn" rel="nofollow" dir="ltr" data-expanded-url="http://youtu.be/ltxMtS1Frpk" class="twitter-timeline-link" target="_blank" title="http://youtu.be/ltxMtS1Frpk" ><span class="tco-ellipsis"></span><span class="invisible">http://</span><span class="js-display-url">youtu.be/ltxMtS1Frpk</span><span class="invisible"></span><span class="tco-ellipsis"><span class="invisible">&nbsp;</span></span></a> via <a href="/YouTube" class="twitter-atreply pretty-link js-nav" dir="ltr" data-mentioned-user-id="10228272" ><s>@</s><b>youtube</b></a>]]></document>
		<document id="208078604217745408" url="https://twitter.com/susan4ps/status/208078604217745408"><![CDATA[Checking out &quot;Essential time for Compassion in Action:  let&#39;s OCCUPY Seattle f&quot; on Compassionate Seattle: <a href="http://t.co/nCMTQgr" rel="nofollow" dir="ltr" data-expanded-url="http://ning.it/KKsMwt" class="twitter-timeline-link" target="_blank" title="http://ning.it/KKsMwt" ><span class="tco-ellipsis"></span><span class="invisible">http://</span><span class="js-display-url">ning.it/KKsMwt</span><span class="invisible"></span><span class="tco-ellipsis"><span class="invisible">&nbsp;</span></span></a>]]></document>
		<document id="209718858527944704" url="https://twitter.com/susan4ps/status/209718858527944704"><![CDATA[Join Seattle Sun 6/10 noontime Moment of Silence  <a href="http://t.co/GrPUCP8" rel="nofollow" dir="ltr" data-expanded-url="http://www.compassionateseattle.org/events/sunday-june-10-12-00-noon-city-wide-moment-of-silence" class="twitter-timeline-link" target="_blank" title="http://www.compassionateseattle.org/events/sunday-june-10-12-00-noon-city-wide-moment-of-silence" ><span class="tco-ellipsis"></span><span class="invisible">http://www.</span><span class="js-display-url">compassionateseattle.org/events/sunday-</span><span class="invisible">june-10-12-00-noon-city-wide-moment-of-silence</span><span class="tco-ellipsis"><span class="invisible">&nbsp;</span>…</span></a>]]></document>
		<document id="209719804314136576" url="https://twitter.com/susan4ps/status/209719804314136576"><![CDATA[Come learn to &quot;Transform Conflict with Restorative Circles&quot; on Compassionate Seattle: <a href="http://t.co/j09eS2A" rel="nofollow" dir="ltr" data-expanded-url="http://ning.it/L2BFSs" class="twitter-timeline-link" target="_blank" title="http://ning.it/L2BFSs" ><span class="tco-ellipsis"></span><span class="invisible">http://</span><span class="js-display-url">ning.it/L2BFSs</span><span class="invisible"></span><span class="tco-ellipsis"><span class="invisible">&nbsp;</span></span></a>]]></document>
		<document id="210109524361756672" url="https://twitter.com/susan4ps/status/210109524361756672"><![CDATA[City wide vigil: &quot;Community Wid… <a href="http://t.co/FGYDPqr" rel="nofollow" dir="ltr" data-expanded-url="http://www.compassionateseattle.org/video/video/show?id=2386694%3AVideo%3A97918&amp;xgs=1&amp;xg_source=msg_share_video" class="twitter-timeline-link" target="_blank" title="http://www.compassionateseattle.org/video/video/show?id=2386694%3AVideo%3A97918&amp;xgs=1&amp;xg_source=msg_share_video" ><span class="tco-ellipsis"></span><span class="invisible">http://www.</span><span class="js-display-url">compassionateseattle.org/video/video/sh</span><span class="invisible">ow?id=2386694%3AVideo%3A97918&amp;xgs=1&amp;xg_source=msg_share_video</span><span class="tco-ellipsis"><span class="invisible">&nbsp;</span>…</span></a>]]></document>
		<document id="210942823921491969" url="https://twitter.com/susan4ps/status/210942823921491969"><![CDATA[LinkedIn Events: Community-Wide Moment of Silence and Dialogue <a href="http://t.co/sUOkqGe" rel="nofollow" dir="ltr" data-expanded-url="http://linkd.in/KkrIwt" class="twitter-timeline-link" target="_blank" title="http://linkd.in/KkrIwt" ><span class="tco-ellipsis"></span><span class="invisible">http://</span><span class="js-display-url">linkd.in/KkrIwt</span><span class="invisible"></span><span class="tco-ellipsis"><span class="invisible">&nbsp;</span></span></a>]]></document>
		<document id="214877980055437312" url="https://twitter.com/susan4ps/status/214877980055437312"><![CDATA[Just added a new event on Compassionate Seattle <a href="http://t.co/vuggQxz" rel="nofollow" dir="ltr" data-expanded-url="http://ning.it/LXH2CN" class="twitter-timeline-link" target="_blank" title="http://ning.it/LXH2CN" ><span class="tco-ellipsis"></span><span class="invisible">http://</span><span class="js-display-url">ning.it/LXH2CN</span><span class="invisible"></span><span class="tco-ellipsis"><span class="invisible">&nbsp;</span></span></a>]]></document>
		<document id="216035698615136256" url="https://twitter.com/susan4ps/status/216035698615136256"><![CDATA[July 15 in Rainier Beach..join us@ &quot;Compassion and Service  to End Violence&quot; on Compassionate Seattle: <a href="http://t.co/qbPEEAk" rel="nofollow" dir="ltr" data-expanded-url="http://ning.it/O1Yo5u" class="twitter-timeline-link" target="_blank" title="http://ning.it/O1Yo5u" ><span class="tco-ellipsis"></span><span class="invisible">http://</span><span class="js-display-url">ning.it/O1Yo5u</span><span class="invisible"></span><span class="tco-ellipsis"><span class="invisible">&nbsp;</span></span></a>]]></document>
		<document id="216638605832105984" url="https://twitter.com/susan4ps/status/216638605832105984"><![CDATA[Just added a new blog post on Compassionate Seattle <a href="http://t.co/SD6UZEt" rel="nofollow" dir="ltr" data-expanded-url="http://ning.it/Ob2J6G" class="twitter-timeline-link" target="_blank" title="http://ning.it/Ob2J6G" ><span class="tco-ellipsis"></span><span class="invisible">http://</span><span class="js-display-url">ning.it/Ob2J6G</span><span class="invisible"></span><span class="tco-ellipsis"><span class="invisible">&nbsp;</span></span></a>]]></document>
		<document id="218147691794927616" url="https://twitter.com/susan4ps/status/218147691794927616"><![CDATA[Joy is zootunes on a sunny eve<a href="http://t.co/iKSc2gB" class="twitter-timeline-link u-hidden" data-pre-embedded="true" dir="ltr" >pic.twitter.com/iKSc2gB</a>]]></document>
		<document id="221405867478745089" url="https://twitter.com/susan4ps/status/221405867478745089"><![CDATA[Come downtown Monday to show your support: &quot;Social Justice for South Seattle&quot; on Compassionate Seattle: <a href="http://t.co/fUGJMH4" rel="nofollow" dir="ltr" data-expanded-url="http://ning.it/PsHnSY" class="twitter-timeline-link" target="_blank" title="http://ning.it/PsHnSY" ><span class="tco-ellipsis"></span><span class="invisible">http://</span><span class="js-display-url">ning.it/PsHnSY</span><span class="invisible"></span><span class="tco-ellipsis"><span class="invisible">&nbsp;</span></span></a>]]></document>
		<document id="221735025828298752" url="https://twitter.com/susan4ps/status/221735025828298752"><![CDATA[Just added a new blog post on Compassionate Seattle <a href="http://t.co/Oi2s2ZR" rel="nofollow" dir="ltr" data-expanded-url="http://ning.it/N9jH1y" class="twitter-timeline-link" target="_blank" title="http://ning.it/N9jH1y" ><span class="tco-ellipsis"></span><span class="invisible">http://</span><span class="js-display-url">ning.it/N9jH1y</span><span class="invisible"></span><span class="tco-ellipsis"><span class="invisible">&nbsp;</span></span></a>]]></document>
		<document id="22920089295" url="https://twitter.com/susan4ps/status/22920089295"><![CDATA[????   Love you]]></document>
		<document id="229322877944606721" url="https://twitter.com/susan4ps/status/229322877944606721"><![CDATA[Just added a new event on Compassionate Seattle <a href="http://t.co/ozP3WAq" rel="nofollow" dir="ltr" data-expanded-url="http://ning.it/MrqLoR" class="twitter-timeline-link" target="_blank" title="http://ning.it/MrqLoR" ><span class="tco-ellipsis"></span><span class="invisible">http://</span><span class="js-display-url">ning.it/MrqLoR</span><span class="invisible"></span><span class="tco-ellipsis"><span class="invisible">&nbsp;</span></span></a>]]></document>
		<document id="229423996167405570" url="https://twitter.com/susan4ps/status/229423996167405570"><![CDATA[Want yours? Click to get an invite to build your graphical bio on Vizify. <a href="https://t.co/wwBQwiq" rel="nofollow" dir="ltr" data-expanded-url="https://www.vizify.com?t=xovtrax" class="twitter-timeline-link" target="_blank" title="https://www.vizify.com?t=xovtrax" ><span class="tco-ellipsis"></span><span class="invisible">https://www.vizify.com?t=xovtrax</span><span class="js-display-url">vizify.com/?t=xovtrax</span><span class="invisible"></span><span class="tco-ellipsis"><span class="invisible">&nbsp;</span></span></a> via <a href="/vizify" class="twitter-atreply pretty-link js-nav" dir="ltr" data-mentioned-user-id="295513152" ><s>@</s><b>vizify</b></a>]]></document>
		<document id="230104062580908033" url="https://twitter.com/susan4ps/status/230104062580908033"><![CDATA[Compassionate Listening:  2 day - Healing Our World From the Inside Out on Sep 08 <a href="http://t.co/7ITNL6v" rel="nofollow" dir="ltr" data-expanded-url="http://seattle.everyblock.com/neighbor-events/sep08-compassionate-listening-2-day-healing-our-world-from-2106136/" class="twitter-timeline-link" target="_blank" title="http://seattle.everyblock.com/neighbor-events/sep08-compassionate-listening-2-day-healing-our-world-from-2106136/" ><span class="tco-ellipsis"></span><span class="invisible">http://</span><span class="js-display-url">seattle.everyblock.com/neighbor-event</span><span class="invisible">s/sep08-compassionate-listening-2-day-healing-our-world-from-2106136/</span><span class="tco-ellipsis"><span class="invisible">&nbsp;</span>…</span></a> via @ebseattle]]></document>
		<document id="231474360106504192" url="https://twitter.com/susan4ps/status/231474360106504192"><![CDATA[Why King County doesn&#39;t need a new juvenile hall <a href="http://t.co/gTIKQx4" rel="nofollow" dir="ltr" data-expanded-url="http://www.seattleglobalist.com/2012/08/03/why-king-county-doesnt-need-a-new-juvenile-hall/5715" class="twitter-timeline-link" target="_blank" title="http://www.seattleglobalist.com/2012/08/03/why-king-county-doesnt-need-a-new-juvenile-hall/5715" ><span class="tco-ellipsis"></span><span class="invisible">http://www.</span><span class="js-display-url">seattleglobalist.com/2012/08/03/why</span><span class="invisible">-king-county-doesnt-need-a-new-juvenile-hall/5715</span><span class="tco-ellipsis"><span class="invisible">&nbsp;</span>…</span></a> via <a href="/SeaGlobalist" class="twitter-atreply pretty-link js-nav" dir="ltr" data-mentioned-user-id="377528117" ><s>@</s><b>SeaGlobalist</b></a>]]></document>
		<document id="2351862397" url="https://twitter.com/susan4ps/status/2351862397"><![CDATA[Have fun and great weather]]></document>
		<document id="236209617791770625" url="https://twitter.com/susan4ps/status/236209617791770625"><![CDATA[Fierce Compassion <a href="http://t.co/Gmy4Kux" rel="nofollow" dir="ltr" data-expanded-url="http://huff.to/RQJQ9x" class="twitter-timeline-link" target="_blank" title="http://huff.to/RQJQ9x" ><span class="tco-ellipsis"></span><span class="invisible">http://</span><span class="js-display-url">huff.to/RQJQ9x</span><span class="invisible"></span><span class="tco-ellipsis"><span class="invisible">&nbsp;</span></span></a> via <a href="/HuffPostRelig" class="twitter-atreply pretty-link js-nav" dir="ltr" data-mentioned-user-id="117189136" ><s>@</s><b>HuffPostRelig</b></a>  Learn to Compassionately Listen at our Seattle session<a href="http://t.co/BOmie3q" rel="nofollow" dir="ltr" data-expanded-url="http://september2012intensive.eventbrite.com/" class="twitter-timeline-link u-hidden" target="_blank" title="http://september2012intensive.eventbrite.com/" ><span class="tco-ellipsis"></span><span class="invisible">http://</span><span class="js-display-url">september2012intensive.eventbrite.com</span><span class="invisible">/</span><span class="tco-ellipsis"><span class="invisible">&nbsp;</span></span></a>]]></document>
		<document id="236856612650897408" url="https://twitter.com/susan4ps/status/236856612650897408"><![CDATA[Too depressing to imagine a Romney win. Get engaged voters! <a href="http://t.co/1Bj9oHC" rel="nofollow" dir="ltr" data-expanded-url="http://front.moveon.org/this-video-might-stop-romney-from-becoming-president/?rc=emailac" class="twitter-timeline-link" target="_blank" title="http://front.moveon.org/this-video-might-stop-romney-from-becoming-president/?rc=emailac" ><span class="tco-ellipsis"></span><span class="invisible">http://</span><span class="js-display-url">front.moveon.org/this-video-mig</span><span class="invisible">ht-stop-romney-from-becoming-president/?rc=emailac</span><span class="tco-ellipsis"><span class="invisible">&nbsp;</span>…</span></a>]]></document>
		<document id="239032484392755200" url="https://twitter.com/susan4ps/status/239032484392755200"><![CDATA[Everyone around you needs to see this video <a href="/RBReich" class="twitter-atreply pretty-link js-nav" dir="ltr" data-mentioned-user-id="148529707" ><s>@</s><b>RBReich</b></a> dropped everything for: <a href="http://t.co/1OMv2JI" rel="nofollow" dir="ltr" data-expanded-url="http://bit.ly/PGTvLU" class="twitter-timeline-link" target="_blank" title="http://bit.ly/PGTvLU" ><span class="tco-ellipsis"></span><span class="invisible">http://</span><span class="js-display-url">bit.ly/PGTvLU</span><span class="invisible"></span><span class="tco-ellipsis"><span class="invisible">&nbsp;</span></span></a> via <a href="/MoveOn" class="twitter-atreply pretty-link js-nav" dir="ltr" data-mentioned-user-id="26657119" ><s>@</s><b>moveon</b></a> <a href="/paulryanvp" class="twitter-atreply pretty-link js-nav" dir="ltr" data-mentioned-user-id="1158092936" ><s>@</s><b>PaulRyanVP</b></a> <a href="/MittRomney" class="twitter-atreply pretty-link js-nav" dir="ltr" data-mentioned-user-id="50055701" ><s>@</s><b>MittRomney</b></a>]]></document>
		<document id="241270893756706816" url="https://twitter.com/susan4ps/status/241270893756706816"><![CDATA[Rock on! <a href="https://t.co/UFH0eOI" rel="nofollow" dir="ltr" data-expanded-url="https://m.facebook.com/photo.php?fbid=486524998024911&amp;set=vxywtia.1346350747.1346350748.449228458421232&amp;type=1&amp;src=email_notif#!/home.php?__user=659683957" class="twitter-timeline-link" target="_blank" title="https://m.facebook.com/photo.php?fbid=486524998024911&amp;set=vxywtia.1346350747.1346350748.449228458421232&amp;type=1&amp;src=email_notif#!/home.php?__user=659683957" ><span class="tco-ellipsis"></span><span class="invisible">https://</span><span class="js-display-url">m.facebook.com/photo.php?fbid</span><span class="invisible">=486524998024911&amp;set=vxywtia.1346350747.1346350748.449228458421232&amp;type=1&amp;src=email_notif#!/home.php?__user=659683957</span><span class="tco-ellipsis"><span class="invisible">&nbsp;</span>…</span></a>]]></document>
		<document id="246684845974106112" url="https://twitter.com/susan4ps/status/246684845974106112"><![CDATA[Seattle area friends:  Please come to Seattle Center for a  Conversation Cafe on Creating Compassion in our Community - <a href="http://t.co/jsMTsSd" rel="nofollow" dir="ltr" data-expanded-url="http://tinyurl.com/9u8zzeo" class="twitter-timeline-link" target="_blank" title="http://tinyurl.com/9u8zzeo" ><span class="tco-ellipsis"></span><span class="invisible">http://</span><span class="js-display-url">tinyurl.com/9u8zzeo</span><span class="invisible"></span><span class="tco-ellipsis"><span class="invisible">&nbsp;</span></span></a>]]></document>
		<document id="249934267386318848" url="https://twitter.com/susan4ps/status/249934267386318848"><![CDATA[Just added a new event on Compassionate Seattle <a href="http://t.co/R25NHgy" rel="nofollow" dir="ltr" data-expanded-url="http://ning.it/ONvkQb" class="twitter-timeline-link" target="_blank" title="http://ning.it/ONvkQb" ><span class="tco-ellipsis"></span><span class="invisible">http://</span><span class="js-display-url">ning.it/ONvkQb</span><span class="invisible"></span><span class="tco-ellipsis"><span class="invisible">&nbsp;</span></span></a>]]></document>
		<document id="249941453067931648" url="https://twitter.com/susan4ps/status/249941453067931648"><![CDATA[Just added a new event on Compassionate Seattle <a href="http://t.co/cMkuM8C" rel="nofollow" dir="ltr" data-expanded-url="http://ning.it/OThvda" class="twitter-timeline-link" target="_blank" title="http://ning.it/OThvda" ><span class="tco-ellipsis"></span><span class="invisible">http://</span><span class="js-display-url">ning.it/OThvda</span><span class="invisible"></span><span class="tco-ellipsis"><span class="invisible">&nbsp;</span></span></a>]]></document>
		<document id="252795342117019648" url="https://twitter.com/susan4ps/status/252795342117019648"><![CDATA[Aurora theater shooting survivor demands a plan from Obama and Romney to end gun violence: <a href="http://t.co/AeKZOID" rel="nofollow" dir="ltr" data-expanded-url="http://www.demandaplan.org/aurora-share" class="twitter-timeline-link" target="_blank" title="http://www.demandaplan.org/aurora-share" ><span class="tco-ellipsis"></span><span class="invisible">http://www.</span><span class="js-display-url">demandaplan.org/aurora-share</span><span class="invisible"></span><span class="tco-ellipsis"><span class="invisible">&nbsp;</span></span></a>]]></document>
		<document id="257955045314809856" url="https://twitter.com/susan4ps/status/257955045314809856"><![CDATA[Mon Nov 5 Restorative Circles workshop: creating community based empowered conflict resolution systems <a href="http://t.co/DzudDgD" rel="nofollow" dir="ltr" data-expanded-url="http://linkd.in/zZlgPh" class="twitter-timeline-link" target="_blank" title="http://linkd.in/zZlgPh" ><span class="tco-ellipsis"></span><span class="invisible">http://</span><span class="js-display-url">linkd.in/zZlgPh</span><span class="invisible"></span><span class="tco-ellipsis"><span class="invisible">&nbsp;</span></span></a>]]></document>
		<document id="261116546234060800" url="https://twitter.com/susan4ps/status/261116546234060800"><![CDATA[Just added a new event on Compassionate Seattle <a href="http://t.co/exVY3Et" rel="nofollow" dir="ltr" data-expanded-url="http://ning.it/QX2hVM" class="twitter-timeline-link" target="_blank" title="http://ning.it/QX2hVM" ><span class="tco-ellipsis"></span><span class="invisible">http://</span><span class="js-display-url">ning.it/QX2hVM</span><span class="invisible"></span><span class="tco-ellipsis"><span class="invisible">&nbsp;</span></span></a>]]></document>
		<document id="270711617166143489" url="https://twitter.com/susan4ps/status/270711617166143489"><![CDATA[Tell <a href="/BarackObama" class="twitter-atreply pretty-link js-nav" dir="ltr" data-mentioned-user-id="813286" ><s>@</s><b>BarackObama</b></a> thank you for trying to achieve a ceasefire in Gaza, and ask him to keep it up with <a href="/jstreetdotorg" class="twitter-atreply pretty-link js-nav" dir="ltr" data-mentioned-user-id="14811485" ><s>@</s><b>jstreetdotorg</b></a> <a href="http://t.co/aiUTKK9" rel="nofollow" dir="ltr" data-expanded-url="http://bit.ly/XSF7aD" class="twitter-timeline-link" target="_blank" title="http://bit.ly/XSF7aD" ><span class="tco-ellipsis"></span><span class="invisible">http://</span><span class="js-display-url">bit.ly/XSF7aD</span><span class="invisible"></span><span class="tco-ellipsis"><span class="invisible">&nbsp;</span></span></a>]]></document>
		<document id="270734172803440640" url="https://twitter.com/susan4ps/status/270734172803440640"><![CDATA[Please join us and give yourself a wonderful gift this holiday season:  cultivate compassion and forgiveness for yours…<a href="http://t.co/XEZRROv" rel="nofollow" dir="ltr" data-expanded-url="http://lnkd.in/qHB7Ki" class="twitter-timeline-link" target="_blank" title="http://lnkd.in/qHB7Ki" ><span class="tco-ellipsis"></span><span class="invisible">http://</span><span class="js-display-url">lnkd.in/qHB7Ki</span><span class="invisible"></span><span class="tco-ellipsis"><span class="invisible">&nbsp;</span></span></a>]]></document>
		<document id="270972720081145856" url="https://twitter.com/susan4ps/status/270972720081145856"><![CDATA[Compassionate Listening: Seattle 2 day Basic Intensive - Healing Our World From the Inside Out <a href="http://t.co/XEZRROv" rel="nofollow" dir="ltr" data-expanded-url="http://lnkd.in/qHB7Ki" class="twitter-timeline-link" target="_blank" title="http://lnkd.in/qHB7Ki" ><span class="tco-ellipsis"></span><span class="invisible">http://</span><span class="js-display-url">lnkd.in/qHB7Ki</span><span class="invisible"></span><span class="tco-ellipsis"><span class="invisible">&nbsp;</span></span></a>]]></document>
		<document id="274192130149322754" url="https://twitter.com/susan4ps/status/274192130149322754"><![CDATA[<a href="http://t.co/HXp32To" rel="nofollow" dir="ltr" data-expanded-url="http://lnkd.in/k45eXr" class="twitter-timeline-link" target="_blank" title="http://lnkd.in/k45eXr" ><span class="tco-ellipsis"></span><span class="invisible">http://</span><span class="js-display-url">lnkd.in/k45eXr</span><span class="invisible"></span><span class="tco-ellipsis"><span class="invisible">&nbsp;</span></span></a> I have been teaching deep listening at Swedish healthcare system and Providence as well including large groups......]]></document>
		<document id="275641977243066368" url="https://twitter.com/susan4ps/status/275641977243066368"><![CDATA[UNO Roboto -- The Grandma: FUN!!  especially since it&#39;s my sister Elaine!   <a href="http://t.co/9UTBgSg" rel="nofollow" dir="ltr" data-expanded-url="http://youtu.be/4zjP1g3jttQ" class="twitter-timeline-link" target="_blank" title="http://youtu.be/4zjP1g3jttQ" ><span class="tco-ellipsis"></span><span class="invisible">http://</span><span class="js-display-url">youtu.be/4zjP1g3jttQ</span><span class="invisible"></span><span class="tco-ellipsis"><span class="invisible">&nbsp;</span></span></a> via <a href="/YouTube" class="twitter-atreply pretty-link js-nav" dir="ltr" data-mentioned-user-id="10228272" ><s>@</s><b>youtube</b></a>]]></document>
		<document id="277180617731489793" url="https://twitter.com/susan4ps/status/277180617731489793"><![CDATA[Tell Ugandan Pres <a href="/KagutaMuseveni" class="twitter-atreply pretty-link js-nav" dir="ltr" data-mentioned-user-id="126955629" ><s>@</s><b>KagutaMuseveni</b></a>: Uphold the Constitution &amp; veto &quot;Kill the Gays&quot; bill. <a href="http://t.co/nwNe083" rel="nofollow" dir="ltr" data-expanded-url="http://bit.ly/U3drs9" class="twitter-timeline-link" target="_blank" title="http://bit.ly/U3drs9" ><span class="tco-ellipsis"></span><span class="invisible">http://</span><span class="js-display-url">bit.ly/U3drs9</span><span class="invisible"></span><span class="tco-ellipsis"><span class="invisible">&nbsp;</span></span></a> <a href="/hashtag/p2?src=hash" data-query-source="hashtag_click" class="twitter-hashtag pretty-link js-nav" dir="ltr" ><s>#</s><b>p2</b></a> via <a href="/CREDOMobile" class="twitter-atreply pretty-link js-nav" dir="ltr" data-mentioned-user-id="14630443" ><s>@</s><b>CREDOMobile</b></a> <a href="/dailykos" class="twitter-atreply pretty-link js-nav" dir="ltr" data-mentioned-user-id="20818801" ><s>@</s><b>DailyKos</b></a>]]></document>
		<document id="289780187443372032" url="https://twitter.com/susan4ps/status/289780187443372032"><![CDATA[Tell Senate: Don&#39;t let the Obama Administration&#39;s &quot;Assassination Czar&quot; run the CIA! <a href="http://t.co/fJCLN9d" rel="nofollow" dir="ltr" data-expanded-url="http://act.demandprogress.org/act/brennan/?referring_akid=.1818061.6R_pvV&amp;source=typ-tw" class="twitter-timeline-link" target="_blank" title="http://act.demandprogress.org/act/brennan/?referring_akid=.1818061.6R_pvV&amp;source=typ-tw" ><span class="tco-ellipsis"></span><span class="invisible">http://</span><span class="js-display-url">act.demandprogress.org/act/brennan/?r</span><span class="invisible">eferring_akid=.1818061.6R_pvV&amp;source=typ-tw</span><span class="tco-ellipsis"><span class="invisible">&nbsp;</span>…</span></a> via <a href="/demandprogress" class="twitter-atreply pretty-link js-nav" dir="ltr" data-mentioned-user-id="188809568" ><s>@</s><b>demandprogress</b></a>]]></document>
		<document id="289782399959711744" url="https://twitter.com/susan4ps/status/289782399959711744"><![CDATA[NRA: Stop Helping Human Rights Abusers Get Weapons! - Act w/ <a href="/amnesty" class="twitter-atreply pretty-link js-nav" dir="ltr" data-mentioned-user-id="16153562" ><s>@</s><b>Amnesty</b></a> <a href="http://t.co/UXfLXkM" rel="nofollow" dir="ltr" data-expanded-url="http://bit.ly/Wvka1U" class="twitter-timeline-link" target="_blank" title="http://bit.ly/Wvka1U" ><span class="tco-ellipsis"></span><span class="invisible">http://</span><span class="js-display-url">bit.ly/Wvka1U</span><span class="invisible"></span><span class="tco-ellipsis"><span class="invisible">&nbsp;</span></span></a>]]></document>
		<document id="290881808613117952" url="https://twitter.com/susan4ps/status/290881808613117952"><![CDATA[Tell the Senate: Support a ban on assault weapons. <a href="http://t.co/mxYBRDW" rel="nofollow" dir="ltr" data-expanded-url="http://bit.ly/TZZbXW" class="twitter-timeline-link" target="_blank" title="http://bit.ly/TZZbXW" ><span class="tco-ellipsis"></span><span class="invisible">http://</span><span class="js-display-url">bit.ly/TZZbXW</span><span class="invisible"></span><span class="tco-ellipsis"><span class="invisible">&nbsp;</span></span></a> <a href="/hashtag/p2?src=hash" data-query-source="hashtag_click" class="twitter-hashtag pretty-link js-nav" dir="ltr" ><s>#</s><b>p2</b></a> <a href="/hashtag/standdownNRA?src=hash" data-query-source="hashtag_click" class="twitter-hashtag pretty-link js-nav" dir="ltr" ><s>#</s><b>standdownNRA</b></a> via <a href="/CREDOMobile" class="twitter-atreply pretty-link js-nav" dir="ltr" data-mentioned-user-id="14630443" ><s>@</s><b>CREDOMobile</b></a>]]></document>
		<document id="291326959051472897" url="https://twitter.com/susan4ps/status/291326959051472897"><![CDATA[Include a talking filibuster in any package of Senate rules reforms <a href="http://t.co/NR049p7" rel="nofollow" dir="ltr" data-expanded-url="http://signon.org/s/m1FuTf" class="twitter-timeline-link" target="_blank" title="http://signon.org/s/m1FuTf" ><span class="tco-ellipsis"></span><span class="invisible">http://</span><span class="js-display-url">signon.org/s/m1FuTf</span><span class="invisible"></span><span class="tco-ellipsis"><span class="invisible">&nbsp;</span></span></a> <a href="/SignOn" class="twitter-atreply pretty-link js-nav" dir="ltr" data-mentioned-user-id="404454627" ><s>@</s><b>signon</b></a>]]></document>
		<document id="314758561253183488" url="https://twitter.com/susan4ps/status/314758561253183488"><![CDATA[Compassionate Listening workshop in Seattle this weekend! Plus dates for rest of year: <a href="http://t.co/b8mNVmTgjG" rel="nofollow" dir="ltr" data-expanded-url="http://lnkd.in/wJ_BTq" class="twitter-timeline-link" target="_blank" title="http://lnkd.in/wJ_BTq" ><span class="tco-ellipsis"></span><span class="invisible">http://</span><span class="js-display-url">lnkd.in/wJ_BTq</span><span class="invisible"></span><span class="tco-ellipsis"><span class="invisible">&nbsp;</span></span></a>]]></document>
		<document id="323448736627974144" url="https://twitter.com/susan4ps/status/323448736627974144"><![CDATA[Clock is ticking on  final comment period to urge <a href="/BarackObama" class="twitter-atreply pretty-link js-nav" dir="ltr" data-mentioned-user-id="813286" ><s>@</s><b>BarackObama</b></a> to reject Keystone XL.Take action now: <a href="http://t.co/HWMr84JIm7" rel="nofollow" dir="ltr" data-expanded-url="http://bit.ly/11dTS8k" class="twitter-timeline-link" target="_blank" title="http://bit.ly/11dTS8k" ><span class="tco-ellipsis"></span><span class="invisible">http://</span><span class="js-display-url">bit.ly/11dTS8k</span><span class="invisible"></span><span class="tco-ellipsis"><span class="invisible">&nbsp;</span></span></a> <a href="/CREDOMobile" class="twitter-atreply pretty-link js-nav" dir="ltr" data-mentioned-user-id="14630443" ><s>@</s><b>CREDOMobile</b></a>]]></document>
		<document id="328316042503921665" url="https://twitter.com/susan4ps/status/328316042503921665"><![CDATA[Just added a new event on Compassionate Seattle <a href="http://t.co/MAZlLrx6Ou" rel="nofollow" dir="ltr" data-expanded-url="http://ning.it/10JWPjI" class="twitter-timeline-link" target="_blank" title="http://ning.it/10JWPjI" ><span class="tco-ellipsis"></span><span class="invisible">http://</span><span class="js-display-url">ning.it/10JWPjI</span><span class="invisible"></span><span class="tco-ellipsis"><span class="invisible">&nbsp;</span></span></a>]]></document>
		<document id="334857753183010816" url="https://twitter.com/susan4ps/status/334857753183010816"><![CDATA[I participated in <a href="/hashtag/GiveBIG?src=hash" data-query-source="hashtag_click" class="twitter-hashtag pretty-link js-nav" dir="ltr" ><s>#</s><b>GiveBIG</b></a> today to support local nonprofits and stretched my donation. You can too! <a href="http://t.co/kKVCJ3YABL" rel="nofollow" dir="ltr" data-expanded-url="http://www.seattlefoundation.org/GiveBIG" class="twitter-timeline-link" target="_blank" title="http://www.seattlefoundation.org/GiveBIG" ><span class="tco-ellipsis"></span><span class="invisible">http://www.</span><span class="js-display-url">seattlefoundation.org/GiveBIG</span><span class="invisible"></span><span class="tco-ellipsis"><span class="invisible">&nbsp;</span></span></a>]]></document>
		<document id="374597967639891969" url="https://twitter.com/susan4ps/status/374597967639891969"><![CDATA[I just signed a petition to name extreme storms after policy makers who deny climate change. <a href="http://t.co/Gq3YwolwIy" rel="nofollow" dir="ltr" data-expanded-url="http://climatenamechange.org" class="twitter-timeline-link" target="_blank" title="http://climatenamechange.org" ><span class="tco-ellipsis"></span><span class="invisible">http://</span><span class="js-display-url">climatenamechange.org</span><span class="invisible"></span><span class="tco-ellipsis"><span class="invisible">&nbsp;</span></span></a> <a href="/hashtag/ClimateNameChange?src=hash" data-query-source="hashtag_click" class="twitter-hashtag pretty-link js-nav" dir="ltr" ><s>#</s><b>ClimateNameChange</b></a>]]></document>
		<document id="376248450561495040" url="https://twitter.com/susan4ps/status/376248450561495040"><![CDATA[Join for fun and inspiration! Dance, kirtan &amp; Sister Lucy of Maher 9.26.13 at 7:00 pm Good Shepherd Center Seattle <a href="http://t.co/i1QTnDFNnl" rel="nofollow" dir="ltr" data-expanded-url="http://ning.it/14sqvn4" class="twitter-timeline-link" target="_blank" title="http://ning.it/14sqvn4" ><span class="tco-ellipsis"></span><span class="invisible">http://</span><span class="js-display-url">ning.it/14sqvn4</span><span class="invisible"></span><span class="tco-ellipsis"><span class="invisible">&nbsp;</span></span></a>]]></document>
		<document id="376535177196867584" url="https://twitter.com/susan4ps/status/376535177196867584"><![CDATA[&quot;Seattle meets Sister Lucy &amp; Maher&#39;s Healing Use of the Arts&quot; Sept 26 in Seattle -Kirtan + Bollywood dance lessons <a href="http://t.co/o6JfLtzwZO" rel="nofollow" dir="ltr" data-expanded-url="http://ning.it/14uzm7Q" class="twitter-timeline-link" target="_blank" title="http://ning.it/14uzm7Q" ><span class="tco-ellipsis"></span><span class="invisible">http://</span><span class="js-display-url">ning.it/14uzm7Q</span><span class="invisible"></span><span class="tco-ellipsis"><span class="invisible">&nbsp;</span></span></a>]]></document>
		<document id="377150207881777152" url="https://twitter.com/susan4ps/status/377150207881777152"><![CDATA[Seattle meets Sister Lucy &amp; Maher&#39;s Healing Use of the Arts ... plus Bollywood dancing! <a href="http://t.co/BMWiLy5ay5" rel="nofollow" dir="ltr" data-expanded-url="http://www.seattleglobalist.com/event/seattle-meets-sister-lucy-mahers-healing-use-of-the-arts-plus-bollywood-dancing" class="twitter-timeline-link" target="_blank" title="http://www.seattleglobalist.com/event/seattle-meets-sister-lucy-mahers-healing-use-of-the-arts-plus-bollywood-dancing" ><span class="tco-ellipsis"></span><span class="invisible">http://www.</span><span class="js-display-url">seattleglobalist.com/event/seattle-</span><span class="invisible">meets-sister-lucy-mahers-healing-use-of-the-arts-plus-bollywood-dancing</span><span class="tco-ellipsis"><span class="invisible">&nbsp;</span>…</span></a> via <a href="/SeaGlobalist" class="twitter-atreply pretty-link js-nav" dir="ltr" data-mentioned-user-id="377528117" ><s>@</s><b>SeaGlobalist</b></a>]]></document>
		<document id="377673707474661376" url="https://twitter.com/susan4ps/status/377673707474661376"><![CDATA[Restorative Circles workshop 9.18.13 at Center for Spiritual Living. <a href="http://t.co/woFki5WQU1" rel="nofollow" dir="ltr" data-expanded-url="http://ning.it/15Q2BNf" class="twitter-timeline-link" target="_blank" title="http://ning.it/15Q2BNf" ><span class="tco-ellipsis"></span><span class="invisible">http://</span><span class="js-display-url">ning.it/15Q2BNf</span><span class="invisible"></span><span class="tco-ellipsis"><span class="invisible">&nbsp;</span></span></a>]]></document>
		<document id="378598172865482753" url="https://twitter.com/susan4ps/status/378598172865482753"><![CDATA[<a href="/petersessum" class="twitter-atreply pretty-link js-nav" dir="ltr" data-mentioned-user-id="127245277" ><s>@</s><b>petersessum</b></a> i was at <a href="/KING5Seattle" class="twitter-atreply pretty-link js-nav" dir="ltr" data-mentioned-user-id="19430999" ><s>@</s><b>KING5Seattle</b></a> in the <a href="/KING5NewDayNW" class="twitter-atreply pretty-link js-nav" dir="ltr" data-mentioned-user-id="111674155" ><s>@</s><b>KING5NewDayNW</b></a> audience too! Great segment on <a href="/hashtag/compassiongames?src=hash" data-query-source="hashtag_click" class="twitter-hashtag pretty-link js-nav" dir="ltr" ><s>#</s><b>compassiongames</b></a>]]></document>
		<document id="378747155474694145" url="https://twitter.com/susan4ps/status/378747155474694145"><![CDATA[<a href="/petersessum" class="twitter-atreply pretty-link js-nav" dir="ltr" data-mentioned-user-id="127245277" ><s>@</s><b>petersessum</b></a> <a href="/susan4ps" class="twitter-atreply pretty-link js-nav" dir="ltr" data-mentioned-user-id="29655352" ><s>@</s><b>susan4ps</b></a> <a href="/petersessum" class="twitter-atreply pretty-link js-nav" dir="ltr" data-mentioned-user-id="127245277" ><s>@</s><b>petersessum</b></a> <a href="/KING5Seattle" class="twitter-atreply pretty-link js-nav" dir="ltr" data-mentioned-user-id="19430999" ><s>@</s><b>KING5Seattle</b></a> <a href="/KING5NewDayNW" class="twitter-atreply pretty-link js-nav" dir="ltr" data-mentioned-user-id="111674155" ><s>@</s><b>KING5NewDayNW</b></a>]]></document>
		<document id="379762816099422209" url="https://twitter.com/susan4ps/status/379762816099422209"><![CDATA[VolunteerMatch - Meet Sister Lucy in Seattle: help set up Sept 25 in Seattle <a href="http://t.co/LLdS4x639k" rel="nofollow" dir="ltr" data-expanded-url="http://www.volunteermatch.org/search/opp1469766.jsp#.UjehJ1guVcM.twitter" class="twitter-timeline-link" target="_blank" title="http://www.volunteermatch.org/search/opp1469766.jsp#.UjehJ1guVcM.twitter" ><span class="tco-ellipsis"></span><span class="invisible">http://www.</span><span class="js-display-url">volunteermatch.org/search/opp1469</span><span class="invisible">766.jsp#.UjehJ1guVcM.twitter</span><span class="tco-ellipsis"><span class="invisible">&nbsp;</span>…</span></a> <a href="/hashtag/VolunTweet?src=hash" data-query-source="hashtag_click" class="twitter-hashtag pretty-link js-nav" dir="ltr" ><s>#</s><b>VolunTweet</b></a>]]></document>
		<document id="380369612832899072" url="https://twitter.com/susan4ps/status/380369612832899072"><![CDATA[Bollywood fun! Sr Lucy inspiration! TH 9/25 seattle <a href="https://t.co/biK0TtNUO8" rel="nofollow" dir="ltr" data-expanded-url="https://www.facebook.com/events/567479959985031/" class="twitter-timeline-link" target="_blank" title="https://www.facebook.com/events/567479959985031/" ><span class="tco-ellipsis"></span><span class="invisible">https://www.</span><span class="js-display-url">facebook.com/events/5674799</span><span class="invisible">59985031/</span><span class="tco-ellipsis"><span class="invisible">&nbsp;</span>…</span></a>]]></document>
		<document id="380713599519322112" url="https://twitter.com/susan4ps/status/380713599519322112"><![CDATA[<a href="http://t.co/0KEYvccQw9" rel="nofollow" dir="ltr" data-expanded-url="http://bpt.me/472123" class="twitter-timeline-link" target="_blank" title="http://bpt.me/472123" ><span class="tco-ellipsis"></span><span class="invisible">http://</span><span class="js-display-url">bpt.me/472123</span><span class="invisible"></span><span class="tco-ellipsis"><span class="invisible">&nbsp;</span></span></a> - Sign up now to Meet Sister Lucy in Seattle: Maher&amp;#39;s Model of Hope for Oppressed Women &amp; Children !]]></document>
		<document id="381262625541074944" url="https://twitter.com/susan4ps/status/381262625541074944"><![CDATA[Redmond siblings a dynamic duo fighting for immigration reform <a href="http://t.co/v48hA5BMH3" rel="nofollow" dir="ltr" data-expanded-url="http://www.seattleglobalist.com/2013/09/20/redmond-siblings-a-dynamic-duo-fighting-for-immigration-reform/16193" class="twitter-timeline-link" target="_blank" title="http://www.seattleglobalist.com/2013/09/20/redmond-siblings-a-dynamic-duo-fighting-for-immigration-reform/16193" ><span class="tco-ellipsis"></span><span class="invisible">http://www.</span><span class="js-display-url">seattleglobalist.com/2013/09/20/red</span><span class="invisible">mond-siblings-a-dynamic-duo-fighting-for-immigration-reform/16193</span><span class="tco-ellipsis"><span class="invisible">&nbsp;</span>…</span></a> via <a href="/SeaGlobalist" class="twitter-atreply pretty-link js-nav" dir="ltr" data-mentioned-user-id="377528117" ><s>@</s><b>SeaGlobalist</b></a>]]></document>
		<document id="382290901860495360" url="https://twitter.com/susan4ps/status/382290901860495360"><![CDATA[Indian Nun brings fresh approach to domestic violence to Seattle <a href="http://t.co/BYtVQxi3NI" rel="nofollow" dir="ltr" data-expanded-url="http://www.seattleglobalist.com/2013/09/23/indian-nun-domestic-violence-seattle/16634" class="twitter-timeline-link" target="_blank" title="http://www.seattleglobalist.com/2013/09/23/indian-nun-domestic-violence-seattle/16634" ><span class="tco-ellipsis"></span><span class="invisible">http://www.</span><span class="js-display-url">seattleglobalist.com/2013/09/23/ind</span><span class="invisible">ian-nun-domestic-violence-seattle/16634</span><span class="tco-ellipsis"><span class="invisible">&nbsp;</span>…</span></a> via <a href="/SeaGlobalist" class="twitter-atreply pretty-link js-nav" dir="ltr" data-mentioned-user-id="377528117" ><s>@</s><b>SeaGlobalist</b></a>]]></document>
		<document id="394647496103694336" url="https://twitter.com/susan4ps/status/394647496103694336"><![CDATA[Check out &quot;Compassionate Listening Intensive: Healing the World from the Inside Out&quot; <a href="http://t.co/IEE3JrYQYd" rel="nofollow" dir="ltr" data-expanded-url="http://december2013intensive-estw.eventbrite.com" class="twitter-timeline-link" target="_blank" title="http://december2013intensive-estw.eventbrite.com" ><span class="tco-ellipsis">…</span><span class="invisible">http://dece</span><span class="js-display-url">mber2013intensive-estw.eventbrite.com</span><span class="invisible"></span><span class="tco-ellipsis"><span class="invisible">&nbsp;</span></span></a> via <a href="/eventbrite" class="twitter-atreply pretty-link js-nav" dir="ltr" data-mentioned-user-id="5625972" ><s>@</s><b>eventbrite</b></a>]]></document>
		<document id="402599858000764928" url="https://twitter.com/susan4ps/status/402599858000764928"><![CDATA[Only 1 in 10 engineers are women. We should probably fix that. <a href="/goldieblox" class="twitter-atreply pretty-link js-nav" dir="ltr" data-mentioned-user-id="514646075" ><s>@</s><b>goldieblox</b></a> has 1 idea how. (via <a href="/Upworthy" class="twitter-atreply pretty-link js-nav" dir="ltr" data-mentioned-user-id="524396430" ><s>@</s><b>Upworthy</b></a>)<a href="http://t.co/W7xxd4IFfY" rel="nofollow" dir="ltr" data-expanded-url="http://www.upworthy.com/if-3-little-girls-did-this-to-my-house-id-do-everything-i-could-to-get-them-full-rides-to-harvard-am2-8a?g=2" class="twitter-timeline-link u-hidden" target="_blank" title="http://www.upworthy.com/if-3-little-girls-did-this-to-my-house-id-do-everything-i-could-to-get-them-full-rides-to-harvard-am2-8a?g=2" ><span class="tco-ellipsis"></span><span class="invisible">http://www.</span><span class="js-display-url">upworthy.com/if-3-little-gi</span><span class="invisible">rls-did-this-to-my-house-id-do-everything-i-could-to-get-them-full-rides-to-harvard-am2-8a?g=2</span><span class="tco-ellipsis"><span class="invisible">&nbsp;</span>…</span></a>]]></document>
		<document id="403271422685892608" url="https://twitter.com/susan4ps/status/403271422685892608"><![CDATA[My life is enhanced as yours will be:&quot;Compassionate Listening -Healing the World from Inside Out&quot; <a href="http://t.co/HyiqUB3Th2" rel="nofollow" dir="ltr" data-expanded-url="http://december2013intensive.eventbrite.com/?aff=estw" class="twitter-timeline-link" target="_blank" title="http://december2013intensive.eventbrite.com/?aff=estw" ><span class="tco-ellipsis"></span><span class="invisible">http://</span><span class="js-display-url">december2013intensive.eventbrite.com/?aff=estw</span><span class="invisible"></span><span class="tco-ellipsis"><span class="invisible">&nbsp;</span></span></a> via <a href="/eventbrite" class="twitter-atreply pretty-link js-nav" dir="ltr" data-mentioned-user-id="5625972" ><s>@</s><b>eventbrite</b></a>]]></document>
		<document id="416808487956385792" url="https://twitter.com/susan4ps/status/416808487956385792"><![CDATA[Meet my hero Sister Lucy who  Saves Thousands  from Domestic Violence in India <a href="http://t.co/sX64nwUkNr" rel="nofollow" dir="ltr" data-expanded-url="http://www.yesmagazine.org/peace-justice/after-this-indian-nun-witnessed-a-womans-murder-she-saved-thousands-more-from-domestic-violence?ica=Tweet&amp;icl=ShareBar_Art_UR" class="twitter-timeline-link" target="_blank" title="http://www.yesmagazine.org/peace-justice/after-this-indian-nun-witnessed-a-womans-murder-she-saved-thousands-more-from-domestic-violence?ica=Tweet&amp;icl=ShareBar_Art_UR" ><span class="tco-ellipsis"></span><span class="invisible">http://www.</span><span class="js-display-url">yesmagazine.org/peace-justice/</span><span class="invisible">after-this-indian-nun-witnessed-a-womans-murder-she-saved-thousands-more-from-domestic-violence?ica=Tweet&amp;icl=ShareBar_Art_UR</span><span class="tco-ellipsis"><span class="invisible">&nbsp;</span>…</span></a>]]></document>
		<document id="62179607188742145" url="https://twitter.com/susan4ps/status/62179607188742145"><![CDATA[Multimedia presentation on launch of Liberia Peacebuilder Initiative Wed May 11 7pm @ University Friends Meeting  - plus drumming!]]></document>
		<document id="63750255585406976" url="https://twitter.com/susan4ps/status/63750255585406976"><![CDATA[Team Members: volunteer coordinator, outreach, communications <a href="http://t.co/Jq2RnOI" rel="nofollow" dir="ltr" data-expanded-url="http://www.volunteermatch.org/search/opp262124.jsp?sms_ss=twitter&amp;at_xt=4db9fb40484706e4,0" class="twitter-timeline-link" target="_blank" title="http://www.volunteermatch.org/search/opp262124.jsp?sms_ss=twitter&amp;at_xt=4db9fb40484706e4,0" ><span class="tco-ellipsis"></span><span class="invisible">http://www.</span><span class="js-display-url">volunteermatch.org/search/opp2621</span><span class="invisible">24.jsp?sms_ss=twitter&amp;at_xt=4db9fb40484706e4,0</span><span class="tco-ellipsis"><span class="invisible">&nbsp;</span>…</span></a> via <a href="/addthis" class="twitter-atreply pretty-link js-nav" dir="ltr" data-mentioned-user-id="15907720" ><s>@</s><b>AddThis</b></a>]]></document>
		<document id="91357288958406656" url="https://twitter.com/susan4ps/status/91357288958406656"><![CDATA[Check out this Meetup with Seattle Transpartisan Alliance http://meetu.ps/2B6RX]]></document>
		<document id="97901460624388096" url="https://twitter.com/susan4ps/status/97901460624388096"><![CDATA[Checking out &quot;Compassionate Listening Basic Intensive:  Healing Our World from&quot; on Compassionate Action Network: http://ning.it/q2XYq2]]></document>
		<document id="99572419970334720" url="https://twitter.com/susan4ps/status/99572419970334720"><![CDATA[This will be an awesome training in compassionate listening:<a href="http://t.co/GbnS189" rel="nofollow" dir="ltr" data-expanded-url="http://sept2011intensive.eventbrite.com/?ref=estw" class="twitter-timeline-link u-hidden" target="_blank" title="http://sept2011intensive.eventbrite.com/?ref=estw" ><span class="tco-ellipsis"></span><span class="invisible">http://</span><span class="js-display-url">sept2011intensive.eventbrite.com/?ref=estw</span><span class="invisible"></span><span class="tco-ellipsis"><span class="invisible">&nbsp;</span></span></a>]]></document>
	</documents>
</author>