<?xml version="1.0" encoding="UTF-8" standalone="no"?><author age_group="xx" gender="xx" lang="EN" type="twitter" url="https://twitter.com/BerriDesign">
	<documents count="84">
		<document id="111823675606581248" url="https://twitter.com/BerriDesign/status/111823675606581248"><![CDATA[Berri are now on twitter!!]]></document>
		<document id="113915704033546240" url="https://twitter.com/BerriDesign/status/113915704033546240"><![CDATA[Looking forward to networking <a href="/thekeyshudds" class="twitter-atreply pretty-link js-nav" dir="ltr" data-mentioned-user-id="284086546" ><s>@</s><b>thekeyshudds</b></a> this afternoon, will be great to see everyone and meet new people]]></document>
		<document id="114628259571970048" url="https://twitter.com/BerriDesign/status/114628259571970048"><![CDATA[Berri girls are really looking forward to our pamper session <a href="/AlexHouseSpa" class="twitter-atreply pretty-link js-nav" dir="ltr" data-mentioned-user-id="38863479" ><s>@</s><b>AlexHouseSpa</b></a> tomorrow, strictly a works outing ;)]]></document>
		<document id="116829298094120960" url="https://twitter.com/BerriDesign/status/116829298094120960"><![CDATA[Great networking <a href="/thekeyshudds" class="twitter-atreply pretty-link js-nav" dir="ltr" data-mentioned-user-id="284086546" ><s>@</s><b>thekeyshudds</b></a> by <a href="/htcpl" class="twitter-atreply pretty-link js-nav" dir="ltr" data-mentioned-user-id="2765659527" ><s>@</s><b>htcpl</b></a>. 7.30 start &amp; bacon butties provided, bonus for those like me who could barely get dressed in time!]]></document>
		<document id="117204092593508352" url="https://twitter.com/BerriDesign/status/117204092593508352"><![CDATA[<a href="/catcreativem" class="twitter-atreply pretty-link js-nav" dir="ltr" data-mentioned-user-id="2547262926" ><s>@</s><b>catcreativem</b></a> Happy Friday indeed!  Thanks for the tweet, great working with you too, we must do it again sometime! :)]]></document>
		<document id="118984077138337792" url="https://twitter.com/BerriDesign/status/118984077138337792"><![CDATA[<a href="/catcreativem" class="twitter-atreply pretty-link js-nav" dir="ltr" data-mentioned-user-id="2547262926" ><s>@</s><b>catcreativem</b></a> Theres ones more now :)]]></document>
		<document id="119361378845859841" url="https://twitter.com/BerriDesign/status/119361378845859841"><![CDATA[Look forward to a creative Berri pow-wow with Jennny Wass &amp; Krista McKenna (lunch in the sunshine - surrounded by autumn leaves - odd!)]]></document>
		<document id="125887621422522368" url="https://twitter.com/BerriDesign/status/125887621422522368"><![CDATA[xmas must be getting near, currently planning how to treat our clients this year... lucky lot! :)]]></document>
		<document id="146956279309533184" url="https://twitter.com/BerriDesign/status/146956279309533184"><![CDATA[Have a Berri Christmas, your chance to win free design time!
Now assuming you’ve all been good little boys and... <a href="http://t.co/cCez0xGG" rel="nofollow" dir="ltr" data-expanded-url="http://fb.me/vTGW7O8V" class="twitter-timeline-link" target="_blank" title="http://fb.me/vTGW7O8V" ><span class="tco-ellipsis"></span><span class="invisible">http://</span><span class="js-display-url">fb.me/vTGW7O8V</span><span class="invisible"></span><span class="tco-ellipsis"><span class="invisible">&nbsp;</span></span></a>]]></document>
		<document id="146960270818942976" url="https://twitter.com/BerriDesign/status/146960270818942976"><![CDATA[Have a Berri Christmas, your chance to win free design time! - <a href="http://t.co/CYNPdCdX" rel="nofollow" dir="ltr" data-expanded-url="http://eepurl.com/hNwxA" class="twitter-timeline-link" target="_blank" title="http://eepurl.com/hNwxA" ><span class="tco-ellipsis"></span><span class="invisible">http://</span><span class="js-display-url">eepurl.com/hNwxA</span><span class="invisible"></span><span class="tco-ellipsis"><span class="invisible">&nbsp;</span></span></a>]]></document>
		<document id="147266644165672960" url="https://twitter.com/BerriDesign/status/147266644165672960"><![CDATA[Mmm mulled wine and minced pies this afternoon (and networking of course), best go easy on the mulled wine! <a href="/KeyWordsCopy" class="twitter-atreply pretty-link js-nav" dir="ltr" data-mentioned-user-id="252496836" ><s>@</s><b>KeyWordsCopy</b></a> <a href="/cafeollo" class="twitter-atreply pretty-link js-nav" dir="ltr" data-mentioned-user-id="50645712" ><s>@</s><b>cafeollo</b></a>]]></document>
		<document id="147679316648542208" url="https://twitter.com/BerriDesign/status/147679316648542208"><![CDATA[Don&#39;t forget to enter our fabulous competition to win 5 hours free design time, enter before 22nd Dec <a href="http://t.co/UiDflTJr" rel="nofollow" dir="ltr" data-expanded-url="http://www.berri.co.uk/xmas-prize-draw" class="twitter-timeline-link" target="_blank" title="http://www.berri.co.uk/xmas-prize-draw" ><span class="tco-ellipsis"></span><span class="invisible">http://www.</span><span class="js-display-url">berri.co.uk/xmas-prize-draw</span><span class="invisible"></span><span class="tco-ellipsis"><span class="invisible">&nbsp;</span></span></a> Don&#39;t miss out!!]]></document>
		<document id="147718554593136640" url="https://twitter.com/BerriDesign/status/147718554593136640"><![CDATA[<a href="/catcreativem" class="twitter-atreply pretty-link js-nav" dir="ltr" data-mentioned-user-id="2547262926" ><s>@</s><b>catcreativem</b></a> Does thai curry in front of the TV count?  I guess no then :(  Next Friday though :)]]></document>
		<document id="147719910494187520" url="https://twitter.com/BerriDesign/status/147719910494187520"><![CDATA[<a href="/catcreativem" class="twitter-atreply pretty-link js-nav" dir="ltr" data-mentioned-user-id="2547262926" ><s>@</s><b>catcreativem</b></a> A lady after my own heart...]]></document>
		<document id="149426406634434560" url="https://twitter.com/BerriDesign/status/149426406634434560"><![CDATA[<a href="/catcreativem" class="twitter-atreply pretty-link js-nav" dir="ltr" data-mentioned-user-id="2547262926" ><s>@</s><b>catcreativem</b></a> noooooooo you can&#39;t hate Joomla, Joomla is my friend <a href="/hashtag/Iamsad?src=hash" data-query-source="hashtag_click" class="twitter-hashtag pretty-link js-nav" dir="ltr" ><s>#</s><b>Iamsad</b></a> <a href="/hashtag/getalife?src=hash" data-query-source="hashtag_click" class="twitter-hashtag pretty-link js-nav" dir="ltr" ><s>#</s><b>getalife</b></a>]]></document>
		<document id="149426628802514944" url="https://twitter.com/BerriDesign/status/149426628802514944"><![CDATA[@MosaicVO Merry Xmas to all at Mosaic from the Berri girls]]></document>
		<document id="149498948770463744" url="https://twitter.com/BerriDesign/status/149498948770463744"><![CDATA[Don’t miss out on the opportunity to win 5 hours free design time <a href="http://t.co/HkslJHj3" rel="nofollow" dir="ltr" data-expanded-url="http://bit.ly/uBZU8c" class="twitter-timeline-link" target="_blank" title="http://bit.ly/uBZU8c" ><span class="tco-ellipsis"></span><span class="invisible">http://</span><span class="js-display-url">bit.ly/uBZU8c</span><span class="invisible"></span><span class="tco-ellipsis"><span class="invisible">&nbsp;</span></span></a>  <a href="/hashtag/whodoesntlikeafreebie?src=hash" data-query-source="hashtag_click" class="twitter-hashtag pretty-link js-nav" dir="ltr" ><s>#</s><b>whodoesntlikeafreebie</b></a>]]></document>
		<document id="149505256475213825" url="https://twitter.com/BerriDesign/status/149505256475213825"><![CDATA[Networking@Café Ollo in Media Centre, then back to Berri HQ for a de-brief on 2011 &amp; a plan to take over the world in 2012! HAHA! <a href="/hashtag/evillaugh?src=hash" data-query-source="hashtag_click" class="twitter-hashtag pretty-link js-nav" dir="ltr" ><s>#</s><b>evillaugh</b></a>]]></document>
		<document id="149804902376415232" url="https://twitter.com/BerriDesign/status/149804902376415232"><![CDATA[&quot;Good design is obvious, great design is transparent&quot; Joe Sparano]]></document>
		<document id="149859359617327104" url="https://twitter.com/BerriDesign/status/149859359617327104"><![CDATA[Krista&#39;s just built and sent an emailer for one of our clients to 23&#39;000 of their subscribers!! <a href="/hashtag/thatssomefanclub?src=hash" data-query-source="hashtag_click" class="twitter-hashtag pretty-link js-nav" dir="ltr" ><s>#</s><b>thatssomefanclub</b></a>]]></document>
		<document id="149868168502976512" url="https://twitter.com/BerriDesign/status/149868168502976512"><![CDATA[Interesting article on BBC about our ever growing expectations from our favourite websites<a href="http://t.co/uNMslLid" rel="nofollow" dir="ltr" data-expanded-url="http://www.bbc.co.uk/news/technology-16300000" class="twitter-timeline-link u-hidden" target="_blank" title="http://www.bbc.co.uk/news/technology-16300000" ><span class="tco-ellipsis"></span><span class="invisible">http://www.</span><span class="js-display-url">bbc.co.uk/news/technolog</span><span class="invisible">y-16300000</span><span class="tco-ellipsis"><span class="invisible">&nbsp;</span>…</span></a>]]></document>
		<document id="150177405615603712" url="https://twitter.com/BerriDesign/status/150177405615603712"><![CDATA[Congratulations to Janet Wood from <a href="/Inmindhealth" class="twitter-atreply pretty-link js-nav" dir="ltr" data-mentioned-user-id="322658256" ><s>@</s><b>Inmindhealth</b></a> on winning our free design time competition <a href="/hashtag/whosaluckygirlthen?src=hash" data-query-source="hashtag_click" class="twitter-hashtag pretty-link js-nav" dir="ltr" ><s>#</s><b>whosaluckygirlthen</b></a>]]></document>
		<document id="154136327233875968" url="https://twitter.com/BerriDesign/status/154136327233875968"><![CDATA[Back to the grindstone,wishing all our past,present &amp; future clients every success in the new year,we look forward to working with u in 2012]]></document>
		<document id="154568639008342016" url="https://twitter.com/BerriDesign/status/154568639008342016"><![CDATA[<a href="/AlexHouseSpa" class="twitter-atreply pretty-link js-nav" dir="ltr" data-mentioned-user-id="38863479" ><s>@</s><b>AlexHouseSpa</b></a> raising £800 for <a href="/KirkwoodHospice" class="twitter-atreply pretty-link js-nav" dir="ltr" data-mentioned-user-id="219807362" ><s>@</s><b>KirkwoodHospice</b></a> they just don&#39;t sit still at the Spa! well done team!]]></document>
		<document id="154571725173030913" url="https://twitter.com/BerriDesign/status/154571725173030913"><![CDATA[Mooching through <a href="/huddersfieldeye" class="twitter-atreply pretty-link js-nav" dir="ltr" data-mentioned-user-id="2924667334" ><s>@</s><b>huddersfieldeye</b></a>,great2see so many Berri contacts get a mention <a href="/AlexHouseSpa" class="twitter-atreply pretty-link js-nav" dir="ltr" data-mentioned-user-id="38863479" ><s>@</s><b>AlexHouseSpa</b></a> @MosaicVO <a href="/KeyWordsCopy" class="twitter-atreply pretty-link js-nav" dir="ltr" data-mentioned-user-id="252496836" ><s>@</s><b>KeyWordsCopy</b></a> &amp;more!pick up a copy!]]></document>
		<document id="154574295782260736" url="https://twitter.com/BerriDesign/status/154574295782260736"><![CDATA[putting together an article on the joys of social networking-or not. how have you found it? a vital part of your promo or a daunting task?]]></document>
		<document id="154578644965146624" url="https://twitter.com/BerriDesign/status/154578644965146624"><![CDATA[<a href="/design58" class="twitter-atreply pretty-link js-nav" dir="ltr" data-mentioned-user-id="2547008958" ><s>@</s><b>design58</b></a> a bit like web design then I find! :-) thanks for the feedback]]></document>
		<document id="154580413459869696" url="https://twitter.com/BerriDesign/status/154580413459869696"><![CDATA[starting my research on social networking pro&#39;s and con&#39;s and came across this article, well worth the read when you h…<a href="http://t.co/McgX67Dv" rel="nofollow" dir="ltr" data-expanded-url="http://lnkd.in/J6cdHm" class="twitter-timeline-link u-hidden" target="_blank" title="http://lnkd.in/J6cdHm" ><span class="tco-ellipsis"></span><span class="invisible">http://</span><span class="js-display-url">lnkd.in/J6cdHm</span><span class="invisible"></span><span class="tco-ellipsis"><span class="invisible">&nbsp;</span></span></a>]]></document>
		<document id="155276982475702272" url="https://twitter.com/BerriDesign/status/155276982475702272"><![CDATA[<a href="http://t.co/twIaguC7" rel="nofollow" dir="ltr" data-expanded-url="http://lnkd.in/V3Dst9" class="twitter-timeline-link" target="_blank" title="http://lnkd.in/V3Dst9" ><span class="tco-ellipsis"></span><span class="invisible">http://</span><span class="js-display-url">lnkd.in/V3Dst9</span><span class="invisible"></span><span class="tco-ellipsis"><span class="invisible">&nbsp;</span></span></a> This year I&#39;m attempting to utilise social networking more to raise Berri&#39;s profile, and to get back on the...]]></document>
		<document id="155342639657525251" url="https://twitter.com/BerriDesign/status/155342639657525251"><![CDATA[Killin time on M1 &amp; naming fonts used on company logos on the side of lorries&amp;vans!punisment4making me listen to TalkSport <a href="/hashtag/Ilovetypography?src=hash" data-query-source="hashtag_click" class="twitter-hashtag pretty-link js-nav" dir="ltr" ><s>#</s><b>Ilovetypography</b></a>]]></document>
		<document id="155345013008629760" url="https://twitter.com/BerriDesign/status/155345013008629760"><![CDATA[Had great afternoon brainstorming with Krista on ideas to boost an already successful business for a client.A rolling stone gathers no moss!]]></document>
		<document id="156329089840594945" url="https://twitter.com/BerriDesign/status/156329089840594945"><![CDATA[<a href="http://t.co/KPzY2nk8" rel="nofollow" dir="ltr" data-expanded-url="http://lnkd.in/rNzJxY" class="twitter-timeline-link" target="_blank" title="http://lnkd.in/rNzJxY" ><span class="tco-ellipsis"></span><span class="invisible">http://</span><span class="js-display-url">lnkd.in/rNzJxY</span><span class="invisible"></span><span class="tco-ellipsis"><span class="invisible">&nbsp;</span></span></a> Hi Jo, I&#39;d like to put Berri forward! we can offer a broad range of graphic design and web solutions for small to...]]></document>
		<document id="156331697229668353" url="https://twitter.com/BerriDesign/status/156331697229668353"><![CDATA[Look forward to Ladies4Networking at Temujin, Huddersfield.1st meeting of 2012,had deligates list through&amp;looking...: <a href="http://t.co/on62WWnn" rel="nofollow" dir="ltr" data-expanded-url="http://lnkd.in/ZUG_-u" class="twitter-timeline-link" target="_blank" title="http://lnkd.in/ZUG_-u" ><span class="tco-ellipsis"></span><span class="invisible">http://</span><span class="js-display-url">lnkd.in/ZUG_-u</span><span class="invisible"></span><span class="tco-ellipsis"><span class="invisible">&nbsp;</span></span></a>]]></document>
		<document id="156386076267790336" url="https://twitter.com/BerriDesign/status/156386076267790336"><![CDATA[want to know what everyones talking about?? get ahead of the game with social trends? this may prove a useful tool <a href="http://t.co/Dt1MHzQh" rel="nofollow" dir="ltr" data-expanded-url="http://topsy.com/" class="twitter-timeline-link" target="_blank" title="http://topsy.com/" ><span class="tco-ellipsis"></span><span class="invisible">http://</span><span class="js-display-url">topsy.com</span><span class="invisible">/</span><span class="tco-ellipsis"><span class="invisible">&nbsp;</span></span></a>]]></document>
		<document id="156797135491301376" url="https://twitter.com/BerriDesign/status/156797135491301376"><![CDATA[Had fantastic time meeting with you all at Temujin, my tongues still numb from wolfing down my stir fry, apologies...: <a href="http://t.co/NnwWF2Je" rel="nofollow" dir="ltr" data-expanded-url="http://lnkd.in/xdCgA4" class="twitter-timeline-link" target="_blank" title="http://lnkd.in/xdCgA4" ><span class="tco-ellipsis"></span><span class="invisible">http://</span><span class="js-display-url">lnkd.in/xdCgA4</span><span class="invisible"></span><span class="tco-ellipsis"><span class="invisible">&nbsp;</span></span></a>]]></document>
		<document id="157068779317235712" url="https://twitter.com/BerriDesign/status/157068779317235712"><![CDATA[Berri get together with Krista brainstorming ideas for a brochure design we&#39;ve been commisioned, looking forward to getting knuckled down!]]></document>
		<document id="157095168049295361" url="https://twitter.com/BerriDesign/status/157095168049295361"><![CDATA[Follow Berri on Facebook, we&#39;ve shown examples of our work and up and coming projects, we look forward to seeing you t…<a href="http://t.co/g1nXL6o2" rel="nofollow" dir="ltr" data-expanded-url="http://lnkd.in/zXuYYy" class="twitter-timeline-link" target="_blank" title="http://lnkd.in/zXuYYy" ><span class="tco-ellipsis"></span><span class="invisible">http://</span><span class="js-display-url">lnkd.in/zXuYYy</span><span class="invisible"></span><span class="tco-ellipsis"><span class="invisible">&nbsp;</span></span></a>]]></document>
		<document id="157100570174423040" url="https://twitter.com/BerriDesign/status/157100570174423040"><![CDATA[Great quote... “I like to say that Twitter is like a bar, Facebook is your living room&amp;LinkedIn is the local chamber of commerce&quot; BSStoltz]]></document>
		<document id="157111275963428865" url="https://twitter.com/BerriDesign/status/157111275963428865"><![CDATA[<a href="/AlexHouseSpa" class="twitter-atreply pretty-link js-nav" dir="ltr" data-mentioned-user-id="38863479" ><s>@</s><b>AlexHouseSpa</b></a> I don&#39;t think modern technology could manage it! you&#39;re at a whole new level! hehe]]></document>
		<document id="157404851121295360" url="https://twitter.com/BerriDesign/status/157404851121295360"><![CDATA[<a href="http://t.co/PhYKn3CQ" rel="nofollow" dir="ltr" data-expanded-url="http://lnkd.in/yn5ZeY" class="twitter-timeline-link" target="_blank" title="http://lnkd.in/yn5ZeY" ><span class="tco-ellipsis"></span><span class="invisible">http://</span><span class="js-display-url">lnkd.in/yn5ZeY</span><span class="invisible"></span><span class="tco-ellipsis"><span class="invisible">&nbsp;</span></span></a> Hi Jo, please feel free to pass on our details to your photographer friend. We would love to help in anyway that we...]]></document>
		<document id="157778100913049600" url="https://twitter.com/BerriDesign/status/157778100913049600"><![CDATA[Myself&amp;Krista are lookin forward to coffee&amp;cake this morning when we meet up with <a href="/SGathers" class="twitter-atreply pretty-link js-nav" dir="ltr" data-mentioned-user-id="3322731839" ><s>@</s><b>SGathers</b></a> from @MosaicVO to chat about her website <a href="/hashtag/t?src=hash" data-query-source="hashtag_click" class="twitter-hashtag pretty-link js-nav" dir="ltr" ><s>#</s><b>t</b></a>&amp;cake]]></document>
		<document id="158928564929052672" url="https://twitter.com/BerriDesign/status/158928564929052672"><![CDATA[<a href="/KeyWordsCopy" class="twitter-atreply pretty-link js-nav" dir="ltr" data-mentioned-user-id="252496836" ><s>@</s><b>KeyWordsCopy</b></a> there used to be!it was set up in 1994 but went out of production in 2004 according to Wikipedia <a href="http://t.co/SBtQuar2" rel="nofollow" dir="ltr" data-expanded-url="http://en.wikipedia.org/wiki/Internet_Magazine" class="twitter-timeline-link" target="_blank" title="http://en.wikipedia.org/wiki/Internet_Magazine" ><span class="tco-ellipsis"></span><span class="invisible">http://</span><span class="js-display-url">en.wikipedia.org/wiki/Internet_</span><span class="invisible">Magazine</span><span class="tco-ellipsis"><span class="invisible">&nbsp;</span>…</span></a>]]></document>
		<document id="158930196240670720" url="https://twitter.com/BerriDesign/status/158930196240670720"><![CDATA[I just can not get warm today! brrrrrrrrrr]]></document>
		<document id="158931438543183872" url="https://twitter.com/BerriDesign/status/158931438543183872"><![CDATA[should I consider these in the name of keeping warm at my desk? ... <a href="http://t.co/jDXbbFBU" rel="nofollow" dir="ltr" data-expanded-url="http://www.thefashionpolice.net/images/Beard-hat-moustace-gloves.jpg" class="twitter-timeline-link" target="_blank" title="http://www.thefashionpolice.net/images/Beard-hat-moustace-gloves.jpg" ><span class="tco-ellipsis"></span><span class="invisible">http://www.</span><span class="js-display-url">thefashionpolice.net/images/Beard-h</span><span class="invisible">at-moustace-gloves.jpg</span><span class="tco-ellipsis"><span class="invisible">&nbsp;</span>…</span></a>]]></document>
		<document id="161439226880200704" url="https://twitter.com/BerriDesign/status/161439226880200704"><![CDATA[<a href="http://t.co/7lfQswkn" rel="nofollow" dir="ltr" data-expanded-url="http://soloround.blogspot.com/" class="twitter-timeline-link" target="_blank" title="http://soloround.blogspot.com/" ><span class="tco-ellipsis"></span><span class="invisible">http://</span><span class="js-display-url">soloround.blogspot.com</span><span class="invisible">/</span><span class="tco-ellipsis"><span class="invisible">&nbsp;</span></span></a> well done Abby! what an inspiration to any age group! I think my priorities left something to be desired when I was 16!]]></document>
		<document id="161440884234256385" url="https://twitter.com/BerriDesign/status/161440884234256385"><![CDATA[Kung Hei Fat Choy! 恭喜发财 to all those celebrating the Chinese New Year! Enjoy :-) <a href="/hashtag/KungHeiFatChoy?src=hash" data-query-source="hashtag_click" class="twitter-hashtag pretty-link js-nav" dir="ltr" ><s>#</s><b>KungHeiFatChoy</b></a>]]></document>
		<document id="161442374277529601" url="https://twitter.com/BerriDesign/status/161442374277529601"><![CDATA[<a href="/CallTeam" class="twitter-atreply pretty-link js-nav" dir="ltr" data-mentioned-user-id="90923866" ><s>@</s><b>CallTeam</b></a> great to talk earlier! thanks for a great service too! :-)]]></document>
		<document id="162850259096182784" url="https://twitter.com/BerriDesign/status/162850259096182784"><![CDATA[<a href="/Platypus_" class="twitter-atreply pretty-link js-nav" dir="ltr" data-mentioned-user-id="36630311" ><s>@</s><b>Platypus_</b></a> why thank you,we are trying to be super efficient with this social networking malarkey &amp; attempting witty&amp;informative banter!]]></document>
		<document id="162852020678688768" url="https://twitter.com/BerriDesign/status/162852020678688768"><![CDATA[Share what you&#39;re viewing on your screen with people working on another comps!handy for making amendments etc <a href="https://t.co/ugxiaEuR" rel="nofollow" dir="ltr" data-expanded-url="https://join.me/" class="twitter-timeline-link" target="_blank" title="https://join.me/" ><span class="tco-ellipsis"></span><span class="invisible">https://</span><span class="js-display-url">join.me</span><span class="invisible">/</span><span class="tco-ellipsis"><span class="invisible">&nbsp;</span></span></a> its FREE]]></document>
		<document id="162882336097185792" url="https://twitter.com/BerriDesign/status/162882336097185792"><![CDATA[<a href="/CallTeam" class="twitter-atreply pretty-link js-nav" dir="ltr" data-mentioned-user-id="90923866" ><s>@</s><b>CallTeam</b></a> cheers for the shout out :-)]]></document>
		<document id="162892757210365952" url="https://twitter.com/BerriDesign/status/162892757210365952"><![CDATA[I&#39;d like to say thanks to Sarah @MosaicVO for yesterdays networking lunch &amp; chance to meet the rest of the team &amp; other devotees to MosaicVO]]></document>
		<document id="162894970821410817" url="https://twitter.com/BerriDesign/status/162894970821410817"><![CDATA[Currently writing Berri’s emailer ready for Valentine’s day, no holding back on the cheesy romance quips in this one! <a href="/hashtag/cheesetastic?src=hash" data-query-source="hashtag_click" class="twitter-hashtag pretty-link js-nav" dir="ltr" ><s>#</s><b>cheesetastic</b></a>]]></document>
		<document id="162909083186364416" url="https://twitter.com/BerriDesign/status/162909083186364416"><![CDATA[lovely set of businesscards designed by moi, printed by <a href="/solopress" class="twitter-atreply pretty-link js-nav" dir="ltr" data-mentioned-user-id="19707482" ><s>@</s><b>solopress</b></a> and delivered to <a href="/ACPerspectives" class="twitter-atreply pretty-link js-nav" dir="ltr" data-mentioned-user-id="471881043" ><s>@</s><b>ACPerspectives</b></a>, now for the Friday wind down!]]></document>
		<document id="162910176561725441" url="https://twitter.com/BerriDesign/status/162910176561725441"><![CDATA[Finishing touches being completed by Krista to the soon to be launched website for <a href="/life4todayltd" class="twitter-atreply pretty-link js-nav" dir="ltr" data-mentioned-user-id="196342835" ><s>@</s><b>life4todayltd</b></a> very excited! Watch this space!]]></document>
		<document id="162911966053146624" url="https://twitter.com/BerriDesign/status/162911966053146624"><![CDATA[<a href="/solopress" class="twitter-atreply pretty-link js-nav" dir="ltr" data-mentioned-user-id="19707482" ><s>@</s><b>solopress</b></a> must be &#39;no rest for the wicked&#39; your end, we&#39;re saint-like here lol]]></document>
		<document id="163964087645122560" url="https://twitter.com/BerriDesign/status/163964087645122560"><![CDATA[<a href="http://t.co/VBtNVcdF" rel="nofollow" dir="ltr" data-expanded-url="http://lnkd.in/KcrJhE" class="twitter-timeline-link" target="_blank" title="http://lnkd.in/KcrJhE" ><span class="tco-ellipsis"></span><span class="invisible">http://</span><span class="js-display-url">lnkd.in/KcrJhE</span><span class="invisible"></span><span class="tco-ellipsis"><span class="invisible">&nbsp;</span></span></a> Hi Diane have you tried the networking group Ladies-4-Networking? I find them a friendly, inviting group! Next...]]></document>
		<document id="165404400095997952" url="https://twitter.com/BerriDesign/status/165404400095997952"><![CDATA[Great to see <a href="/AlexHouseSpa" class="twitter-atreply pretty-link js-nav" dir="ltr" data-mentioned-user-id="38863479" ><s>@</s><b>AlexHouseSpa</b></a> in the <a href="/huddersfieldeye" class="twitter-atreply pretty-link js-nav" dir="ltr" data-mentioned-user-id="2924667334" ><s>@</s><b>huddersfieldeye</b></a> again this month, Maxine will be buying shares at this rate! :-)]]></document>
		<document id="166888964794490880" url="https://twitter.com/BerriDesign/status/166888964794490880"><![CDATA[3rd happiest place in the country is Huddersfield? I&#39;ll take that! <a href="http://t.co/ByxkfcTn" rel="nofollow" dir="ltr" data-expanded-url="http://lnkd.in/c9arr9" class="twitter-timeline-link" target="_blank" title="http://lnkd.in/c9arr9" ><span class="tco-ellipsis"></span><span class="invisible">http://</span><span class="js-display-url">lnkd.in/c9arr9</span><span class="invisible"></span><span class="tco-ellipsis"><span class="invisible">&nbsp;</span></span></a>]]></document>
		<document id="167649895568781313" url="https://twitter.com/BerriDesign/status/167649895568781313"><![CDATA[read about the next big thing in Social Media ...<a href="http://t.co/e51AYBVg" rel="nofollow" dir="ltr" data-expanded-url="http://lnkd.in/vBxxAn" class="twitter-timeline-link u-hidden" target="_blank" title="http://lnkd.in/vBxxAn" ><span class="tco-ellipsis"></span><span class="invisible">http://</span><span class="js-display-url">lnkd.in/vBxxAn</span><span class="invisible"></span><span class="tco-ellipsis"><span class="invisible">&nbsp;</span></span></a>]]></document>
		<document id="167651739133153282" url="https://twitter.com/BerriDesign/status/167651739133153282"><![CDATA[Creepy I think someones been reading my mind - apart from the bit about mac&#39;s v pc&#39;s! <a href="http://t.co/Ok8yc0YC" rel="nofollow" dir="ltr" data-expanded-url="http://www.linkedin.com/news?actionBar=&amp;articleID=5567498259158540288&amp;ids=cPsVdPgNc38VdzcMdPsSe3oRdiMPd38Md3sMcj8Sc3oUczwVdzkRb3wUcz0QdjwRcjARczwVd3sSdjkIcj0UdzsMc38TdzcTe30Nc3sRdiMSczkNdPwRdPcOcjoScPoOdPkR&amp;aag=true&amp;freq=weekly&amp;trk=eml-tod2-b-ttl-2&amp;ut=3tsjV88QjhXB41" class="twitter-timeline-link" target="_blank" title="http://www.linkedin.com/news?actionBar=&amp;articleID=5567498259158540288&amp;ids=cPsVdPgNc38VdzcMdPsSe3oRdiMPd38Md3sMcj8Sc3oUczwVdzkRb3wUcz0QdjwRcjARczwVd3sSdjkIcj0UdzsMc38TdzcTe30Nc3sRdiMSczkNdPwRdPcOcjoScPoOdPkR&amp;aag=true&amp;freq=weekly&amp;trk=eml-tod2-b-ttl-2&amp;ut=3tsjV88QjhXB41" ><span class="tco-ellipsis"></span><span class="invisible">http://www.</span><span class="js-display-url">linkedin.com/news?actionBar</span><span class="invisible">=&amp;articleID=5567498259158540288&amp;ids=cPsVdPgNc38VdzcMdPsSe3oRdiMPd38Md3sMcj8Sc3oUczwVdzkRb3wUcz0QdjwRcjARczwVd3sSdjkIcj0UdzsMc38TdzcTe30Nc3sRdiMSczkNdPwRdPcOcjoScPoOdPkR&amp;aag=true&amp;freq=weekly&amp;trk=eml-tod2-b-ttl-2&amp;ut=3tsjV88QjhXB41</span><span class="tco-ellipsis"><span class="invisible">&nbsp;</span>…</span></a>]]></document>
		<document id="169384560965058560" url="https://twitter.com/BerriDesign/status/169384560965058560"><![CDATA[Berri&#39;s latest blog post with hints &amp; tips on how to get ahead with social networking <a href="http://t.co/6llieUsZ" rel="nofollow" dir="ltr" data-expanded-url="http://lnkd.in/Z3zpSx" class="twitter-timeline-link" target="_blank" title="http://lnkd.in/Z3zpSx" ><span class="tco-ellipsis"></span><span class="invisible">http://</span><span class="js-display-url">lnkd.in/Z3zpSx</span><span class="invisible"></span><span class="tco-ellipsis"><span class="invisible">&nbsp;</span></span></a>]]></document>
		<document id="169388878157979648" url="https://twitter.com/BerriDesign/status/169388878157979648"><![CDATA[<a href="/life4todayltd" class="twitter-atreply pretty-link js-nav" dir="ltr" data-mentioned-user-id="196342835" ><s>@</s><b>life4todayltd</b></a> proud to be part of your website design&amp;build,hope you&#39;re as chuffed with results as we are <a href="http://t.co/QaU4BQfK" rel="nofollow" dir="ltr" data-expanded-url="http://www.life-4-today.co.uk" class="twitter-timeline-link" target="_blank" title="http://www.life-4-today.co.uk" ><span class="tco-ellipsis"></span><span class="invisible">http://www.</span><span class="js-display-url">life-4-today.co.uk</span><span class="invisible"></span><span class="tco-ellipsis"><span class="invisible">&nbsp;</span></span></a>]]></document>
		<document id="170112118551617536" url="https://twitter.com/BerriDesign/status/170112118551617536"><![CDATA[&quot;Life is like riding a bicycle. To keep your balance, you must keep moving.&quot; - Albert Einstein. great inspiration <a href="/ahmetorta" class="twitter-atreply pretty-link js-nav" dir="ltr" data-mentioned-user-id="246423470" ><s>@</s><b>ahmetorta</b></a>]]></document>
		<document id="171956451886116865" url="https://twitter.com/BerriDesign/status/171956451886116865"><![CDATA[Hi all I was wondering if anyone had a contact for someone who can design and create smart phone apps? Cheers :-)]]></document>
		<document id="172973196365152256" url="https://twitter.com/BerriDesign/status/172973196365152256"><![CDATA[Huge big up to one of our clients <a href="/ScrapStoresUK" class="twitter-atreply pretty-link js-nav" dir="ltr" data-mentioned-user-id="2821121207" ><s>@</s><b>scrapstoresUK</b></a>  who are featuring on the Bing HOMEPAGE today, well done!!]]></document>
		<document id="185822940166750208" url="https://twitter.com/BerriDesign/status/185822940166750208"><![CDATA[had a fantastic massage <a href="/AlexHouseSpa" class="twitter-atreply pretty-link js-nav" dir="ltr" data-mentioned-user-id="38863479" ><s>@</s><b>AlexHouseSpa</b></a> today, a well needed start to my weekend - well not before I finish off a few bits of work! <a href="/hashtag/busyweek?src=hash" data-query-source="hashtag_click" class="twitter-hashtag pretty-link js-nav" dir="ltr" ><s>#</s><b>busyweek</b></a>]]></document>
		<document id="187879787543539714" url="https://twitter.com/BerriDesign/status/187879787543539714"><![CDATA[<a href="/AlexHouseSpa" class="twitter-atreply pretty-link js-nav" dir="ltr" data-mentioned-user-id="38863479" ><s>@</s><b>AlexHouseSpa</b></a> I wish the spa every success in flying through the till rolls &amp; that I shall be contributing to their demise in near future!]]></document>
		<document id="189661140677177345" url="https://twitter.com/BerriDesign/status/189661140677177345"><![CDATA[Sat in Cedar Court Hotel, laptops set up &amp; I&#39;m ready for a strong coffee &amp; this mornings meeting!]]></document>
		<document id="192980279223271424" url="https://twitter.com/BerriDesign/status/192980279223271424"><![CDATA[<a href="/KeyWordsCopy" class="twitter-atreply pretty-link js-nav" dir="ltr" data-mentioned-user-id="252496836" ><s>@</s><b>KeyWordsCopy</b></a> I can&#39;t wait! my 3 favourite things; Coffee, Cake and People (in no particular order!!)]]></document>
		<document id="192980878715138048" url="https://twitter.com/BerriDesign/status/192980878715138048"><![CDATA[look forward to the networking at 4.30 Cafe Society organised by <a href="/KeyWordsCopy" class="twitter-atreply pretty-link js-nav" dir="ltr" data-mentioned-user-id="252496836" ><s>@</s><b>KeyWordsCopy</b></a> if you miss this one makesure you get signed up for the next!]]></document>
		<document id="193000661439365120" url="https://twitter.com/BerriDesign/status/193000661439365120"><![CDATA[Turned up to networking ... Without my business cards!! What a dingbat!]]></document>
		<document id="197271449491341312" url="https://twitter.com/BerriDesign/status/197271449491341312"><![CDATA[<a href="/TandCakeCafe" class="twitter-atreply pretty-link js-nav" dir="ltr" data-mentioned-user-id="212620201" ><s>@</s><b>TandCakeCafe</b></a> <a href="/BluebellAlmond" class="twitter-atreply pretty-link js-nav" dir="ltr" data-mentioned-user-id="379072892" ><s>@</s><b>BluebellAlmond</b></a> sounds delicious I&#39;ll try very hard to arrange a &#39;business meeting&#39; asap!! it&#39;s been too long!]]></document>
		<document id="197688818067976192" url="https://twitter.com/BerriDesign/status/197688818067976192"><![CDATA[Not just any old networking event! Check out &quot;Key Words Coffee &amp; Cake May 2012&quot; <a href="http://t.co/fv7XOBE3" rel="nofollow" dir="ltr" data-expanded-url="http://coffeeandcakemay2012-estw.eventbrite.co.uk" class="twitter-timeline-link" target="_blank" title="http://coffeeandcakemay2012-estw.eventbrite.co.uk" ><span class="tco-ellipsis">…</span><span class="invisible">http://coffe</span><span class="js-display-url">eandcakemay2012-estw.eventbrite.co.uk</span><span class="invisible"></span><span class="tco-ellipsis"><span class="invisible">&nbsp;</span></span></a> via <a href="/eventbrite" class="twitter-atreply pretty-link js-nav" dir="ltr" data-mentioned-user-id="5625972" ><s>@</s><b>eventbrite</b></a>]]></document>
		<document id="198399623046496256" url="https://twitter.com/BerriDesign/status/198399623046496256"><![CDATA[another great edition of <a href="/huddersfieldeye" class="twitter-atreply pretty-link js-nav" dir="ltr" data-mentioned-user-id="2924667334" ><s>@</s><b>huddersfieldeye</b></a> great article from Michelle <a href="/KeyWordsCopy" class="twitter-atreply pretty-link js-nav" dir="ltr" data-mentioned-user-id="252496836" ><s>@</s><b>KeyWordsCopy</b></a>, &amp; lots of vouchers! booked in for pamper ones already!]]></document>
		<document id="213555107713925120" url="https://twitter.com/BerriDesign/status/213555107713925120"><![CDATA[As someone who has spent hours dealing with IE7 bugs when building websites I couldn&#39;t help but chuckle at this article<a href="http://t.co/2z3o2sZl" rel="nofollow" dir="ltr" data-expanded-url="http://tinyurl.com/6wf7jfg" class="twitter-timeline-link u-hidden" target="_blank" title="http://tinyurl.com/6wf7jfg" ><span class="tco-ellipsis"></span><span class="invisible">http://</span><span class="js-display-url">tinyurl.com/6wf7jfg</span><span class="invisible"></span><span class="tco-ellipsis"><span class="invisible">&nbsp;</span></span></a>]]></document>
		<document id="215733432951652352" url="https://twitter.com/BerriDesign/status/215733432951652352"><![CDATA[CALLING ALL PRINTERS!! I&#39;m needing a printing quote please ... 12pp including cover A4 landscape brochure printed full colour throughout on…]]></document>
		<document id="229144785032724482" url="https://twitter.com/BerriDesign/status/229144785032724482"><![CDATA[Opening ceremony showed our history, quirkyness, creativity, humour and the chaotic brilliance that is GB <a href="/hashtag/olympicceremony?src=hash" data-query-source="hashtag_click" class="twitter-hashtag pretty-link js-nav" dir="ltr" ><s>#</s><b>olympicceremony</b></a> <a href="/hashtag/London2012?src=hash" data-query-source="hashtag_click" class="twitter-hashtag pretty-link js-nav" dir="ltr" ><s>#</s><b>London2012</b></a>]]></document>
		<document id="248732183378927616" url="https://twitter.com/BerriDesign/status/248732183378927616"><![CDATA[heading to <a href="/AlexHouseSpa" class="twitter-atreply pretty-link js-nav" dir="ltr" data-mentioned-user-id="38863479" ><s>@</s><b>AlexHouseSpa</b></a> to help celebrate their 5th Birthday then to Cafe Society for networking with Michelle <a href="/KeyWordsCopy" class="twitter-atreply pretty-link js-nav" dir="ltr" data-mentioned-user-id="252496836" ><s>@</s><b>KeyWordsCopy</b></a>. Busy, busy!]]></document>
		<document id="259265925252014080" url="https://twitter.com/BerriDesign/status/259265925252014080"><![CDATA[I&#39;ve just sent off my application to be a business mentor after yesterdays engaging talk from <a href="/jakethepegg" class="twitter-atreply pretty-link js-nav" dir="ltr" data-mentioned-user-id="20877194" ><s>@</s><b>jakethepegg</b></a> <a href="/hashtag/yourbusinessneedsme?src=hash" data-query-source="hashtag_click" class="twitter-hashtag pretty-link js-nav" dir="ltr" ><s>#</s><b>yourbusinessneedsme</b></a>!]]></document>
		<document id="262304492681302018" url="https://twitter.com/BerriDesign/status/262304492681302018"><![CDATA[<a href="/CinnamonGirlUK" class="twitter-atreply pretty-link js-nav" dir="ltr" data-mentioned-user-id="292975785" ><s>@</s><b>CinnamonGirlUK</b></a>]]></document>
		<document id="278155774298030080" url="https://twitter.com/BerriDesign/status/278155774298030080"><![CDATA[<a href="/solopress" class="twitter-atreply pretty-link js-nav" dir="ltr" data-mentioned-user-id="19707482" ><s>@</s><b>solopress</b></a> are giving away an iPad mini + £250 of luxury Christmas gifts. To enter the comp visit <a href="http://t.co/PRlSUiLA" rel="nofollow" dir="ltr" data-expanded-url="http://blog.solopress.com/competitions/win-apple-ipad-mini-and-christmas-goodies-solopress-competition-december-2012/" class="twitter-timeline-link" target="_blank" title="http://blog.solopress.com/competitions/win-apple-ipad-mini-and-christmas-goodies-solopress-competition-december-2012/" ><span class="tco-ellipsis"></span><span class="invisible">http://</span><span class="js-display-url">blog.solopress.com/competitions/w</span><span class="invisible">in-apple-ipad-mini-and-christmas-goodies-solopress-competition-december-2012/</span><span class="tco-ellipsis"><span class="invisible">&nbsp;</span>…</span></a> <a href="/hashtag/solocomp?src=hash" data-query-source="hashtag_click" class="twitter-hashtag pretty-link js-nav" dir="ltr" ><s>#</s><b>solocomp</b></a>]]></document>
		<document id="349184007038185473" url="https://twitter.com/BerriDesign/status/349184007038185473"><![CDATA[<a href="/life4todayltd" class="twitter-atreply pretty-link js-nav" dir="ltr" data-mentioned-user-id="196342835" ><s>@</s><b>life4todayltd</b></a> <a href="/BerriDesign" class="twitter-atreply pretty-link js-nav" dir="ltr" data-mentioned-user-id="368254332" ><s>@</s><b>BerriDesign</b></a> excited to be once again working with Joanne, developing her business &amp; updating her website/marketing materials]]></document>
		<document id="349193864415948800" url="https://twitter.com/BerriDesign/status/349193864415948800"><![CDATA[<a href="/BerriDesign" class="twitter-atreply pretty-link js-nav" dir="ltr" data-mentioned-user-id="368254332" ><s>@</s><b>BerriDesign</b></a> have designed&amp;launched a website for local company SW Interiors,visit <a href="http://t.co/QdclFdyWHJ" rel="nofollow" dir="ltr" data-expanded-url="http://www.swinteriordesigns.co.uk" class="twitter-timeline-link" target="_blank" title="http://www.swinteriordesigns.co.uk" ><span class="tco-ellipsis"></span><span class="invisible">http://www.</span><span class="js-display-url">swinteriordesigns.co.uk</span><span class="invisible"></span><span class="tco-ellipsis"><span class="invisible">&nbsp;</span></span></a> - quality kitchens at trade prices]]></document>
		<document id="350268000617775106" url="https://twitter.com/BerriDesign/status/350268000617775106"><![CDATA[Been busy FINALLY updating our Twitter page with a new design, take a look and see what you think]]></document>
	</documents>
</author>