<?xml version="1.0" encoding="UTF-8" standalone="no"?><author age_group="xx" gender="xx" lang="EN" type="twitter" url="https://twitter.com/RalphALMuser">
	<documents count="262">
		<document id="407632379713708032" url="https://twitter.com/RalphALMuser/status/407632379713708032"><![CDATA[Prepare your steel anus]]></document>
		<document id="407823514641899521" url="https://twitter.com/RalphALMuser/status/407823514641899521"><![CDATA[Hehe mi culo por mates hehe]]></document>
		<document id="408006099477221376" url="https://twitter.com/RalphALMuser/status/408006099477221376"><![CDATA[Alguien me da amor por whatsapp? Me aburro :-)]]></document>
		<document id="408006365710663680" url="https://twitter.com/RalphALMuser/status/408006365710663680"><![CDATA[Dat indirecta]]></document>
		<document id="408302744790130688" url="https://twitter.com/RalphALMuser/status/408302744790130688"><![CDATA[@falloutcloser ADIOS SATAN]]></document>
		<document id="408654108283781120" url="https://twitter.com/RalphALMuser/status/408654108283781120"><![CDATA[<a href="/ArtichokeRawr" class="twitter-atreply pretty-link js-nav" dir="ltr" data-mentioned-user-id="496091970" ><s>@</s><b>ArtichokeRawr</b></a> stas pa foiarte suabe]]></document>
		<document id="409013837292376064" url="https://twitter.com/RalphALMuser/status/409013837292376064"><![CDATA[<a href="/forameus_" class="twitter-atreply pretty-link js-nav" dir="ltr" data-mentioned-user-id="2983361331" ><s>@</s><b>forameus_</b></a> what the hell]]></document>
		<document id="409100513305968640" url="https://twitter.com/RalphALMuser/status/409100513305968640"><![CDATA[<a href="/GodSaveTheAni_" class="twitter-atreply pretty-link js-nav" dir="ltr" data-mentioned-user-id="421203891" ><s>@</s><b>GodSaveTheAni_</b></a> ya era hora]]></document>
		<document id="409522186278670336" url="https://twitter.com/RalphALMuser/status/409522186278670336"><![CDATA[<a href="/Clauisgonnawin" class="twitter-atreply pretty-link js-nav" dir="ltr" data-mentioned-user-id="2530801537" ><s>@</s><b>Clauisgonnawin</b></a> mormal, wenorra]]></document>
		<document id="409522984001740800" url="https://twitter.com/RalphALMuser/status/409522984001740800"><![CDATA[<a href="/Clauisgonnawin" class="twitter-atreply pretty-link js-nav" dir="ltr" data-mentioned-user-id="2530801537" ><s>@</s><b>Clauisgonnawin</b></a> aki asiendo sprints corriendo]]></document>
		<document id="409523354182619136" url="https://twitter.com/RalphALMuser/status/409523354182619136"><![CDATA[Estoy fofo]]></document>
		<document id="409740813166325761" url="https://twitter.com/RalphALMuser/status/409740813166325761"><![CDATA[Can´t get it right since I met you]]></document>
		<document id="409741507118108672" url="https://twitter.com/RalphALMuser/status/409741507118108672"><![CDATA[<a href="http://t.co/6krzmd4tHx" rel="nofollow" dir="ltr" data-expanded-url="http://www.youtube.com/watch?v=5lnVI5j4WDg" class="twitter-timeline-link" target="_blank" title="http://www.youtube.com/watch?v=5lnVI5j4WDg" ><span class="tco-ellipsis"></span><span class="invisible">http://www.</span><span class="js-display-url">youtube.com/watch?v=5lnVI5</span><span class="invisible">j4WDg</span><span class="tco-ellipsis"><span class="invisible">&nbsp;</span>…</span></a> Revenge will surely come Your hard times are ahead]]></document>
		<document id="409742646672764928" url="https://twitter.com/RalphALMuser/status/409742646672764928"><![CDATA[Motivacion nivel Butterflies and Hurricanes]]></document>
		<document id="410454910736424960" url="https://twitter.com/RalphALMuser/status/410454910736424960"><![CDATA[Puala con photoshop no pls]]></document>
		<document id="410455916463403008" url="https://twitter.com/RalphALMuser/status/410455916463403008"><![CDATA[@falloutcloser JAJAAAJJAJAJAAJAAJJAJAAJAJAAJJA NOMAS]]></document>
		<document id="410457088700080128" url="https://twitter.com/RalphALMuser/status/410457088700080128"><![CDATA[@falloutcloser<a href="http://t.co/GnI4RQ3cwX" class="twitter-timeline-link u-hidden" data-pre-embedded="true" dir="ltr" >pic.twitter.com/GnI4RQ3cwX</a>]]></document>
		<document id="410460304640704512" url="https://twitter.com/RalphALMuser/status/410460304640704512"><![CDATA[<a href="/hashtag/NP?src=hash" data-query-source="hashtag_click" class="twitter-hashtag pretty-link js-nav" dir="ltr" ><s>#</s><b>NP</b></a><a href="http://t.co/FjShJiwMAz" rel="nofollow" dir="ltr" data-expanded-url="http://www.youtube.com/watch?v=3PyoxMSEHYI" class="twitter-timeline-link u-hidden" target="_blank" title="http://www.youtube.com/watch?v=3PyoxMSEHYI" ><span class="tco-ellipsis"></span><span class="invisible">http://www.</span><span class="js-display-url">youtube.com/watch?v=3PyoxM</span><span class="invisible">SEHYI</span><span class="tco-ellipsis"><span class="invisible">&nbsp;</span>…</span></a>]]></document>
		<document id="410460364279513090" url="https://twitter.com/RalphALMuser/status/410460364279513090"><![CDATA[Dj almoguera sesion Arctic Monkeys]]></document>
		<document id="410461820915171329" url="https://twitter.com/RalphALMuser/status/410461820915171329"><![CDATA[<a href="/hashtag/NP?src=hash" data-query-source="hashtag_click" class="twitter-hashtag pretty-link js-nav" dir="ltr" ><s>#</s><b>NP</b></a><a href="http://t.co/jHEE433JeZ" rel="nofollow" dir="ltr" data-expanded-url="http://www.youtube.com/watch?v=g-cukZ10j8A" class="twitter-timeline-link u-hidden" target="_blank" title="http://www.youtube.com/watch?v=g-cukZ10j8A" ><span class="tco-ellipsis"></span><span class="invisible">http://www.</span><span class="js-display-url">youtube.com/watch?v=g-cukZ</span><span class="invisible">10j8A</span><span class="tco-ellipsis"><span class="invisible">&nbsp;</span>…</span></a>]]></document>
		<document id="410462559712456704" url="https://twitter.com/RalphALMuser/status/410462559712456704"><![CDATA[<a href="/hashtag/NP?src=hash" data-query-source="hashtag_click" class="twitter-hashtag pretty-link js-nav" dir="ltr" ><s>#</s><b>NP</b></a><a href="http://t.co/38gvHe560O" rel="nofollow" dir="ltr" data-expanded-url="http://www.youtube.com/watch?v=qrqtD4TiO5c" class="twitter-timeline-link u-hidden" target="_blank" title="http://www.youtube.com/watch?v=qrqtD4TiO5c" ><span class="tco-ellipsis"></span><span class="invisible">http://www.</span><span class="js-display-url">youtube.com/watch?v=qrqtD4</span><span class="invisible">TiO5c</span><span class="tco-ellipsis"><span class="invisible">&nbsp;</span>…</span></a>]]></document>
		<document id="410463511441981440" url="https://twitter.com/RalphALMuser/status/410463511441981440"><![CDATA[<a href="/hashtag/NP?src=hash" data-query-source="hashtag_click" class="twitter-hashtag pretty-link js-nav" dir="ltr" ><s>#</s><b>NP</b></a><a href="http://t.co/73ueQvwfoj" rel="nofollow" dir="ltr" data-expanded-url="http://www.youtube.com/watch?v=U3LsJMLWN2k" class="twitter-timeline-link u-hidden" target="_blank" title="http://www.youtube.com/watch?v=U3LsJMLWN2k" ><span class="tco-ellipsis"></span><span class="invisible">http://www.</span><span class="js-display-url">youtube.com/watch?v=U3LsJM</span><span class="invisible">LWN2k</span><span class="tco-ellipsis"><span class="invisible">&nbsp;</span>…</span></a>]]></document>
		<document id="410464966244716544" url="https://twitter.com/RalphALMuser/status/410464966244716544"><![CDATA[<a href="/hashtag/NP?src=hash" data-query-source="hashtag_click" class="twitter-hashtag pretty-link js-nav" dir="ltr" ><s>#</s><b>NP</b></a><a href="http://t.co/jrv2iu6HSP" rel="nofollow" dir="ltr" data-expanded-url="http://www.youtube.com/watch?v=qL0Z3Ly0CEw" class="twitter-timeline-link u-hidden" target="_blank" title="http://www.youtube.com/watch?v=qL0Z3Ly0CEw" ><span class="tco-ellipsis"></span><span class="invisible">http://www.</span><span class="js-display-url">youtube.com/watch?v=qL0Z3L</span><span class="invisible">y0CEw</span><span class="tco-ellipsis"><span class="invisible">&nbsp;</span>…</span></a>]]></document>
		<document id="411033302708277248" url="https://twitter.com/RalphALMuser/status/411033302708277248"><![CDATA[OTRA VEZ HAN CAMBIADO LA APP DE TWITTER PARAD YAAAAAAAA]]></document>
		<document id="411194017674588160" url="https://twitter.com/RalphALMuser/status/411194017674588160"><![CDATA[Nova Baby+Mind Eraser &lt;3333333]]></document>
		<document id="411832695379861504" url="https://twitter.com/RalphALMuser/status/411832695379861504"><![CDATA[BRIAN, TOP MARKS FOR NOT TRYIN!]]></document>
		<document id="411834090405367808" url="https://twitter.com/RalphALMuser/status/411834090405367808"><![CDATA[Crawlin&#39; back to you.]]></document>
		<document id="412193565083590656" url="https://twitter.com/RalphALMuser/status/412193565083590656"><![CDATA[Humble Jumbo Bundle: Name your price, support charity &amp; get 9 amazing games! <a href="https://t.co/TevIxK4822" rel="nofollow" dir="ltr" data-expanded-url="https://www.humblebundle.com" class="twitter-timeline-link" target="_blank" title="https://www.humblebundle.com" ><span class="tco-ellipsis"></span><span class="invisible">https://www.</span><span class="js-display-url">humblebundle.com</span><span class="invisible"></span><span class="tco-ellipsis"><span class="invisible">&nbsp;</span></span></a> vía <a href="/humble" class="twitter-atreply pretty-link js-nav" dir="ltr" data-mentioned-user-id="11167502" ><s>@</s><b>humble</b></a>]]></document>
		<document id="412320954883538944" url="https://twitter.com/RalphALMuser/status/412320954883538944"><![CDATA[@Esther_Perspi uoohhh gitano ronaldoooo]]></document>
		<document id="412552309454155776" url="https://twitter.com/RalphALMuser/status/412552309454155776"><![CDATA[Wow such nice internet u got there wow]]></document>
		<document id="414457486989463552" url="https://twitter.com/RalphALMuser/status/414457486989463552"><![CDATA[WOW NICE TWEETING OVER THERE]]></document>
		<document id="414457926565101569" url="https://twitter.com/RalphALMuser/status/414457926565101569"><![CDATA[<a href="/forameus_" class="twitter-atreply pretty-link js-nav" dir="ltr" data-mentioned-user-id="2983361331" ><s>@</s><b>forameus_</b></a> the game?]]></document>
		<document id="414459307732635648" url="https://twitter.com/RalphALMuser/status/414459307732635648"><![CDATA[WE ARE ONEEEEEEE ONE FOR SUREEEEEEEEEEE]]></document>
		<document id="414459473395077120" url="https://twitter.com/RalphALMuser/status/414459473395077120"><![CDATA[ALL MDFDSFFDSFDSFSDFSDFSD]]></document>
		<document id="415081669347909632" url="https://twitter.com/RalphALMuser/status/415081669347909632"><![CDATA[Taylor swift al FIB]]></document>
		<document id="415806869043544064" url="https://twitter.com/RalphALMuser/status/415806869043544064"><![CDATA[@falloutcloser r u serious]]></document>
		<document id="416139346174296064" url="https://twitter.com/RalphALMuser/status/416139346174296064"><![CDATA[MUSE EN LA MTV EEEEEEH TODOS CORRED]]></document>
		<document id="416139623170322432" url="https://twitter.com/RalphALMuser/status/416139623170322432"><![CDATA[BLACK HOLE AND REVELAAAAATIOOONS]]></document>
		<document id="416140331609231360" url="https://twitter.com/RalphALMuser/status/416140331609231360"><![CDATA[SE VA A ACABAR YA Y T.T]]></document>
		<document id="416278647691952128" url="https://twitter.com/RalphALMuser/status/416278647691952128"><![CDATA[<a href="/Maikol_Mars" class="twitter-atreply pretty-link js-nav" dir="ltr" data-mentioned-user-id="2518997282" ><s>@</s><b>Maikol_Mars</b></a> such*]]></document>
		<document id="416278721247453184" url="https://twitter.com/RalphALMuser/status/416278721247453184"><![CDATA[wow nice doge such beautiful]]></document>
		<document id="416512240003457025" url="https://twitter.com/RalphALMuser/status/416512240003457025"><![CDATA[<a href="/ClaraFlonesPudd" class="twitter-atreply pretty-link js-nav" dir="ltr" data-mentioned-user-id="285170214" ><s>@</s><b>ClaraFlonesPudd</b></a> wow many quick such adorable]]></document>
		<document id="416730352762494976" url="https://twitter.com/RalphALMuser/status/416730352762494976"><![CDATA[@falloutcloser siegaso]]></document>
		<document id="416730590365642752" url="https://twitter.com/RalphALMuser/status/416730590365642752"><![CDATA[@falloutcloser si me llevases a independance...]]></document>
		<document id="416913221459927040" url="https://twitter.com/RalphALMuser/status/416913221459927040"><![CDATA[Help me get more points for my Amazon gift card! Download this <a href="http://t.co/YExPELln9u" rel="nofollow" dir="ltr" data-expanded-url="http://bit.ly/androidnana" class="twitter-timeline-link" target="_blank" title="http://bit.ly/androidnana" ><span class="tco-ellipsis"></span><span class="invisible">http://</span><span class="js-display-url">bit.ly/androidnana</span><span class="invisible"></span><span class="tco-ellipsis"><span class="invisible">&nbsp;</span></span></a> on your Android and input my invitation code p1789741]]></document>
		<document id="417263451061633024" url="https://twitter.com/RalphALMuser/status/417263451061633024"><![CDATA[<a href="/Carmen_White95" class="twitter-atreply pretty-link js-nav" dir="ltr" data-mentioned-user-id="947749436" ><s>@</s><b>Carmen_White95</b></a> @ALEXBALLER13 os conociais? Wtf?]]></document>
		<document id="417264583725031424" url="https://twitter.com/RalphALMuser/status/417264583725031424"><![CDATA[<a href="/Carmen_White95" class="twitter-atreply pretty-link js-nav" dir="ltr" data-mentioned-user-id="947749436" ><s>@</s><b>Carmen_White95</b></a> @ALEXBALLER13 yep xdd]]></document>
		<document id="417266332070322177" url="https://twitter.com/RalphALMuser/status/417266332070322177"><![CDATA[Help me get more points for my Amazon gift card! Download this <a href="http://t.co/YExPELln9u" rel="nofollow" dir="ltr" data-expanded-url="http://bit.ly/androidnana" class="twitter-timeline-link" target="_blank" title="http://bit.ly/androidnana" ><span class="tco-ellipsis"></span><span class="invisible">http://</span><span class="js-display-url">bit.ly/androidnana</span><span class="invisible"></span><span class="tco-ellipsis"><span class="invisible">&nbsp;</span></span></a> on your Android and input my invitation code p1789741]]></document>
		<document id="417976617739505664" url="https://twitter.com/RalphALMuser/status/417976617739505664"><![CDATA[Help me get more points for my Amazon gift card! Download this  <a href="http://t.co/YExPELln9u" rel="nofollow" dir="ltr" data-expanded-url="http://bit.ly/androidnana" class="twitter-timeline-link" target="_blank" title="http://bit.ly/androidnana" ><span class="tco-ellipsis"></span><span class="invisible">http://</span><span class="js-display-url">bit.ly/androidnana</span><span class="invisible"></span><span class="tco-ellipsis"><span class="invisible">&nbsp;</span></span></a> on your Android and input my invitation code p1789741]]></document>
		<document id="418147576496783360" url="https://twitter.com/RalphALMuser/status/418147576496783360"><![CDATA[HABEIS CAGADO TODOS YA?]]></document>
		<document id="419173041042898944" url="https://twitter.com/RalphALMuser/status/419173041042898944"><![CDATA[I&#39;m just a men, I&#39;m not a hero]]></document>
		<document id="419641836849094656" url="https://twitter.com/RalphALMuser/status/419641836849094656"><![CDATA[<a href="/e_platypusdream" class="twitter-atreply pretty-link js-nav" dir="ltr" data-mentioned-user-id="247238724" ><s>@</s><b>e_platypusdream</b></a> t raho]]></document>
		<document id="420627864300445696" url="https://twitter.com/RalphALMuser/status/420627864300445696"><![CDATA[NO SABEIS LO DURO QUE ES ESTAR PENDIENTE DEL CODIGO DE SEGUIMIENTO DE UN JUGUETITO NUEVO Y VER COMO VA DE CIUDAD EN CIUDAD T____T]]></document>
		<document id="420644168122527744" url="https://twitter.com/RalphALMuser/status/420644168122527744"><![CDATA[<a href="/massconvulsions" class="twitter-atreply pretty-link js-nav" dir="ltr" data-mentioned-user-id="2977930361" ><s>@</s><b>MassConvulsions</b></a> <a href="/massconvulsions" class="twitter-atreply pretty-link js-nav" dir="ltr" data-mentioned-user-id="2977930361" ><s>@</s><b>MassConvulsions</b></a> locas.]]></document>
		<document id="421685994115440640" url="https://twitter.com/RalphALMuser/status/421685994115440640"><![CDATA[ER TEKE TEKE AORA ER TEKE TEKE AORA]]></document>
		<document id="421691309070360577" url="https://twitter.com/RalphALMuser/status/421691309070360577"><![CDATA[<a href="/ArtichokeRawr" class="twitter-atreply pretty-link js-nav" dir="ltr" data-mentioned-user-id="496091970" ><s>@</s><b>ArtichokeRawr</b></a> habras foiado]]></document>
		<document id="421695028545585152" url="https://twitter.com/RalphALMuser/status/421695028545585152"><![CDATA[<a href="/ArtichokeRawr" class="twitter-atreply pretty-link js-nav" dir="ltr" data-mentioned-user-id="496091970" ><s>@</s><b>ArtichokeRawr</b></a> &lt;3333333333]]></document>
		<document id="422441736104075264" url="https://twitter.com/RalphALMuser/status/422441736104075264"><![CDATA[He de bajarme the suburbs]]></document>
		<document id="422447491385421824" url="https://twitter.com/RalphALMuser/status/422447491385421824"><![CDATA[FEEEAAAAR AND PAAAANIIC IN THE AAAAAIIIR]]></document>
		<document id="423042284305674240" url="https://twitter.com/RalphALMuser/status/423042284305674240"><![CDATA[HALA, SI YA HASTA LA CAGAIS CON EL DISEÑO DEL TWITTER PARA ORDENADOR, WOW <a href="/twitter" class="twitter-atreply pretty-link js-nav" dir="ltr" data-mentioned-user-id="783214" ><s>@</s><b>twitter</b></a>]]></document>
		<document id="423501943974416384" url="https://twitter.com/RalphALMuser/status/423501943974416384"><![CDATA[There were tears on the steering wheel dripping on the seat]]></document>
		<document id="423802763009859584" url="https://twitter.com/RalphALMuser/status/423802763009859584"><![CDATA[Such a nais day, wow]]></document>
		<document id="423804001600417792" url="https://twitter.com/RalphALMuser/status/423804001600417792"><![CDATA[WE&#39;RE NOT DROPLETS IN THE OOOOOCEAAAAN<a href="http://t.co/1jDYGfasKM" class="twitter-timeline-link u-hidden" data-pre-embedded="true" dir="ltr" >pic.twitter.com/1jDYGfasKM</a>]]></document>
		<document id="425750174162771969" url="https://twitter.com/RalphALMuser/status/425750174162771969"><![CDATA[<a href="/Enrictrunk96" class="twitter-atreply pretty-link js-nav" dir="ltr" data-mentioned-user-id="632939213" ><s>@</s><b>Enrictrunk96</b></a> almosphere*]]></document>
		<document id="425750602006925312" url="https://twitter.com/RalphALMuser/status/425750602006925312"><![CDATA[@ThatFallenAlex mereces mi mas absoluto respeto tio xddddddd]]></document>
		<document id="425757937936900096" url="https://twitter.com/RalphALMuser/status/425757937936900096"><![CDATA[Breaking Bad lo patrocinaba carglass, u know]]></document>
		<document id="426065384077557760" url="https://twitter.com/RalphALMuser/status/426065384077557760"><![CDATA[Sere El galletero wey]]></document>
		<document id="426248655541383168" url="https://twitter.com/RalphALMuser/status/426248655541383168"><![CDATA[<a href="/ArtichokeRawr" class="twitter-atreply pretty-link js-nav" dir="ltr" data-mentioned-user-id="496091970" ><s>@</s><b>ArtichokeRawr</b></a> hazte un porro]]></document>
		<document id="426249100708020224" url="https://twitter.com/RalphALMuser/status/426249100708020224"><![CDATA[<a href="/ArtichokeRawr" class="twitter-atreply pretty-link js-nav" dir="ltr" data-mentioned-user-id="496091970" ><s>@</s><b>ArtichokeRawr</b></a>: fallaste, puedes irte al infierno feliz :(]]></document>
		<document id="426249404618907648" url="https://twitter.com/RalphALMuser/status/426249404618907648"><![CDATA[<a href="/_timexlost" class="twitter-atreply pretty-link js-nav" dir="ltr" data-mentioned-user-id="1172433823" ><s>@</s><b>_timexlost</b></a> <a href="/ArtichokeRawr" class="twitter-atreply pretty-link js-nav" dir="ltr" data-mentioned-user-id="496091970" ><s>@</s><b>ArtichokeRawr</b></a> UN PORRO]]></document>
		<document id="426249632096980992" url="https://twitter.com/RalphALMuser/status/426249632096980992"><![CDATA[<a href="/ArtichokeRawr" class="twitter-atreply pretty-link js-nav" dir="ltr" data-mentioned-user-id="496091970" ><s>@</s><b>ArtichokeRawr</b></a> 505 pollas en tu boca]]></document>
		<document id="426249791769935873" url="https://twitter.com/RalphALMuser/status/426249791769935873"><![CDATA[<a href="/_timexlost" class="twitter-atreply pretty-link js-nav" dir="ltr" data-mentioned-user-id="1172433823" ><s>@</s><b>_timexlost</b></a> <a href="/ArtichokeRawr" class="twitter-atreply pretty-link js-nav" dir="ltr" data-mentioned-user-id="496091970" ><s>@</s><b>ArtichokeRawr</b></a> K NO K ASKO TIO :€]]></document>
		<document id="426758262219096065" url="https://twitter.com/RalphALMuser/status/426758262219096065"><![CDATA[<a href="/JusttMar" class="twitter-atreply pretty-link js-nav" dir="ltr" data-mentioned-user-id="387752094" ><s>@</s><b>JusttMar</b></a> first world problems]]></document>
		<document id="407632379713708032" url="https://twitter.com/RalphALMuser/status/407632379713708032"><![CDATA[Prepare your steel anus]]></document>
		<document id="407823514641899521" url="https://twitter.com/RalphALMuser/status/407823514641899521"><![CDATA[Hehe mi culo por mates hehe]]></document>
		<document id="408006099477221376" url="https://twitter.com/RalphALMuser/status/408006099477221376"><![CDATA[Alguien me da amor por whatsapp? Me aburro :-)]]></document>
		<document id="408006365710663680" url="https://twitter.com/RalphALMuser/status/408006365710663680"><![CDATA[Dat indirecta]]></document>
		<document id="408302744790130688" url="https://twitter.com/RalphALMuser/status/408302744790130688"><![CDATA[@falloutcloser ADIOS SATAN]]></document>
		<document id="408654108283781120" url="https://twitter.com/RalphALMuser/status/408654108283781120"><![CDATA[<a href="/ArtichokeRawr" class="twitter-atreply pretty-link js-nav" dir="ltr" data-mentioned-user-id="496091970" ><s>@</s><b>ArtichokeRawr</b></a> stas pa foiarte suabe]]></document>
		<document id="409013837292376064" url="https://twitter.com/RalphALMuser/status/409013837292376064"><![CDATA[<a href="/forameus_" class="twitter-atreply pretty-link js-nav" dir="ltr" data-mentioned-user-id="2983361331" ><s>@</s><b>forameus_</b></a> what the hell]]></document>
		<document id="409100513305968640" url="https://twitter.com/RalphALMuser/status/409100513305968640"><![CDATA[<a href="/GodSaveTheAni_" class="twitter-atreply pretty-link js-nav" dir="ltr" data-mentioned-user-id="421203891" ><s>@</s><b>GodSaveTheAni_</b></a> ya era hora]]></document>
		<document id="409522186278670336" url="https://twitter.com/RalphALMuser/status/409522186278670336"><![CDATA[<a href="/Clauisgonnawin" class="twitter-atreply pretty-link js-nav" dir="ltr" data-mentioned-user-id="2530801537" ><s>@</s><b>Clauisgonnawin</b></a> mormal, wenorra]]></document>
		<document id="409522984001740800" url="https://twitter.com/RalphALMuser/status/409522984001740800"><![CDATA[<a href="/Clauisgonnawin" class="twitter-atreply pretty-link js-nav" dir="ltr" data-mentioned-user-id="2530801537" ><s>@</s><b>Clauisgonnawin</b></a> aki asiendo sprints corriendo]]></document>
		<document id="409523354182619136" url="https://twitter.com/RalphALMuser/status/409523354182619136"><![CDATA[Estoy fofo]]></document>
		<document id="409740813166325761" url="https://twitter.com/RalphALMuser/status/409740813166325761"><![CDATA[Can´t get it right since I met you]]></document>
		<document id="409741507118108672" url="https://twitter.com/RalphALMuser/status/409741507118108672"><![CDATA[<a href="http://t.co/6krzmd4tHx" rel="nofollow" dir="ltr" data-expanded-url="http://www.youtube.com/watch?v=5lnVI5j4WDg" class="twitter-timeline-link" target="_blank" title="http://www.youtube.com/watch?v=5lnVI5j4WDg" ><span class="tco-ellipsis"></span><span class="invisible">http://www.</span><span class="js-display-url">youtube.com/watch?v=5lnVI5</span><span class="invisible">j4WDg</span><span class="tco-ellipsis"><span class="invisible">&nbsp;</span>…</span></a> Revenge will surely come Your hard times are ahead]]></document>
		<document id="409742646672764928" url="https://twitter.com/RalphALMuser/status/409742646672764928"><![CDATA[Motivacion nivel Butterflies and Hurricanes]]></document>
		<document id="410454910736424960" url="https://twitter.com/RalphALMuser/status/410454910736424960"><![CDATA[Puala con photoshop no pls]]></document>
		<document id="410455916463403008" url="https://twitter.com/RalphALMuser/status/410455916463403008"><![CDATA[@falloutcloser JAJAAAJJAJAJAAJAAJJAJAAJAJAAJJA NOMAS]]></document>
		<document id="410457088700080128" url="https://twitter.com/RalphALMuser/status/410457088700080128"><![CDATA[@falloutcloser<a href="http://t.co/GnI4RQ3cwX" class="twitter-timeline-link u-hidden" data-pre-embedded="true" dir="ltr" >pic.twitter.com/GnI4RQ3cwX</a>]]></document>
		<document id="410460304640704512" url="https://twitter.com/RalphALMuser/status/410460304640704512"><![CDATA[<a href="/hashtag/NP?src=hash" data-query-source="hashtag_click" class="twitter-hashtag pretty-link js-nav" dir="ltr" ><s>#</s><b>NP</b></a><a href="http://t.co/FjShJiwMAz" rel="nofollow" dir="ltr" data-expanded-url="http://www.youtube.com/watch?v=3PyoxMSEHYI" class="twitter-timeline-link u-hidden" target="_blank" title="http://www.youtube.com/watch?v=3PyoxMSEHYI" ><span class="tco-ellipsis"></span><span class="invisible">http://www.</span><span class="js-display-url">youtube.com/watch?v=3PyoxM</span><span class="invisible">SEHYI</span><span class="tco-ellipsis"><span class="invisible">&nbsp;</span>…</span></a>]]></document>
		<document id="410460364279513090" url="https://twitter.com/RalphALMuser/status/410460364279513090"><![CDATA[Dj almoguera sesion Arctic Monkeys]]></document>
		<document id="410461820915171329" url="https://twitter.com/RalphALMuser/status/410461820915171329"><![CDATA[<a href="/hashtag/NP?src=hash" data-query-source="hashtag_click" class="twitter-hashtag pretty-link js-nav" dir="ltr" ><s>#</s><b>NP</b></a><a href="http://t.co/jHEE433JeZ" rel="nofollow" dir="ltr" data-expanded-url="http://www.youtube.com/watch?v=g-cukZ10j8A" class="twitter-timeline-link u-hidden" target="_blank" title="http://www.youtube.com/watch?v=g-cukZ10j8A" ><span class="tco-ellipsis"></span><span class="invisible">http://www.</span><span class="js-display-url">youtube.com/watch?v=g-cukZ</span><span class="invisible">10j8A</span><span class="tco-ellipsis"><span class="invisible">&nbsp;</span>…</span></a>]]></document>
		<document id="410462559712456704" url="https://twitter.com/RalphALMuser/status/410462559712456704"><![CDATA[<a href="/hashtag/NP?src=hash" data-query-source="hashtag_click" class="twitter-hashtag pretty-link js-nav" dir="ltr" ><s>#</s><b>NP</b></a><a href="http://t.co/38gvHe560O" rel="nofollow" dir="ltr" data-expanded-url="http://www.youtube.com/watch?v=qrqtD4TiO5c" class="twitter-timeline-link u-hidden" target="_blank" title="http://www.youtube.com/watch?v=qrqtD4TiO5c" ><span class="tco-ellipsis"></span><span class="invisible">http://www.</span><span class="js-display-url">youtube.com/watch?v=qrqtD4</span><span class="invisible">TiO5c</span><span class="tco-ellipsis"><span class="invisible">&nbsp;</span>…</span></a>]]></document>
		<document id="410463511441981440" url="https://twitter.com/RalphALMuser/status/410463511441981440"><![CDATA[<a href="/hashtag/NP?src=hash" data-query-source="hashtag_click" class="twitter-hashtag pretty-link js-nav" dir="ltr" ><s>#</s><b>NP</b></a><a href="http://t.co/73ueQvwfoj" rel="nofollow" dir="ltr" data-expanded-url="http://www.youtube.com/watch?v=U3LsJMLWN2k" class="twitter-timeline-link u-hidden" target="_blank" title="http://www.youtube.com/watch?v=U3LsJMLWN2k" ><span class="tco-ellipsis"></span><span class="invisible">http://www.</span><span class="js-display-url">youtube.com/watch?v=U3LsJM</span><span class="invisible">LWN2k</span><span class="tco-ellipsis"><span class="invisible">&nbsp;</span>…</span></a>]]></document>
		<document id="410464966244716544" url="https://twitter.com/RalphALMuser/status/410464966244716544"><![CDATA[<a href="/hashtag/NP?src=hash" data-query-source="hashtag_click" class="twitter-hashtag pretty-link js-nav" dir="ltr" ><s>#</s><b>NP</b></a><a href="http://t.co/jrv2iu6HSP" rel="nofollow" dir="ltr" data-expanded-url="http://www.youtube.com/watch?v=qL0Z3Ly0CEw" class="twitter-timeline-link u-hidden" target="_blank" title="http://www.youtube.com/watch?v=qL0Z3Ly0CEw" ><span class="tco-ellipsis"></span><span class="invisible">http://www.</span><span class="js-display-url">youtube.com/watch?v=qL0Z3L</span><span class="invisible">y0CEw</span><span class="tco-ellipsis"><span class="invisible">&nbsp;</span>…</span></a>]]></document>
		<document id="411033302708277248" url="https://twitter.com/RalphALMuser/status/411033302708277248"><![CDATA[OTRA VEZ HAN CAMBIADO LA APP DE TWITTER PARAD YAAAAAAAA]]></document>
		<document id="411194017674588160" url="https://twitter.com/RalphALMuser/status/411194017674588160"><![CDATA[Nova Baby+Mind Eraser &lt;3333333]]></document>
		<document id="411832695379861504" url="https://twitter.com/RalphALMuser/status/411832695379861504"><![CDATA[BRIAN, TOP MARKS FOR NOT TRYIN!]]></document>
		<document id="411834090405367808" url="https://twitter.com/RalphALMuser/status/411834090405367808"><![CDATA[Crawlin&#39; back to you.]]></document>
		<document id="412193565083590656" url="https://twitter.com/RalphALMuser/status/412193565083590656"><![CDATA[Humble Jumbo Bundle: Name your price, support charity &amp; get 9 amazing games! <a href="https://t.co/TevIxK4822" rel="nofollow" dir="ltr" data-expanded-url="https://www.humblebundle.com" class="twitter-timeline-link" target="_blank" title="https://www.humblebundle.com" ><span class="tco-ellipsis"></span><span class="invisible">https://www.</span><span class="js-display-url">humblebundle.com</span><span class="invisible"></span><span class="tco-ellipsis"><span class="invisible">&nbsp;</span></span></a> vía <a href="/humble" class="twitter-atreply pretty-link js-nav" dir="ltr" data-mentioned-user-id="11167502" ><s>@</s><b>humble</b></a>]]></document>
		<document id="412320954883538944" url="https://twitter.com/RalphALMuser/status/412320954883538944"><![CDATA[@Esther_Perspi uoohhh gitano ronaldoooo]]></document>
		<document id="412552309454155776" url="https://twitter.com/RalphALMuser/status/412552309454155776"><![CDATA[Wow such nice internet u got there wow]]></document>
		<document id="414457486989463552" url="https://twitter.com/RalphALMuser/status/414457486989463552"><![CDATA[WOW NICE TWEETING OVER THERE]]></document>
		<document id="414457926565101569" url="https://twitter.com/RalphALMuser/status/414457926565101569"><![CDATA[<a href="/forameus_" class="twitter-atreply pretty-link js-nav" dir="ltr" data-mentioned-user-id="2983361331" ><s>@</s><b>forameus_</b></a> the game?]]></document>
		<document id="414459307732635648" url="https://twitter.com/RalphALMuser/status/414459307732635648"><![CDATA[WE ARE ONEEEEEEE ONE FOR SUREEEEEEEEEEE]]></document>
		<document id="414459473395077120" url="https://twitter.com/RalphALMuser/status/414459473395077120"><![CDATA[ALL MDFDSFFDSFDSFSDFSDFSD]]></document>
		<document id="415081669347909632" url="https://twitter.com/RalphALMuser/status/415081669347909632"><![CDATA[Taylor swift al FIB]]></document>
		<document id="415806869043544064" url="https://twitter.com/RalphALMuser/status/415806869043544064"><![CDATA[@falloutcloser r u serious]]></document>
		<document id="416139346174296064" url="https://twitter.com/RalphALMuser/status/416139346174296064"><![CDATA[MUSE EN LA MTV EEEEEEH TODOS CORRED]]></document>
		<document id="416139623170322432" url="https://twitter.com/RalphALMuser/status/416139623170322432"><![CDATA[BLACK HOLE AND REVELAAAAATIOOONS]]></document>
		<document id="416140331609231360" url="https://twitter.com/RalphALMuser/status/416140331609231360"><![CDATA[SE VA A ACABAR YA Y T.T]]></document>
		<document id="416278647691952128" url="https://twitter.com/RalphALMuser/status/416278647691952128"><![CDATA[<a href="/Maikol_Mars" class="twitter-atreply pretty-link js-nav" dir="ltr" data-mentioned-user-id="2518997282" ><s>@</s><b>Maikol_Mars</b></a> such*]]></document>
		<document id="416278721247453184" url="https://twitter.com/RalphALMuser/status/416278721247453184"><![CDATA[wow nice doge such beautiful]]></document>
		<document id="416512240003457025" url="https://twitter.com/RalphALMuser/status/416512240003457025"><![CDATA[<a href="/ClaraFlonesPudd" class="twitter-atreply pretty-link js-nav" dir="ltr" data-mentioned-user-id="285170214" ><s>@</s><b>ClaraFlonesPudd</b></a> wow many quick such adorable]]></document>
		<document id="416730352762494976" url="https://twitter.com/RalphALMuser/status/416730352762494976"><![CDATA[@falloutcloser siegaso]]></document>
		<document id="416730590365642752" url="https://twitter.com/RalphALMuser/status/416730590365642752"><![CDATA[@falloutcloser si me llevases a independance...]]></document>
		<document id="416913221459927040" url="https://twitter.com/RalphALMuser/status/416913221459927040"><![CDATA[Help me get more points for my Amazon gift card! Download this <a href="http://t.co/YExPELln9u" rel="nofollow" dir="ltr" data-expanded-url="http://bit.ly/androidnana" class="twitter-timeline-link" target="_blank" title="http://bit.ly/androidnana" ><span class="tco-ellipsis"></span><span class="invisible">http://</span><span class="js-display-url">bit.ly/androidnana</span><span class="invisible"></span><span class="tco-ellipsis"><span class="invisible">&nbsp;</span></span></a> on your Android and input my invitation code p1789741]]></document>
		<document id="417263451061633024" url="https://twitter.com/RalphALMuser/status/417263451061633024"><![CDATA[<a href="/Carmen_White95" class="twitter-atreply pretty-link js-nav" dir="ltr" data-mentioned-user-id="947749436" ><s>@</s><b>Carmen_White95</b></a> @ALEXBALLER13 os conociais? Wtf?]]></document>
		<document id="417264583725031424" url="https://twitter.com/RalphALMuser/status/417264583725031424"><![CDATA[<a href="/Carmen_White95" class="twitter-atreply pretty-link js-nav" dir="ltr" data-mentioned-user-id="947749436" ><s>@</s><b>Carmen_White95</b></a> @ALEXBALLER13 yep xdd]]></document>
		<document id="417266332070322177" url="https://twitter.com/RalphALMuser/status/417266332070322177"><![CDATA[Help me get more points for my Amazon gift card! Download this <a href="http://t.co/YExPELln9u" rel="nofollow" dir="ltr" data-expanded-url="http://bit.ly/androidnana" class="twitter-timeline-link" target="_blank" title="http://bit.ly/androidnana" ><span class="tco-ellipsis"></span><span class="invisible">http://</span><span class="js-display-url">bit.ly/androidnana</span><span class="invisible"></span><span class="tco-ellipsis"><span class="invisible">&nbsp;</span></span></a> on your Android and input my invitation code p1789741]]></document>
		<document id="417976617739505664" url="https://twitter.com/RalphALMuser/status/417976617739505664"><![CDATA[Help me get more points for my Amazon gift card! Download this  <a href="http://t.co/YExPELln9u" rel="nofollow" dir="ltr" data-expanded-url="http://bit.ly/androidnana" class="twitter-timeline-link" target="_blank" title="http://bit.ly/androidnana" ><span class="tco-ellipsis"></span><span class="invisible">http://</span><span class="js-display-url">bit.ly/androidnana</span><span class="invisible"></span><span class="tco-ellipsis"><span class="invisible">&nbsp;</span></span></a> on your Android and input my invitation code p1789741]]></document>
		<document id="418147576496783360" url="https://twitter.com/RalphALMuser/status/418147576496783360"><![CDATA[HABEIS CAGADO TODOS YA?]]></document>
		<document id="419173041042898944" url="https://twitter.com/RalphALMuser/status/419173041042898944"><![CDATA[I&#39;m just a men, I&#39;m not a hero]]></document>
		<document id="419641836849094656" url="https://twitter.com/RalphALMuser/status/419641836849094656"><![CDATA[<a href="/e_platypusdream" class="twitter-atreply pretty-link js-nav" dir="ltr" data-mentioned-user-id="247238724" ><s>@</s><b>e_platypusdream</b></a> t raho]]></document>
		<document id="420627864300445696" url="https://twitter.com/RalphALMuser/status/420627864300445696"><![CDATA[NO SABEIS LO DURO QUE ES ESTAR PENDIENTE DEL CODIGO DE SEGUIMIENTO DE UN JUGUETITO NUEVO Y VER COMO VA DE CIUDAD EN CIUDAD T____T]]></document>
		<document id="420644168122527744" url="https://twitter.com/RalphALMuser/status/420644168122527744"><![CDATA[<a href="/massconvulsions" class="twitter-atreply pretty-link js-nav" dir="ltr" data-mentioned-user-id="2977930361" ><s>@</s><b>MassConvulsions</b></a> <a href="/massconvulsions" class="twitter-atreply pretty-link js-nav" dir="ltr" data-mentioned-user-id="2977930361" ><s>@</s><b>MassConvulsions</b></a> locas.]]></document>
		<document id="421685994115440640" url="https://twitter.com/RalphALMuser/status/421685994115440640"><![CDATA[ER TEKE TEKE AORA ER TEKE TEKE AORA]]></document>
		<document id="421691309070360577" url="https://twitter.com/RalphALMuser/status/421691309070360577"><![CDATA[<a href="/ArtichokeRawr" class="twitter-atreply pretty-link js-nav" dir="ltr" data-mentioned-user-id="496091970" ><s>@</s><b>ArtichokeRawr</b></a> habras foiado]]></document>
		<document id="421695028545585152" url="https://twitter.com/RalphALMuser/status/421695028545585152"><![CDATA[<a href="/ArtichokeRawr" class="twitter-atreply pretty-link js-nav" dir="ltr" data-mentioned-user-id="496091970" ><s>@</s><b>ArtichokeRawr</b></a> &lt;3333333333]]></document>
		<document id="422441736104075264" url="https://twitter.com/RalphALMuser/status/422441736104075264"><![CDATA[He de bajarme the suburbs]]></document>
		<document id="422447491385421824" url="https://twitter.com/RalphALMuser/status/422447491385421824"><![CDATA[FEEEAAAAR AND PAAAANIIC IN THE AAAAAIIIR]]></document>
		<document id="423042284305674240" url="https://twitter.com/RalphALMuser/status/423042284305674240"><![CDATA[HALA, SI YA HASTA LA CAGAIS CON EL DISEÑO DEL TWITTER PARA ORDENADOR, WOW <a href="/twitter" class="twitter-atreply pretty-link js-nav" dir="ltr" data-mentioned-user-id="783214" ><s>@</s><b>twitter</b></a>]]></document>
		<document id="423501943974416384" url="https://twitter.com/RalphALMuser/status/423501943974416384"><![CDATA[There were tears on the steering wheel dripping on the seat]]></document>
		<document id="423802763009859584" url="https://twitter.com/RalphALMuser/status/423802763009859584"><![CDATA[Such a nais day, wow]]></document>
		<document id="423804001600417792" url="https://twitter.com/RalphALMuser/status/423804001600417792"><![CDATA[WE&#39;RE NOT DROPLETS IN THE OOOOOCEAAAAN<a href="http://t.co/1jDYGfasKM" class="twitter-timeline-link u-hidden" data-pre-embedded="true" dir="ltr" >pic.twitter.com/1jDYGfasKM</a>]]></document>
		<document id="425750174162771969" url="https://twitter.com/RalphALMuser/status/425750174162771969"><![CDATA[<a href="/Enrictrunk96" class="twitter-atreply pretty-link js-nav" dir="ltr" data-mentioned-user-id="632939213" ><s>@</s><b>Enrictrunk96</b></a> almosphere*]]></document>
		<document id="425750602006925312" url="https://twitter.com/RalphALMuser/status/425750602006925312"><![CDATA[@ThatFallenAlex mereces mi mas absoluto respeto tio xddddddd]]></document>
		<document id="425757937936900096" url="https://twitter.com/RalphALMuser/status/425757937936900096"><![CDATA[Breaking Bad lo patrocinaba carglass, u know]]></document>
		<document id="426065384077557760" url="https://twitter.com/RalphALMuser/status/426065384077557760"><![CDATA[Sere El galletero wey]]></document>
		<document id="426248655541383168" url="https://twitter.com/RalphALMuser/status/426248655541383168"><![CDATA[<a href="/ArtichokeRawr" class="twitter-atreply pretty-link js-nav" dir="ltr" data-mentioned-user-id="496091970" ><s>@</s><b>ArtichokeRawr</b></a> hazte un porro]]></document>
		<document id="426249100708020224" url="https://twitter.com/RalphALMuser/status/426249100708020224"><![CDATA[<a href="/ArtichokeRawr" class="twitter-atreply pretty-link js-nav" dir="ltr" data-mentioned-user-id="496091970" ><s>@</s><b>ArtichokeRawr</b></a>: fallaste, puedes irte al infierno feliz :(]]></document>
		<document id="426249404618907648" url="https://twitter.com/RalphALMuser/status/426249404618907648"><![CDATA[<a href="/_timexlost" class="twitter-atreply pretty-link js-nav" dir="ltr" data-mentioned-user-id="1172433823" ><s>@</s><b>_timexlost</b></a> <a href="/ArtichokeRawr" class="twitter-atreply pretty-link js-nav" dir="ltr" data-mentioned-user-id="496091970" ><s>@</s><b>ArtichokeRawr</b></a> UN PORRO]]></document>
		<document id="426249632096980992" url="https://twitter.com/RalphALMuser/status/426249632096980992"><![CDATA[<a href="/ArtichokeRawr" class="twitter-atreply pretty-link js-nav" dir="ltr" data-mentioned-user-id="496091970" ><s>@</s><b>ArtichokeRawr</b></a> 505 pollas en tu boca]]></document>
		<document id="426249791769935873" url="https://twitter.com/RalphALMuser/status/426249791769935873"><![CDATA[<a href="/_timexlost" class="twitter-atreply pretty-link js-nav" dir="ltr" data-mentioned-user-id="1172433823" ><s>@</s><b>_timexlost</b></a> <a href="/ArtichokeRawr" class="twitter-atreply pretty-link js-nav" dir="ltr" data-mentioned-user-id="496091970" ><s>@</s><b>ArtichokeRawr</b></a> K NO K ASKO TIO :€]]></document>
		<document id="426758262219096065" url="https://twitter.com/RalphALMuser/status/426758262219096065"><![CDATA[<a href="/JusttMar" class="twitter-atreply pretty-link js-nav" dir="ltr" data-mentioned-user-id="387752094" ><s>@</s><b>JusttMar</b></a> first world problems]]></document>
	</documents>
</author>