<?xml version="1.0" encoding="UTF-8" standalone="no"?><author age_group="xx" gender="xx" lang="EN" type="twitter" url="https://twitter.com/pachogruas">
	<documents count="172">
		<document id="108166386655830016" url="https://twitter.com/pachogruas/status/108166386655830016"><![CDATA[Have some fun &amp; help save the Earth! Yike Bike: <a href="http://t.co/2fcaQcl" rel="nofollow" dir="ltr" data-expanded-url="http://www.youtube.com/watch?v=ahLneYeCJsA&amp;feature=share" class="twitter-timeline-link" target="_blank" title="http://www.youtube.com/watch?v=ahLneYeCJsA&amp;feature=share" ><span class="tco-ellipsis"></span><span class="invisible">http://www.</span><span class="js-display-url">youtube.com/watch?v=ahLneY</span><span class="invisible">eCJsA&amp;feature=share</span><span class="tco-ellipsis"><span class="invisible">&nbsp;</span>…</span></a> via <a href="/YouTube" class="twitter-atreply pretty-link js-nav" dir="ltr" data-mentioned-user-id="10228272" ><s>@</s><b>youtube</b></a>]]></document>
		<document id="108313838105010177" url="https://twitter.com/pachogruas/status/108313838105010177"><![CDATA[Fire in the <a href="/hashtag/sky?src=hash" data-query-source="hashtag_click" class="twitter-hashtag pretty-link js-nav" dir="ltr" ><s>#</s><b>sky</b></a> <a href="http://t.co/kGtACwt" rel="nofollow" dir="ltr" data-expanded-url="http://instagr.am/p/Losn9/" class="twitter-timeline-link" target="_blank" title="http://instagr.am/p/Losn9/" ><span class="tco-ellipsis"></span><span class="invisible">http://</span><span class="js-display-url">instagr.am/p/Losn9/</span><span class="invisible"></span><span class="tco-ellipsis"><span class="invisible">&nbsp;</span></span></a>]]></document>
		<document id="108313975409737728" url="https://twitter.com/pachogruas/status/108313975409737728"><![CDATA[Just posted a photo <a href="http://t.co/dhD3Xom" rel="nofollow" dir="ltr" data-expanded-url="http://instagr.am/p/Los1H/" class="twitter-timeline-link" target="_blank" title="http://instagr.am/p/Los1H/" ><span class="tco-ellipsis"></span><span class="invisible">http://</span><span class="js-display-url">instagr.am/p/Los1H/</span><span class="invisible"></span><span class="tco-ellipsis"><span class="invisible">&nbsp;</span></span></a>]]></document>
		<document id="108314121992290304" url="https://twitter.com/pachogruas/status/108314121992290304"><![CDATA[Just posted a photo <a href="http://t.co/cM5yalv" rel="nofollow" dir="ltr" data-expanded-url="http://instagr.am/p/Los_Q/" class="twitter-timeline-link" target="_blank" title="http://instagr.am/p/Los_Q/" ><span class="tco-ellipsis"></span><span class="invisible">http://</span><span class="js-display-url">instagr.am/p/Los_Q/</span><span class="invisible"></span><span class="tco-ellipsis"><span class="invisible">&nbsp;</span></span></a>]]></document>
		<document id="108372187550978049" url="https://twitter.com/pachogruas/status/108372187550978049"><![CDATA[<a href="/hashtag/soundtracking?src=hash" data-query-source="hashtag_click" class="twitter-hashtag pretty-link js-nav" dir="ltr" ><s>#</s><b>soundtracking</b></a> &quot;Love Lost&quot; by The Temper Trap ♫ <a href="http://t.co/Yobbc7Z" rel="nofollow" dir="ltr" data-expanded-url="http://sdtk.fm/pQWbhW" class="twitter-timeline-link" target="_blank" title="http://sdtk.fm/pQWbhW" ><span class="tco-ellipsis"></span><span class="invisible">http://</span><span class="js-display-url">sdtk.fm/pQWbhW</span><span class="invisible"></span><span class="tco-ellipsis"><span class="invisible">&nbsp;</span></span></a>]]></document>
		<document id="109246207678873600" url="https://twitter.com/pachogruas/status/109246207678873600"><![CDATA[Let September begin!! Thanks <a href="/pomplamoose" class="twitter-atreply pretty-link js-nav" dir="ltr" data-mentioned-user-id="20967403" ><s>@</s><b>pomplamoose</b></a> for this great cover and video!  <a href="http://t.co/vcruA2M" rel="nofollow" dir="ltr" data-expanded-url="http://www.youtube.com/watch?v=xycnv87N_BU&amp;feature=share" class="twitter-timeline-link" target="_blank" title="http://www.youtube.com/watch?v=xycnv87N_BU&amp;feature=share" ><span class="tco-ellipsis"></span><span class="invisible">http://www.</span><span class="js-display-url">youtube.com/watch?v=xycnv8</span><span class="invisible">7N_BU&amp;feature=share</span><span class="tco-ellipsis"><span class="invisible">&nbsp;</span>…</span></a> via <a href="/YouTube" class="twitter-atreply pretty-link js-nav" dir="ltr" data-mentioned-user-id="10228272" ><s>@</s><b>youtube</b></a>]]></document>
		<document id="109262006523133952" url="https://twitter.com/pachogruas/status/109262006523133952"><![CDATA[<a href="/acaicedos" class="twitter-atreply pretty-link js-nav" dir="ltr" data-mentioned-user-id="339646032" ><s>@</s><b>acaicedos</b></a> ...dancing in SEPTEMBER!!!]]></document>
		<document id="109680284097708032" url="https://twitter.com/pachogruas/status/109680284097708032"><![CDATA[always <a href="/hashtag/cocacola?src=hash" data-query-source="hashtag_click" class="twitter-hashtag pretty-link js-nav" dir="ltr" ><s>#</s><b>cocacola</b></a> <a href="http://t.co/bt5Wsco" rel="nofollow" dir="ltr" data-expanded-url="http://instagr.am/p/L8deM/" class="twitter-timeline-link" target="_blank" title="http://instagr.am/p/L8deM/" ><span class="tco-ellipsis"></span><span class="invisible">http://</span><span class="js-display-url">instagr.am/p/L8deM/</span><span class="invisible"></span><span class="tco-ellipsis"><span class="invisible">&nbsp;</span></span></a>]]></document>
		<document id="109680622234107904" url="https://twitter.com/pachogruas/status/109680622234107904"><![CDATA[always <a href="/hashtag/cocacola?src=hash" data-query-source="hashtag_click" class="twitter-hashtag pretty-link js-nav" dir="ltr" ><s>#</s><b>cocacola</b></a> <a href="/hashtag/bogota?src=hash" data-query-source="hashtag_click" class="twitter-hashtag pretty-link js-nav" dir="ltr" ><s>#</s><b>bogota</b></a> <a href="http://t.co/obxKfv9" rel="nofollow" dir="ltr" data-expanded-url="http://instagr.am/p/L8d9b/" class="twitter-timeline-link" target="_blank" title="http://instagr.am/p/L8d9b/" ><span class="tco-ellipsis"></span><span class="invisible">http://</span><span class="js-display-url">instagr.am/p/L8d9b/</span><span class="invisible"></span><span class="tco-ellipsis"><span class="invisible">&nbsp;</span></span></a>]]></document>
		<document id="110377184694247424" url="https://twitter.com/pachogruas/status/110377184694247424"><![CDATA[Good Morning <a href="http://t.co/flFyUld" rel="nofollow" dir="ltr" data-expanded-url="http://instagr.am/p/MJZlg/" class="twitter-timeline-link" target="_blank" title="http://instagr.am/p/MJZlg/" ><span class="tco-ellipsis"></span><span class="invisible">http://</span><span class="js-display-url">instagr.am/p/MJZlg/</span><span class="invisible"></span><span class="tco-ellipsis"><span class="invisible">&nbsp;</span></span></a>]]></document>
		<document id="111299317209370624" url="https://twitter.com/pachogruas/status/111299317209370624"><![CDATA[Old...?  <a href="http://t.co/UVfTiBC" rel="nofollow" dir="ltr" data-expanded-url="http://instagr.am/p/MZLMy/" class="twitter-timeline-link" target="_blank" title="http://instagr.am/p/MZLMy/" ><span class="tco-ellipsis"></span><span class="invisible">http://</span><span class="js-display-url">instagr.am/p/MZLMy/</span><span class="invisible"></span><span class="tco-ellipsis"><span class="invisible">&nbsp;</span></span></a>]]></document>
		<document id="111299833251368960" url="https://twitter.com/pachogruas/status/111299833251368960"><![CDATA[Just posted a photo <a href="http://t.co/iTRSEQD" rel="nofollow" dir="ltr" data-expanded-url="http://instagr.am/p/MZLmX/" class="twitter-timeline-link" target="_blank" title="http://instagr.am/p/MZLmX/" ><span class="tco-ellipsis"></span><span class="invisible">http://</span><span class="js-display-url">instagr.am/p/MZLmX/</span><span class="invisible"></span><span class="tco-ellipsis"><span class="invisible">&nbsp;</span></span></a>]]></document>
		<document id="111562523169402881" url="https://twitter.com/pachogruas/status/111562523169402881"><![CDATA[don&#39;t give up...]]></document>
		<document id="112249833837953024" url="https://twitter.com/pachogruas/status/112249833837953024"><![CDATA[somebody that i used to know.]]></document>
		<document id="112289804485525504" url="https://twitter.com/pachogruas/status/112289804485525504"><![CDATA[listening to Calvin Harris - Feel So Close on <a href="/grooveshark" class="twitter-atreply pretty-link js-nav" dir="ltr" data-mentioned-user-id="732373899233660929" ><s>@</s><b>Grooveshark</b></a>:   <a href="/hashtag/nowplaying?src=hash" data-query-source="hashtag_click" class="twitter-hashtag pretty-link js-nav" dir="ltr" ><s>#</s><b>nowplaying</b></a>  <a href="http://t.co/MTPUvRv" rel="nofollow" dir="ltr" data-expanded-url="http://tinysong.com/Jhq5" class="twitter-timeline-link" target="_blank" title="http://tinysong.com/Jhq5" ><span class="tco-ellipsis"></span><span class="invisible">http://</span><span class="js-display-url">tinysong.com/Jhq5</span><span class="invisible"></span><span class="tco-ellipsis"><span class="invisible">&nbsp;</span></span></a>]]></document>
		<document id="112614526465220608" url="https://twitter.com/pachogruas/status/112614526465220608"><![CDATA[i wanna make you happy. i wanna make you feel alive.]]></document>
		<document id="112624096046624768" url="https://twitter.com/pachogruas/status/112624096046624768"><![CDATA[Just posted a photo <a href="http://t.co/8LMM6MS" rel="nofollow" dir="ltr" data-expanded-url="http://instagr.am/p/MttlQ/" class="twitter-timeline-link" target="_blank" title="http://instagr.am/p/MttlQ/" ><span class="tco-ellipsis"></span><span class="invisible">http://</span><span class="js-display-url">instagr.am/p/MttlQ/</span><span class="invisible"></span><span class="tco-ellipsis"><span class="invisible">&nbsp;</span></span></a>]]></document>
		<document id="113026481499803648" url="https://twitter.com/pachogruas/status/113026481499803648"><![CDATA[<a href="/hashtag/RHCP?src=hash" data-query-source="hashtag_click" class="twitter-hashtag pretty-link js-nav" dir="ltr" ><s>#</s><b>RHCP</b></a> <a href="/hashtag/redhotchillipeppers?src=hash" data-query-source="hashtag_click" class="twitter-hashtag pretty-link js-nav" dir="ltr" ><s>#</s><b>redhotchillipeppers</b></a> <a href="/hashtag/concert?src=hash" data-query-source="hashtag_click" class="twitter-hashtag pretty-link js-nav" dir="ltr" ><s>#</s><b>concert</b></a> <a href="/hashtag/bogota?src=hash" data-query-source="hashtag_click" class="twitter-hashtag pretty-link js-nav" dir="ltr" ><s>#</s><b>bogota</b></a> <a href="http://t.co/FEdt9RL" rel="nofollow" dir="ltr" data-expanded-url="http://instagr.am/p/M16yN/" class="twitter-timeline-link" target="_blank" title="http://instagr.am/p/M16yN/" ><span class="tco-ellipsis"></span><span class="invisible">http://</span><span class="js-display-url">instagr.am/p/M16yN/</span><span class="invisible"></span><span class="tco-ellipsis"><span class="invisible">&nbsp;</span></span></a>]]></document>
		<document id="114186211823853569" url="https://twitter.com/pachogruas/status/114186211823853569"><![CDATA[I&#39;m watching you... <a href="/hashtag/goats?src=hash" data-query-source="hashtag_click" class="twitter-hashtag pretty-link js-nav" dir="ltr" ><s>#</s><b>goats</b></a> <a href="/hashtag/texas?src=hash" data-query-source="hashtag_click" class="twitter-hashtag pretty-link js-nav" dir="ltr" ><s>#</s><b>texas</b></a> <a href="http://t.co/LH8W7VN6" rel="nofollow" dir="ltr" data-expanded-url="http://instagr.am/p/NHAkw/" class="twitter-timeline-link" target="_blank" title="http://instagr.am/p/NHAkw/" ><span class="tco-ellipsis"></span><span class="invisible">http://</span><span class="js-display-url">instagr.am/p/NHAkw/</span><span class="invisible"></span><span class="tco-ellipsis"><span class="invisible">&nbsp;</span></span></a>]]></document>
		<document id="125828756412706816" url="https://twitter.com/pachogruas/status/125828756412706816"><![CDATA[A magazine is an iPad that does not work.<a href="http://t.co/GnJKWElb" rel="nofollow" dir="ltr" data-expanded-url="http://bit.ly/mPku3a" class="twitter-timeline-link u-hidden" target="_blank" title="http://bit.ly/mPku3a" ><span class="tco-ellipsis"></span><span class="invisible">http://</span><span class="js-display-url">bit.ly/mPku3a</span><span class="invisible"></span><span class="tco-ellipsis"><span class="invisible">&nbsp;</span></span></a>]]></document>
		<document id="128137277837807616" url="https://twitter.com/pachogruas/status/128137277837807616"><![CDATA[Santa Ana Row&#39;s Sheriff<a href="http://t.co/iQmqiMBE" class="twitter-timeline-link u-hidden" data-pre-embedded="true" dir="ltr" >pic.twitter.com/iQmqiMBE</a>]]></document>
		<document id="133442193779212288" url="https://twitter.com/pachogruas/status/133442193779212288"><![CDATA[<a href="/LauraGDapena" class="twitter-atreply pretty-link js-nav" dir="ltr" data-mentioned-user-id="32306478" ><s>@</s><b>LauraGDapena</b></a> así es.. Keep it simple.. Always!]]></document>
		<document id="148062779146899457" url="https://twitter.com/pachogruas/status/148062779146899457"><![CDATA[Google Zeitgeist 2011: Year In Review <a href="http://t.co/aR66hxVT" rel="nofollow" dir="ltr" data-expanded-url="http://www.youtube.com/watch?v=SAIEamakLoY&amp;feature=share" class="twitter-timeline-link" target="_blank" title="http://www.youtube.com/watch?v=SAIEamakLoY&amp;feature=share" ><span class="tco-ellipsis"></span><span class="invisible">http://www.</span><span class="js-display-url">youtube.com/watch?v=SAIEam</span><span class="invisible">akLoY&amp;feature=share</span><span class="tco-ellipsis"><span class="invisible">&nbsp;</span>…</span></a> via <a href="/YouTube" class="twitter-atreply pretty-link js-nav" dir="ltr" data-mentioned-user-id="10228272" ><s>@</s><b>youtube</b></a>]]></document>
		<document id="176477410504622080" url="https://twitter.com/pachogruas/status/176477410504622080"><![CDATA[<a href="/hashtag/dog?src=hash" data-query-source="hashtag_click" class="twitter-hashtag pretty-link js-nav" dir="ltr" ><s>#</s><b>dog</b></a> <a href="/hashtag/puppy?src=hash" data-query-source="hashtag_click" class="twitter-hashtag pretty-link js-nav" dir="ltr" ><s>#</s><b>puppy</b></a> <a href="/hashtag/feeding?src=hash" data-query-source="hashtag_click" class="twitter-hashtag pretty-link js-nav" dir="ltr" ><s>#</s><b>feeding</b></a> <a href="http://t.co/CoFu2QoY" rel="nofollow" dir="ltr" data-expanded-url="http://instagr.am/p/HxabdEnhHE/" class="twitter-timeline-link" target="_blank" title="http://instagr.am/p/HxabdEnhHE/" ><span class="tco-ellipsis"></span><span class="invisible">http://</span><span class="js-display-url">instagr.am/p/HxabdEnhHE/</span><span class="invisible"></span><span class="tco-ellipsis"><span class="invisible">&nbsp;</span></span></a>]]></document>
		<document id="176478136505077761" url="https://twitter.com/pachogruas/status/176478136505077761"><![CDATA[<a href="/Craine" class="twitter-atreply pretty-link js-nav" dir="ltr" data-mentioned-user-id="10673042" ><s>@</s><b>craine</b></a> <a href="/hashtag/mountain?src=hash" data-query-source="hashtag_click" class="twitter-hashtag pretty-link js-nav" dir="ltr" ><s>#</s><b>mountain</b></a> <a href="/hashtag/river?src=hash" data-query-source="hashtag_click" class="twitter-hashtag pretty-link js-nav" dir="ltr" ><s>#</s><b>river</b></a> <a href="/hashtag/colombia?src=hash" data-query-source="hashtag_click" class="twitter-hashtag pretty-link js-nav" dir="ltr" ><s>#</s><b>colombia</b></a> <a href="http://t.co/iGsKMFfP" rel="nofollow" dir="ltr" data-expanded-url="http://instagr.am/p/HxawX8HhHM/" class="twitter-timeline-link" target="_blank" title="http://instagr.am/p/HxawX8HhHM/" ><span class="tco-ellipsis"></span><span class="invisible">http://</span><span class="js-display-url">instagr.am/p/HxawX8HhHM/</span><span class="invisible"></span><span class="tco-ellipsis"><span class="invisible">&nbsp;</span></span></a>]]></document>
		<document id="176483845279989760" url="https://twitter.com/pachogruas/status/176483845279989760"><![CDATA[<a href="/hashtag/thailand?src=hash" data-query-source="hashtag_click" class="twitter-hashtag pretty-link js-nav" dir="ltr" ><s>#</s><b>thailand</b></a> <a href="/hashtag/river?src=hash" data-query-source="hashtag_click" class="twitter-hashtag pretty-link js-nav" dir="ltr" ><s>#</s><b>river</b></a> <a href="/hashtag/boat?src=hash" data-query-source="hashtag_click" class="twitter-hashtag pretty-link js-nav" dir="ltr" ><s>#</s><b>boat</b></a> <a href="http://t.co/XvyUJUJo" rel="nofollow" dir="ltr" data-expanded-url="http://instagr.am/p/HxdXgfHhHw/" class="twitter-timeline-link" target="_blank" title="http://instagr.am/p/HxdXgfHhHw/" ><span class="tco-ellipsis"></span><span class="invisible">http://</span><span class="js-display-url">instagr.am/p/HxdXgfHhHw/</span><span class="invisible"></span><span class="tco-ellipsis"><span class="invisible">&nbsp;</span></span></a>]]></document>
		<document id="176484428065943552" url="https://twitter.com/pachogruas/status/176484428065943552"><![CDATA[<a href="http://t.co/isrNndxf" rel="nofollow" dir="ltr" data-expanded-url="http://instagr.am/p/HxdoIUnhHz/" class="twitter-timeline-link" target="_blank" title="http://instagr.am/p/HxdoIUnhHz/" ><span class="tco-ellipsis"></span><span class="invisible">http://</span><span class="js-display-url">instagr.am/p/HxdoIUnhHz/</span><span class="invisible"></span><span class="tco-ellipsis"><span class="invisible">&nbsp;</span></span></a>]]></document>
		<document id="176485017583755266" url="https://twitter.com/pachogruas/status/176485017583755266"><![CDATA[<a href="/hashtag/thailand?src=hash" data-query-source="hashtag_click" class="twitter-hashtag pretty-link js-nav" dir="ltr" ><s>#</s><b>thailand</b></a> <a href="/hashtag/thai?src=hash" data-query-source="hashtag_click" class="twitter-hashtag pretty-link js-nav" dir="ltr" ><s>#</s><b>thai</b></a> <a href="/hashtag/river?src=hash" data-query-source="hashtag_click" class="twitter-hashtag pretty-link js-nav" dir="ltr" ><s>#</s><b>river</b></a> <a href="/hashtag/kids?src=hash" data-query-source="hashtag_click" class="twitter-hashtag pretty-link js-nav" dir="ltr" ><s>#</s><b>kids</b></a> <a href="http://t.co/E4aSo23P" rel="nofollow" dir="ltr" data-expanded-url="http://instagr.am/p/Hxd68WHhH7/" class="twitter-timeline-link" target="_blank" title="http://instagr.am/p/Hxd68WHhH7/" ><span class="tco-ellipsis"></span><span class="invisible">http://</span><span class="js-display-url">instagr.am/p/Hxd68WHhH7/</span><span class="invisible"></span><span class="tco-ellipsis"><span class="invisible">&nbsp;</span></span></a>]]></document>
		<document id="176485415283470336" url="https://twitter.com/pachogruas/status/176485415283470336"><![CDATA[<a href="/hashtag/thailand?src=hash" data-query-source="hashtag_click" class="twitter-hashtag pretty-link js-nav" dir="ltr" ><s>#</s><b>thailand</b></a> <a href="/hashtag/thai?src=hash" data-query-source="hashtag_click" class="twitter-hashtag pretty-link js-nav" dir="ltr" ><s>#</s><b>thai</b></a> <a href="/hashtag/monk?src=hash" data-query-source="hashtag_click" class="twitter-hashtag pretty-link js-nav" dir="ltr" ><s>#</s><b>monk</b></a> <a href="http://t.co/6lclcune" rel="nofollow" dir="ltr" data-expanded-url="http://instagr.am/p/HxeF8aHhH-/" class="twitter-timeline-link" target="_blank" title="http://instagr.am/p/HxeF8aHhH-/" ><span class="tco-ellipsis"></span><span class="invisible">http://</span><span class="js-display-url">instagr.am/p/HxeF8aHhH-/</span><span class="invisible"></span><span class="tco-ellipsis"><span class="invisible">&nbsp;</span></span></a>]]></document>
		<document id="176486084581138434" url="https://twitter.com/pachogruas/status/176486084581138434"><![CDATA[<a href="/hashtag/thailand?src=hash" data-query-source="hashtag_click" class="twitter-hashtag pretty-link js-nav" dir="ltr" ><s>#</s><b>thailand</b></a> <a href="/hashtag/tuktuk?src=hash" data-query-source="hashtag_click" class="twitter-hashtag pretty-link js-nav" dir="ltr" ><s>#</s><b>tuktuk</b></a> <a href="http://t.co/F7EmEvRw" rel="nofollow" dir="ltr" data-expanded-url="http://instagr.am/p/HxebnUnhIC/" class="twitter-timeline-link" target="_blank" title="http://instagr.am/p/HxebnUnhIC/" ><span class="tco-ellipsis"></span><span class="invisible">http://</span><span class="js-display-url">instagr.am/p/HxebnUnhIC/</span><span class="invisible"></span><span class="tco-ellipsis"><span class="invisible">&nbsp;</span></span></a>]]></document>
		<document id="176486455240167424" url="https://twitter.com/pachogruas/status/176486455240167424"><![CDATA[<a href="/hashtag/thailand?src=hash" data-query-source="hashtag_click" class="twitter-hashtag pretty-link js-nav" dir="ltr" ><s>#</s><b>thailand</b></a> <a href="/hashtag/tuktuk?src=hash" data-query-source="hashtag_click" class="twitter-hashtag pretty-link js-nav" dir="ltr" ><s>#</s><b>tuktuk</b></a>  <a href="http://t.co/0ligzjwg" rel="nofollow" dir="ltr" data-expanded-url="http://instagr.am/p/HxekH0HhIJ/" class="twitter-timeline-link" target="_blank" title="http://instagr.am/p/HxekH0HhIJ/" ><span class="tco-ellipsis"></span><span class="invisible">http://</span><span class="js-display-url">instagr.am/p/HxekH0HhIJ/</span><span class="invisible"></span><span class="tco-ellipsis"><span class="invisible">&nbsp;</span></span></a>]]></document>
		<document id="176545731593777152" url="https://twitter.com/pachogruas/status/176545731593777152"><![CDATA[Jajajajajaja que video! Pobre chinito!<a href="http://t.co/UTs9hELP" rel="nofollow" dir="ltr" data-expanded-url="http://www.youtube.com/watch?v=txqiwrbYGrs&amp;feature=youtube_gdata_player" class="twitter-timeline-link u-hidden" target="_blank" title="http://www.youtube.com/watch?v=txqiwrbYGrs&amp;feature=youtube_gdata_player" ><span class="tco-ellipsis"></span><span class="invisible">http://www.</span><span class="js-display-url">youtube.com/watch?v=txqiwr</span><span class="invisible">bYGrs&amp;feature=youtube_gdata_player</span><span class="tco-ellipsis"><span class="invisible">&nbsp;</span>…</span></a>]]></document>
		<document id="176548985220239360" url="https://twitter.com/pachogruas/status/176548985220239360"><![CDATA[10 Ways to Build a Business Culture Like Apple - Forbes<a href="http://t.co/JDaeJyTV" rel="nofollow" dir="ltr" data-expanded-url="http://lnkd.in/uf39re" class="twitter-timeline-link u-hidden" target="_blank" title="http://lnkd.in/uf39re" ><span class="tco-ellipsis"></span><span class="invisible">http://</span><span class="js-display-url">lnkd.in/uf39re</span><span class="invisible"></span><span class="tco-ellipsis"><span class="invisible">&nbsp;</span></span></a>]]></document>
		<document id="176550071561756673" url="https://twitter.com/pachogruas/status/176550071561756673"><![CDATA[Nine Things Successful People Do Differently<a href="http://t.co/gvye6nDD" rel="nofollow" dir="ltr" data-expanded-url="http://lnkd.in/wCXG-w" class="twitter-timeline-link u-hidden" target="_blank" title="http://lnkd.in/wCXG-w" ><span class="tco-ellipsis"></span><span class="invisible">http://</span><span class="js-display-url">lnkd.in/wCXG-w</span><span class="invisible"></span><span class="tco-ellipsis"><span class="invisible">&nbsp;</span></span></a>]]></document>
		<document id="177476295607853057" url="https://twitter.com/pachogruas/status/177476295607853057"><![CDATA[&quot;The new iPad&quot; <a href="http://t.co/1g6EdeCX" rel="nofollow" dir="ltr" data-expanded-url="http://www.apple.com/ipad" class="twitter-timeline-link" target="_blank" title="http://www.apple.com/ipad" ><span class="tco-ellipsis"></span><span class="invisible">http://www.</span><span class="js-display-url">apple.com/ipad</span><span class="invisible"></span><span class="tco-ellipsis"><span class="invisible">&nbsp;</span></span></a>]]></document>
		<document id="179933295298097153" url="https://twitter.com/pachogruas/status/179933295298097153"><![CDATA[increible... Encyclopedia Britannica to stop printing books <a href="http://t.co/kwgFQStw" rel="nofollow" dir="ltr" data-expanded-url="http://cnnmon.ie/AeKGOf" class="twitter-timeline-link" target="_blank" title="http://cnnmon.ie/AeKGOf" ><span class="tco-ellipsis"></span><span class="invisible">http://</span><span class="js-display-url">cnnmon.ie/AeKGOf</span><span class="invisible"></span><span class="tco-ellipsis"><span class="invisible">&nbsp;</span></span></a> via <a href="/CNNMoney" class="twitter-atreply pretty-link js-nav" dir="ltr" data-mentioned-user-id="16184358" ><s>@</s><b>CNNMoney</b></a>]]></document>
		<document id="207842856122056704" url="https://twitter.com/pachogruas/status/207842856122056704"><![CDATA[<a href="/hashtag/protesta?src=hash" data-query-source="hashtag_click" class="twitter-hashtag pretty-link js-nav" dir="ltr" ><s>#</s><b>protesta</b></a> <a href="/hashtag/bogota?src=hash" data-query-source="hashtag_click" class="twitter-hashtag pretty-link js-nav" dir="ltr" ><s>#</s><b>bogota</b></a> <a href="/hashtag/colombia?src=hash" data-query-source="hashtag_click" class="twitter-hashtag pretty-link js-nav" dir="ltr" ><s>#</s><b>colombia</b></a> <a href="http://t.co/gM2TeLZT" rel="nofollow" dir="ltr" data-expanded-url="http://instagr.am/p/LQR0RkHhKf/" class="twitter-timeline-link" target="_blank" title="http://instagr.am/p/LQR0RkHhKf/" ><span class="tco-ellipsis"></span><span class="invisible">http://</span><span class="js-display-url">instagr.am/p/LQR0RkHhKf/</span><span class="invisible"></span><span class="tco-ellipsis"><span class="invisible">&nbsp;</span></span></a>]]></document>
		<document id="213077007821582339" url="https://twitter.com/pachogruas/status/213077007821582339"><![CDATA[<a href="/evitah2" class="twitter-atreply pretty-link js-nav" dir="ltr" data-mentioned-user-id="166011314" ><s>@</s><b>evitah2</b></a> Siemens]]></document>
		<document id="213077864407515137" url="https://twitter.com/pachogruas/status/213077864407515137"><![CDATA[<a href="/TanCarter" class="twitter-atreply pretty-link js-nav" dir="ltr" data-mentioned-user-id="758940837652799488" ><s>@</s><b>TanCarter</b></a> accenture :)]]></document>
		<document id="213078169958354944" url="https://twitter.com/pachogruas/status/213078169958354944"><![CDATA[<a href="/TanCarter" class="twitter-atreply pretty-link js-nav" dir="ltr" data-mentioned-user-id="758940837652799488" ><s>@</s><b>TanCarter</b></a> lotto]]></document>
		<document id="213078366671216641" url="https://twitter.com/pachogruas/status/213078366671216641"><![CDATA[<a href="/baileechandler_" class="twitter-atreply pretty-link js-nav" dir="ltr" data-mentioned-user-id="397136931" ><s>@</s><b>baileechandler_</b></a> Movistar]]></document>
		<document id="213079868424986624" url="https://twitter.com/pachogruas/status/213079868424986624"><![CDATA[<a href="/ChristineHymes" class="twitter-atreply pretty-link js-nav" dir="ltr" data-mentioned-user-id="38972163" ><s>@</s><b>ChristineHymes</b></a> bank of america ?]]></document>
		<document id="213079960632569857" url="https://twitter.com/pachogruas/status/213079960632569857"><![CDATA[<a href="/GabrielFranca1" class="twitter-atreply pretty-link js-nav" dir="ltr" data-mentioned-user-id="232400406" ><s>@</s><b>GabrielFranca1</b></a> skype]]></document>
		<document id="213474787199160320" url="https://twitter.com/pachogruas/status/213474787199160320"><![CDATA[<a href="/denuncietaxista" class="twitter-atreply pretty-link js-nav" dir="ltr" data-mentioned-user-id="222271671" ><s>@</s><b>denuncietaxista</b></a> <a href="/hashtag/taxiseguro?src=hash" data-query-source="hashtag_click" class="twitter-hashtag pretty-link js-nav" dir="ltr" ><s>#</s><b>taxiseguro</b></a> vec305]]></document>
		<document id="214902364883267584" url="https://twitter.com/pachogruas/status/214902364883267584"><![CDATA[<a href="/LogosQuizGame" class="twitter-atreply pretty-link js-nav" dir="ltr" data-mentioned-user-id="580368738" ><s>@</s><b>LogosQuizGame</b></a> When can we expect more levels?!]]></document>
		<document id="215170836028600320" url="https://twitter.com/pachogruas/status/215170836028600320"><![CDATA[Pink Floyd mode!]]></document>
		<document id="221012890512134144" url="https://twitter.com/pachogruas/status/221012890512134144"><![CDATA[<a href="/estemanmusic" class="twitter-atreply pretty-link js-nav" dir="ltr" data-mentioned-user-id="69191493" ><s>@</s><b>estemanmusic</b></a> <a href="http://t.co/14jH1kF6" rel="nofollow" dir="ltr" data-expanded-url="http://instagr.am/p/Mt1IO5nhOh/" class="twitter-timeline-link" target="_blank" title="http://instagr.am/p/Mt1IO5nhOh/" ><span class="tco-ellipsis"></span><span class="invisible">http://</span><span class="js-display-url">instagr.am/p/Mt1IO5nhOh/</span><span class="invisible"></span><span class="tco-ellipsis"><span class="invisible">&nbsp;</span></span></a>]]></document>
		<document id="222469443454898176" url="https://twitter.com/pachogruas/status/222469443454898176"><![CDATA[Always have your stuff when you need it with <a href="/Dropbox" class="twitter-atreply pretty-link js-nav" dir="ltr" data-mentioned-user-id="14749606" ><s>@</s><b>Dropbox</b></a>. Sign up for free! <a href="http://t.co/TgcCIebq" rel="nofollow" dir="ltr" data-expanded-url="http://db.tt/azMGBBY" class="twitter-timeline-link" target="_blank" title="http://db.tt/azMGBBY" ><span class="tco-ellipsis"></span><span class="invisible">http://</span><span class="js-display-url">db.tt/azMGBBY</span><span class="invisible"></span><span class="tco-ellipsis"><span class="invisible">&nbsp;</span></span></a>]]></document>
		<document id="224888764340781057" url="https://twitter.com/pachogruas/status/224888764340781057"><![CDATA[Video: Inside Apple HQ <a href="http://t.co/VB0QRNDP" rel="nofollow" dir="ltr" data-expanded-url="http://tech.fortune.cnn.com/2012/07/11/video-inside-apple-hq/" class="twitter-timeline-link" target="_blank" title="http://tech.fortune.cnn.com/2012/07/11/video-inside-apple-hq/" ><span class="tco-ellipsis"></span><span class="invisible">http://</span><span class="js-display-url">tech.fortune.cnn.com/2012/07/11/vid</span><span class="invisible">eo-inside-apple-hq/</span><span class="tco-ellipsis"><span class="invisible">&nbsp;</span>…</span></a> via <a href="/FortuneMagazine" class="twitter-atreply pretty-link js-nav" dir="ltr" data-mentioned-user-id="25053299" ><s>@</s><b>FortuneMagazine</b></a>]]></document>
		<document id="233408751590334465" url="https://twitter.com/pachogruas/status/233408751590334465"><![CDATA[The PC looks like it&#39;s dying...<a href="http://t.co/MdOiI8ie" rel="nofollow" dir="ltr" data-expanded-url="http://tech.fortune.cnn.com/2012/08/07/the-pc-looks-like-its-dying" class="twitter-timeline-link u-hidden" target="_blank" title="http://tech.fortune.cnn.com/2012/08/07/the-pc-looks-like-its-dying" ><span class="tco-ellipsis"></span><span class="invisible">http://</span><span class="js-display-url">tech.fortune.cnn.com/2012/08/07/the</span><span class="invisible">-pc-looks-like-its-dying</span><span class="tco-ellipsis"><span class="invisible">&nbsp;</span>…</span></a>]]></document>
		<document id="238114452648652800" url="https://twitter.com/pachogruas/status/238114452648652800"><![CDATA[Always have your stuff when you need it with <a href="/Dropbox" class="twitter-atreply pretty-link js-nav" dir="ltr" data-mentioned-user-id="14749606" ><s>@</s><b>Dropbox</b></a>. Sign up for free! <a href="http://t.co/TgcCIebq" rel="nofollow" dir="ltr" data-expanded-url="http://db.tt/azMGBBY" class="twitter-timeline-link" target="_blank" title="http://db.tt/azMGBBY" ><span class="tco-ellipsis"></span><span class="invisible">http://</span><span class="js-display-url">db.tt/azMGBBY</span><span class="invisible"></span><span class="tco-ellipsis"><span class="invisible">&nbsp;</span></span></a>]]></document>
		<document id="238134281015263233" url="https://twitter.com/pachogruas/status/238134281015263233"><![CDATA[Apple&#39;s iPhone Is Now Worth More Than All Of Microsoft<a href="http://t.co/oQa9191c" rel="nofollow" dir="ltr" data-expanded-url="http://lnkd.in/A62Y38" class="twitter-timeline-link u-hidden" target="_blank" title="http://lnkd.in/A62Y38" ><span class="tco-ellipsis"></span><span class="invisible">http://</span><span class="js-display-url">lnkd.in/A62Y38</span><span class="invisible"></span><span class="tco-ellipsis"><span class="invisible">&nbsp;</span></span></a>]]></document>
		<document id="239942210643193856" url="https://twitter.com/pachogruas/status/239942210643193856"><![CDATA[En pocas palabras... Apple vs. Samsung<a href="http://t.co/juouSjY1" rel="nofollow" dir="ltr" data-expanded-url="http://lnkd.in/wPFGws" class="twitter-timeline-link u-hidden" target="_blank" title="http://lnkd.in/wPFGws" ><span class="tco-ellipsis"></span><span class="invisible">http://</span><span class="js-display-url">lnkd.in/wPFGws</span><span class="invisible"></span><span class="tco-ellipsis"><span class="invisible">&nbsp;</span></span></a>]]></document>
		<document id="241571756349992961" url="https://twitter.com/pachogruas/status/241571756349992961"><![CDATA[<a href="/juanitakremer" class="twitter-atreply pretty-link js-nav" dir="ltr" data-mentioned-user-id="167143652" ><s>@</s><b>juanitakremer</b></a> <a href="/laxmasmusica" class="twitter-atreply pretty-link js-nav" dir="ltr" data-mentioned-user-id="110787295" ><s>@</s><b>laxmasmusica</b></a> <a href="/themusicpimp" class="twitter-atreply pretty-link js-nav" dir="ltr" data-mentioned-user-id="20456427" ><s>@</s><b>themusicpimp</b></a> a que horas sortean las boletas para el DJ Set de Chemical Brothers?]]></document>
		<document id="242816254346416128" url="https://twitter.com/pachogruas/status/242816254346416128"><![CDATA[Bane. <a href="/hashtag/bane?src=hash" data-query-source="hashtag_click" class="twitter-hashtag pretty-link js-nav" dir="ltr" ><s>#</s><b>bane</b></a> <a href="/hashtag/rottweiler?src=hash" data-query-source="hashtag_click" class="twitter-hashtag pretty-link js-nav" dir="ltr" ><s>#</s><b>rottweiler</b></a> <a href="/hashtag/dog?src=hash" data-query-source="hashtag_click" class="twitter-hashtag pretty-link js-nav" dir="ltr" ><s>#</s><b>dog</b></a> <a href="/hashtag/puppy?src=hash" data-query-source="hashtag_click" class="twitter-hashtag pretty-link js-nav" dir="ltr" ><s>#</s><b>puppy</b></a> <a href="/hashtag/picoftheday?src=hash" data-query-source="hashtag_click" class="twitter-hashtag pretty-link js-nav" dir="ltr" ><s>#</s><b>picoftheday</b></a> <a href="/hashtag/photooftheday?src=hash" data-query-source="hashtag_click" class="twitter-hashtag pretty-link js-nav" dir="ltr" ><s>#</s><b>photooftheday</b></a> <a href="/hashtag/cachorro?src=hash" data-query-source="hashtag_click" class="twitter-hashtag pretty-link js-nav" dir="ltr" ><s>#</s><b>cachorro</b></a> Foto: N. Ospina <a href="http://t.co/RBBexP98" rel="nofollow" dir="ltr" data-expanded-url="http://instagr.am/p/PIxo0_HhK_/" class="twitter-timeline-link" target="_blank" title="http://instagr.am/p/PIxo0_HhK_/" ><span class="tco-ellipsis"></span><span class="invisible">http://</span><span class="js-display-url">instagr.am/p/PIxo0_HhK_/</span><span class="invisible"></span><span class="tco-ellipsis"><span class="invisible">&nbsp;</span></span></a>]]></document>
		<document id="242816819738599424" url="https://twitter.com/pachogruas/status/242816819738599424"><![CDATA[Orion. <a href="/hashtag/orion?src=hash" data-query-source="hashtag_click" class="twitter-hashtag pretty-link js-nav" dir="ltr" ><s>#</s><b>orion</b></a> <a href="/hashtag/dog?src=hash" data-query-source="hashtag_click" class="twitter-hashtag pretty-link js-nav" dir="ltr" ><s>#</s><b>dog</b></a> <a href="/hashtag/husky?src=hash" data-query-source="hashtag_click" class="twitter-hashtag pretty-link js-nav" dir="ltr" ><s>#</s><b>husky</b></a> <a href="/hashtag/siberian?src=hash" data-query-source="hashtag_click" class="twitter-hashtag pretty-link js-nav" dir="ltr" ><s>#</s><b>siberian</b></a> <a href="/hashtag/siberiano?src=hash" data-query-source="hashtag_click" class="twitter-hashtag pretty-link js-nav" dir="ltr" ><s>#</s><b>siberiano</b></a> <a href="/hashtag/picoftheday?src=hash" data-query-source="hashtag_click" class="twitter-hashtag pretty-link js-nav" dir="ltr" ><s>#</s><b>picoftheday</b></a> <a href="/hashtag/photooftheday?src=hash" data-query-source="hashtag_click" class="twitter-hashtag pretty-link js-nav" dir="ltr" ><s>#</s><b>photooftheday</b></a> <a href="/hashtag/eye?src=hash" data-query-source="hashtag_click" class="twitter-hashtag pretty-link js-nav" dir="ltr" ><s>#</s><b>eye</b></a> <a href="/hashtag/ojo?src=hash" data-query-source="hashtag_click" class="twitter-hashtag pretty-link js-nav" dir="ltr" ><s>#</s><b>ojo</b></a> <a href="/hashtag/azul?src=hash" data-query-source="hashtag_click" class="twitter-hashtag pretty-link js-nav" dir="ltr" ><s>#</s><b>azul</b></a> <a href="/hashtag/blue?src=hash" data-query-source="hashtag_click" class="twitter-hashtag pretty-link js-nav" dir="ltr" ><s>#</s><b>blue</b></a> Foto: N. Os <a href="http://t.co/0baAI5OC" rel="nofollow" dir="ltr" data-expanded-url="http://instagr.am/p/PIyBfHnhLT/" class="twitter-timeline-link" target="_blank" title="http://instagr.am/p/PIyBfHnhLT/" ><span class="tco-ellipsis"></span><span class="invisible">http://</span><span class="js-display-url">instagr.am/p/PIyBfHnhLT/</span><span class="invisible"></span><span class="tco-ellipsis"><span class="invisible">&nbsp;</span></span></a>]]></document>
		<document id="242818411825078273" url="https://twitter.com/pachogruas/status/242818411825078273"><![CDATA[Bogotá Atardeciendo. <a href="/hashtag/bogota?src=hash" data-query-source="hashtag_click" class="twitter-hashtag pretty-link js-nav" dir="ltr" ><s>#</s><b>bogota</b></a> <a href="/hashtag/colombia?src=hash" data-query-source="hashtag_click" class="twitter-hashtag pretty-link js-nav" dir="ltr" ><s>#</s><b>colombia</b></a> <a href="/hashtag/atardecer?src=hash" data-query-source="hashtag_click" class="twitter-hashtag pretty-link js-nav" dir="ltr" ><s>#</s><b>atardecer</b></a> <a href="/hashtag/sunset?src=hash" data-query-source="hashtag_click" class="twitter-hashtag pretty-link js-nav" dir="ltr" ><s>#</s><b>sunset</b></a> <a href="/hashtag/fire?src=hash" data-query-source="hashtag_click" class="twitter-hashtag pretty-link js-nav" dir="ltr" ><s>#</s><b>fire</b></a> city <a href="/hashtag/nofilter?src=hash" data-query-source="hashtag_click" class="twitter-hashtag pretty-link js-nav" dir="ltr" ><s>#</s><b>nofilter</b></a> <a href="/hashtag/picoftheday?src=hash" data-query-source="hashtag_click" class="twitter-hashtag pretty-link js-nav" dir="ltr" ><s>#</s><b>picoftheday</b></a> <a href="/hashtag/photooftheday?src=hash" data-query-source="hashtag_click" class="twitter-hashtag pretty-link js-nav" dir="ltr" ><s>#</s><b>photooftheday</b></a>  <a href="http://t.co/VWnHDe1S" rel="nofollow" dir="ltr" data-expanded-url="http://instagr.am/p/PIymtYnhL0/" class="twitter-timeline-link" target="_blank" title="http://instagr.am/p/PIymtYnhL0/" ><span class="tco-ellipsis"></span><span class="invisible">http://</span><span class="js-display-url">instagr.am/p/PIymtYnhL0/</span><span class="invisible"></span><span class="tco-ellipsis"><span class="invisible">&nbsp;</span></span></a>]]></document>
		<document id="245932991816273920" url="https://twitter.com/pachogruas/status/245932991816273920"><![CDATA[iPad is 91% of all tablet web traffic! Tim says &quot;I don&#39;t know what these other tablets are doing! T…<a href="http://t.co/u0Jiv3KC" rel="nofollow" dir="ltr" data-expanded-url="http://www.engadget.com/2012/09/12/apple-iphone-5-liveblog/#post-18477" class="twitter-timeline-link u-hidden" target="_blank" title="http://www.engadget.com/2012/09/12/apple-iphone-5-liveblog/#post-18477" ><span class="tco-ellipsis"></span><span class="invisible">http://www.</span><span class="js-display-url">engadget.com/2012/09/12/app</span><span class="invisible">le-iphone-5-liveblog/#post-18477</span><span class="tco-ellipsis"><span class="invisible">&nbsp;</span>…</span></a>]]></document>
		<document id="245955953135087616" url="https://twitter.com/pachogruas/status/245955953135087616"><![CDATA[&quot;It&#39;s time like these you learn to live again...&quot;<a href="http://t.co/VcwVtum7" rel="nofollow" dir="ltr" data-expanded-url="http://www.engadget.com/2012/09/12/apple-iphone-5-liveblog/#post-19802" class="twitter-timeline-link u-hidden" target="_blank" title="http://www.engadget.com/2012/09/12/apple-iphone-5-liveblog/#post-19802" ><span class="tco-ellipsis"></span><span class="invisible">http://www.</span><span class="js-display-url">engadget.com/2012/09/12/app</span><span class="invisible">le-iphone-5-liveblog/#post-19802</span><span class="tco-ellipsis"><span class="invisible">&nbsp;</span>…</span></a>]]></document>
		<document id="253928499151261696" url="https://twitter.com/pachogruas/status/253928499151261696"><![CDATA[Por favor votar por este remix para ir a ver a Swedish House Mafia en su último concierto! <a href="http://t.co/mqLXNJ7Z" rel="nofollow" dir="ltr" data-expanded-url="http://bit.ly/QXxFGm" class="twitter-timeline-link" target="_blank" title="http://bit.ly/QXxFGm" ><span class="tco-ellipsis"></span><span class="invisible">http://</span><span class="js-display-url">bit.ly/QXxFGm</span><span class="invisible"></span><span class="tco-ellipsis"><span class="invisible">&nbsp;</span></span></a> <a href="/hashtag/absolut?src=hash" data-query-source="hashtag_click" class="twitter-hashtag pretty-link js-nav" dir="ltr" ><s>#</s><b>absolut</b></a> <a href="/hashtag/shm?src=hash" data-query-source="hashtag_click" class="twitter-hashtag pretty-link js-nav" dir="ltr" ><s>#</s><b>shm</b></a>]]></document>
		<document id="260554025995493376" url="https://twitter.com/pachogruas/status/260554025995493376"><![CDATA[Why do North Americans think that &quot;America&quot; is only the US? <a href="/hashtag/debates?src=hash" data-query-source="hashtag_click" class="twitter-hashtag pretty-link js-nav" dir="ltr" ><s>#</s><b>debates</b></a> <a href="/hashtag/stupidity?src=hash" data-query-source="hashtag_click" class="twitter-hashtag pretty-link js-nav" dir="ltr" ><s>#</s><b>stupidity</b></a> <a href="/hashtag/ignorance?src=hash" data-query-source="hashtag_click" class="twitter-hashtag pretty-link js-nav" dir="ltr" ><s>#</s><b>ignorance</b></a>]]></document>
		<document id="306059426199126016" url="https://twitter.com/pachogruas/status/306059426199126016"><![CDATA[<a href="/grooveshark" class="twitter-atreply pretty-link js-nav" dir="ltr" data-mentioned-user-id="732373899233660929" ><s>@</s><b>Grooveshark</b></a> what&#39;s going on..?<a href="http://t.co/dNYOWkzAWd" class="twitter-timeline-link u-hidden" data-pre-embedded="true" dir="ltr" >pic.twitter.com/dNYOWkzAWd</a>]]></document>
		<document id="306521072696700928" url="https://twitter.com/pachogruas/status/306521072696700928"><![CDATA[The TED Primer: 5 Things to Know as the Conference Begins<a href="http://t.co/SdT6rkez1V" rel="nofollow" dir="ltr" data-expanded-url="http://lnkd.in/mafBeT" class="twitter-timeline-link u-hidden" target="_blank" title="http://lnkd.in/mafBeT" ><span class="tco-ellipsis"></span><span class="invisible">http://</span><span class="js-display-url">lnkd.in/mafBeT</span><span class="invisible"></span><span class="tco-ellipsis"><span class="invisible">&nbsp;</span></span></a>]]></document>
		<document id="359885034154491904" url="https://twitter.com/pachogruas/status/359885034154491904"><![CDATA[<a href="/hashtag/lightpainting?src=hash" data-query-source="hashtag_click" class="twitter-hashtag pretty-link js-nav" dir="ltr" ><s>#</s><b>lightpainting</b></a> <a href="/hashtag/lights?src=hash" data-query-source="hashtag_click" class="twitter-hashtag pretty-link js-nav" dir="ltr" ><s>#</s><b>lights</b></a> <a href="/hashtag/longexposure?src=hash" data-query-source="hashtag_click" class="twitter-hashtag pretty-link js-nav" dir="ltr" ><s>#</s><b>longexposure</b></a> <a href="/hashtag/nofilter?src=hash" data-query-source="hashtag_click" class="twitter-hashtag pretty-link js-nav" dir="ltr" ><s>#</s><b>nofilter</b></a> <a href="/hashtag/nightphotography?src=hash" data-query-source="hashtag_click" class="twitter-hashtag pretty-link js-nav" dir="ltr" ><s>#</s><b>nightphotography</b></a> <a href="http://t.co/HyhmrZcBot" rel="nofollow" dir="ltr" data-expanded-url="http://instagram.com/p/cIkmlVnhKO/" class="twitter-timeline-link" target="_blank" title="http://instagram.com/p/cIkmlVnhKO/" ><span class="tco-ellipsis"></span><span class="invisible">http://</span><span class="js-display-url">instagram.com/p/cIkmlVnhKO/</span><span class="invisible"></span><span class="tco-ellipsis"><span class="invisible">&nbsp;</span></span></a>]]></document>
		<document id="367250309606686721" url="https://twitter.com/pachogruas/status/367250309606686721"><![CDATA[The Business App 50: The Best Apps To Help You Do Your Job<a href="http://t.co/YJisXz9KgQ" rel="nofollow" dir="ltr" data-expanded-url="http://lnkd.in/EE6Stq" class="twitter-timeline-link u-hidden" target="_blank" title="http://lnkd.in/EE6Stq" ><span class="tco-ellipsis"></span><span class="invisible">http://</span><span class="js-display-url">lnkd.in/EE6Stq</span><span class="invisible"></span><span class="tco-ellipsis"><span class="invisible">&nbsp;</span></span></a>]]></document>
		<document id="377031080248745985" url="https://twitter.com/pachogruas/status/377031080248745985"><![CDATA[Stop! Don&#39;t Use These Words - They&#39;re So Irritating!<a href="http://t.co/vmSoDdmDkk" rel="nofollow" dir="ltr" data-expanded-url="http://lnkd.in/d4CPBG" class="twitter-timeline-link u-hidden" target="_blank" title="http://lnkd.in/d4CPBG" ><span class="tco-ellipsis"></span><span class="invisible">http://</span><span class="js-display-url">lnkd.in/d4CPBG</span><span class="invisible"></span><span class="tco-ellipsis"><span class="invisible">&nbsp;</span></span></a>]]></document>
		<document id="401123978913538048" url="https://twitter.com/pachogruas/status/401123978913538048"><![CDATA[3 days after getting blood work done at <a href="/QuestDX" class="twitter-atreply pretty-link js-nav" dir="ltr" data-mentioned-user-id="76481951" ><s>@</s><b>QuestDX</b></a> ... <a href="/hashtag/nofilter?src=hash" data-query-source="hashtag_click" class="twitter-hashtag pretty-link js-nav" dir="ltr" ><s>#</s><b>nofilter</b></a><a href="http://t.co/fMF6Yu88OW" class="twitter-timeline-link u-hidden" data-pre-embedded="true" dir="ltr" >pic.twitter.com/fMF6Yu88OW</a>]]></document>
		<document id="416524626186207232" url="https://twitter.com/pachogruas/status/416524626186207232"><![CDATA[Apple&#39;s iOS Completely Blew Away Google&#39;s Android For Shopping On Christmas<a href="http://t.co/7CXQrQAIGs" rel="nofollow" dir="ltr" data-expanded-url="http://lnkd.in/dj4GPRP" class="twitter-timeline-link u-hidden" target="_blank" title="http://lnkd.in/dj4GPRP" ><span class="tco-ellipsis"></span><span class="invisible">http://</span><span class="js-display-url">lnkd.in/dj4GPRP</span><span class="invisible"></span><span class="tco-ellipsis"><span class="invisible">&nbsp;</span></span></a>]]></document>
		<document id="108166386655830016" url="https://twitter.com/pachogruas/status/108166386655830016"><![CDATA[Have some fun &amp; help save the Earth! Yike Bike: <a href="http://t.co/2fcaQcl" rel="nofollow" dir="ltr" data-expanded-url="http://www.youtube.com/watch?v=ahLneYeCJsA&amp;feature=share" class="twitter-timeline-link" target="_blank" title="http://www.youtube.com/watch?v=ahLneYeCJsA&amp;feature=share" ><span class="tco-ellipsis"></span><span class="invisible">http://www.</span><span class="js-display-url">youtube.com/watch?v=ahLneY</span><span class="invisible">eCJsA&amp;feature=share</span><span class="tco-ellipsis"><span class="invisible">&nbsp;</span>…</span></a> via <a href="/YouTube" class="twitter-atreply pretty-link js-nav" dir="ltr" data-mentioned-user-id="10228272" ><s>@</s><b>youtube</b></a>]]></document>
		<document id="108313838105010177" url="https://twitter.com/pachogruas/status/108313838105010177"><![CDATA[Fire in the <a href="/hashtag/sky?src=hash" data-query-source="hashtag_click" class="twitter-hashtag pretty-link js-nav" dir="ltr" ><s>#</s><b>sky</b></a> <a href="http://t.co/kGtACwt" rel="nofollow" dir="ltr" data-expanded-url="http://instagr.am/p/Losn9/" class="twitter-timeline-link" target="_blank" title="http://instagr.am/p/Losn9/" ><span class="tco-ellipsis"></span><span class="invisible">http://</span><span class="js-display-url">instagr.am/p/Losn9/</span><span class="invisible"></span><span class="tco-ellipsis"><span class="invisible">&nbsp;</span></span></a>]]></document>
		<document id="108313975409737728" url="https://twitter.com/pachogruas/status/108313975409737728"><![CDATA[Just posted a photo <a href="http://t.co/dhD3Xom" rel="nofollow" dir="ltr" data-expanded-url="http://instagr.am/p/Los1H/" class="twitter-timeline-link" target="_blank" title="http://instagr.am/p/Los1H/" ><span class="tco-ellipsis"></span><span class="invisible">http://</span><span class="js-display-url">instagr.am/p/Los1H/</span><span class="invisible"></span><span class="tco-ellipsis"><span class="invisible">&nbsp;</span></span></a>]]></document>
		<document id="108314121992290304" url="https://twitter.com/pachogruas/status/108314121992290304"><![CDATA[Just posted a photo <a href="http://t.co/cM5yalv" rel="nofollow" dir="ltr" data-expanded-url="http://instagr.am/p/Los_Q/" class="twitter-timeline-link" target="_blank" title="http://instagr.am/p/Los_Q/" ><span class="tco-ellipsis"></span><span class="invisible">http://</span><span class="js-display-url">instagr.am/p/Los_Q/</span><span class="invisible"></span><span class="tco-ellipsis"><span class="invisible">&nbsp;</span></span></a>]]></document>
		<document id="108372187550978049" url="https://twitter.com/pachogruas/status/108372187550978049"><![CDATA[<a href="/hashtag/soundtracking?src=hash" data-query-source="hashtag_click" class="twitter-hashtag pretty-link js-nav" dir="ltr" ><s>#</s><b>soundtracking</b></a> &quot;Love Lost&quot; by The Temper Trap ♫ <a href="http://t.co/Yobbc7Z" rel="nofollow" dir="ltr" data-expanded-url="http://sdtk.fm/pQWbhW" class="twitter-timeline-link" target="_blank" title="http://sdtk.fm/pQWbhW" ><span class="tco-ellipsis"></span><span class="invisible">http://</span><span class="js-display-url">sdtk.fm/pQWbhW</span><span class="invisible"></span><span class="tco-ellipsis"><span class="invisible">&nbsp;</span></span></a>]]></document>
		<document id="109246207678873600" url="https://twitter.com/pachogruas/status/109246207678873600"><![CDATA[Let September begin!! Thanks <a href="/pomplamoose" class="twitter-atreply pretty-link js-nav" dir="ltr" data-mentioned-user-id="20967403" ><s>@</s><b>pomplamoose</b></a> for this great cover and video!  <a href="http://t.co/vcruA2M" rel="nofollow" dir="ltr" data-expanded-url="http://www.youtube.com/watch?v=xycnv87N_BU&amp;feature=share" class="twitter-timeline-link" target="_blank" title="http://www.youtube.com/watch?v=xycnv87N_BU&amp;feature=share" ><span class="tco-ellipsis"></span><span class="invisible">http://www.</span><span class="js-display-url">youtube.com/watch?v=xycnv8</span><span class="invisible">7N_BU&amp;feature=share</span><span class="tco-ellipsis"><span class="invisible">&nbsp;</span>…</span></a> via <a href="/YouTube" class="twitter-atreply pretty-link js-nav" dir="ltr" data-mentioned-user-id="10228272" ><s>@</s><b>youtube</b></a>]]></document>
		<document id="109262006523133952" url="https://twitter.com/pachogruas/status/109262006523133952"><![CDATA[<a href="/acaicedos" class="twitter-atreply pretty-link js-nav" dir="ltr" data-mentioned-user-id="339646032" ><s>@</s><b>acaicedos</b></a> ...dancing in SEPTEMBER!!!]]></document>
		<document id="109680284097708032" url="https://twitter.com/pachogruas/status/109680284097708032"><![CDATA[always <a href="/hashtag/cocacola?src=hash" data-query-source="hashtag_click" class="twitter-hashtag pretty-link js-nav" dir="ltr" ><s>#</s><b>cocacola</b></a> <a href="http://t.co/bt5Wsco" rel="nofollow" dir="ltr" data-expanded-url="http://instagr.am/p/L8deM/" class="twitter-timeline-link" target="_blank" title="http://instagr.am/p/L8deM/" ><span class="tco-ellipsis"></span><span class="invisible">http://</span><span class="js-display-url">instagr.am/p/L8deM/</span><span class="invisible"></span><span class="tco-ellipsis"><span class="invisible">&nbsp;</span></span></a>]]></document>
		<document id="109680622234107904" url="https://twitter.com/pachogruas/status/109680622234107904"><![CDATA[always <a href="/hashtag/cocacola?src=hash" data-query-source="hashtag_click" class="twitter-hashtag pretty-link js-nav" dir="ltr" ><s>#</s><b>cocacola</b></a> <a href="/hashtag/bogota?src=hash" data-query-source="hashtag_click" class="twitter-hashtag pretty-link js-nav" dir="ltr" ><s>#</s><b>bogota</b></a> <a href="http://t.co/obxKfv9" rel="nofollow" dir="ltr" data-expanded-url="http://instagr.am/p/L8d9b/" class="twitter-timeline-link" target="_blank" title="http://instagr.am/p/L8d9b/" ><span class="tco-ellipsis"></span><span class="invisible">http://</span><span class="js-display-url">instagr.am/p/L8d9b/</span><span class="invisible"></span><span class="tco-ellipsis"><span class="invisible">&nbsp;</span></span></a>]]></document>
		<document id="110377184694247424" url="https://twitter.com/pachogruas/status/110377184694247424"><![CDATA[Good Morning <a href="http://t.co/flFyUld" rel="nofollow" dir="ltr" data-expanded-url="http://instagr.am/p/MJZlg/" class="twitter-timeline-link" target="_blank" title="http://instagr.am/p/MJZlg/" ><span class="tco-ellipsis"></span><span class="invisible">http://</span><span class="js-display-url">instagr.am/p/MJZlg/</span><span class="invisible"></span><span class="tco-ellipsis"><span class="invisible">&nbsp;</span></span></a>]]></document>
		<document id="111299317209370624" url="https://twitter.com/pachogruas/status/111299317209370624"><![CDATA[Old...?  <a href="http://t.co/UVfTiBC" rel="nofollow" dir="ltr" data-expanded-url="http://instagr.am/p/MZLMy/" class="twitter-timeline-link" target="_blank" title="http://instagr.am/p/MZLMy/" ><span class="tco-ellipsis"></span><span class="invisible">http://</span><span class="js-display-url">instagr.am/p/MZLMy/</span><span class="invisible"></span><span class="tco-ellipsis"><span class="invisible">&nbsp;</span></span></a>]]></document>
		<document id="111299833251368960" url="https://twitter.com/pachogruas/status/111299833251368960"><![CDATA[Just posted a photo <a href="http://t.co/iTRSEQD" rel="nofollow" dir="ltr" data-expanded-url="http://instagr.am/p/MZLmX/" class="twitter-timeline-link" target="_blank" title="http://instagr.am/p/MZLmX/" ><span class="tco-ellipsis"></span><span class="invisible">http://</span><span class="js-display-url">instagr.am/p/MZLmX/</span><span class="invisible"></span><span class="tco-ellipsis"><span class="invisible">&nbsp;</span></span></a>]]></document>
		<document id="111562523169402881" url="https://twitter.com/pachogruas/status/111562523169402881"><![CDATA[don&#39;t give up...]]></document>
		<document id="112249833837953024" url="https://twitter.com/pachogruas/status/112249833837953024"><![CDATA[somebody that i used to know.]]></document>
		<document id="112289804485525504" url="https://twitter.com/pachogruas/status/112289804485525504"><![CDATA[listening to Calvin Harris - Feel So Close on <a href="/grooveshark" class="twitter-atreply pretty-link js-nav" dir="ltr" data-mentioned-user-id="732373899233660929" ><s>@</s><b>Grooveshark</b></a>:   <a href="/hashtag/nowplaying?src=hash" data-query-source="hashtag_click" class="twitter-hashtag pretty-link js-nav" dir="ltr" ><s>#</s><b>nowplaying</b></a>  <a href="http://t.co/MTPUvRv" rel="nofollow" dir="ltr" data-expanded-url="http://tinysong.com/Jhq5" class="twitter-timeline-link" target="_blank" title="http://tinysong.com/Jhq5" ><span class="tco-ellipsis"></span><span class="invisible">http://</span><span class="js-display-url">tinysong.com/Jhq5</span><span class="invisible"></span><span class="tco-ellipsis"><span class="invisible">&nbsp;</span></span></a>]]></document>
		<document id="112614526465220608" url="https://twitter.com/pachogruas/status/112614526465220608"><![CDATA[i wanna make you happy. i wanna make you feel alive.]]></document>
		<document id="112624096046624768" url="https://twitter.com/pachogruas/status/112624096046624768"><![CDATA[Just posted a photo <a href="http://t.co/8LMM6MS" rel="nofollow" dir="ltr" data-expanded-url="http://instagr.am/p/MttlQ/" class="twitter-timeline-link" target="_blank" title="http://instagr.am/p/MttlQ/" ><span class="tco-ellipsis"></span><span class="invisible">http://</span><span class="js-display-url">instagr.am/p/MttlQ/</span><span class="invisible"></span><span class="tco-ellipsis"><span class="invisible">&nbsp;</span></span></a>]]></document>
		<document id="113026481499803648" url="https://twitter.com/pachogruas/status/113026481499803648"><![CDATA[<a href="/hashtag/RHCP?src=hash" data-query-source="hashtag_click" class="twitter-hashtag pretty-link js-nav" dir="ltr" ><s>#</s><b>RHCP</b></a> <a href="/hashtag/redhotchillipeppers?src=hash" data-query-source="hashtag_click" class="twitter-hashtag pretty-link js-nav" dir="ltr" ><s>#</s><b>redhotchillipeppers</b></a> <a href="/hashtag/concert?src=hash" data-query-source="hashtag_click" class="twitter-hashtag pretty-link js-nav" dir="ltr" ><s>#</s><b>concert</b></a> <a href="/hashtag/bogota?src=hash" data-query-source="hashtag_click" class="twitter-hashtag pretty-link js-nav" dir="ltr" ><s>#</s><b>bogota</b></a> <a href="http://t.co/FEdt9RL" rel="nofollow" dir="ltr" data-expanded-url="http://instagr.am/p/M16yN/" class="twitter-timeline-link" target="_blank" title="http://instagr.am/p/M16yN/" ><span class="tco-ellipsis"></span><span class="invisible">http://</span><span class="js-display-url">instagr.am/p/M16yN/</span><span class="invisible"></span><span class="tco-ellipsis"><span class="invisible">&nbsp;</span></span></a>]]></document>
		<document id="114186211823853569" url="https://twitter.com/pachogruas/status/114186211823853569"><![CDATA[I&#39;m watching you... <a href="/hashtag/goats?src=hash" data-query-source="hashtag_click" class="twitter-hashtag pretty-link js-nav" dir="ltr" ><s>#</s><b>goats</b></a> <a href="/hashtag/texas?src=hash" data-query-source="hashtag_click" class="twitter-hashtag pretty-link js-nav" dir="ltr" ><s>#</s><b>texas</b></a> <a href="http://t.co/LH8W7VN6" rel="nofollow" dir="ltr" data-expanded-url="http://instagr.am/p/NHAkw/" class="twitter-timeline-link" target="_blank" title="http://instagr.am/p/NHAkw/" ><span class="tco-ellipsis"></span><span class="invisible">http://</span><span class="js-display-url">instagr.am/p/NHAkw/</span><span class="invisible"></span><span class="tco-ellipsis"><span class="invisible">&nbsp;</span></span></a>]]></document>
		<document id="125828756412706816" url="https://twitter.com/pachogruas/status/125828756412706816"><![CDATA[A magazine is an iPad that does not work.<a href="http://t.co/GnJKWElb" rel="nofollow" dir="ltr" data-expanded-url="http://bit.ly/mPku3a" class="twitter-timeline-link u-hidden" target="_blank" title="http://bit.ly/mPku3a" ><span class="tco-ellipsis"></span><span class="invisible">http://</span><span class="js-display-url">bit.ly/mPku3a</span><span class="invisible"></span><span class="tco-ellipsis"><span class="invisible">&nbsp;</span></span></a>]]></document>
		<document id="128137277837807616" url="https://twitter.com/pachogruas/status/128137277837807616"><![CDATA[Santa Ana Row&#39;s Sheriff<a href="http://t.co/iQmqiMBE" class="twitter-timeline-link u-hidden" data-pre-embedded="true" dir="ltr" >pic.twitter.com/iQmqiMBE</a>]]></document>
		<document id="133442193779212288" url="https://twitter.com/pachogruas/status/133442193779212288"><![CDATA[<a href="/LauraGDapena" class="twitter-atreply pretty-link js-nav" dir="ltr" data-mentioned-user-id="32306478" ><s>@</s><b>LauraGDapena</b></a> así es.. Keep it simple.. Always!]]></document>
		<document id="148062779146899457" url="https://twitter.com/pachogruas/status/148062779146899457"><![CDATA[Google Zeitgeist 2011: Year In Review <a href="http://t.co/aR66hxVT" rel="nofollow" dir="ltr" data-expanded-url="http://www.youtube.com/watch?v=SAIEamakLoY&amp;feature=share" class="twitter-timeline-link" target="_blank" title="http://www.youtube.com/watch?v=SAIEamakLoY&amp;feature=share" ><span class="tco-ellipsis"></span><span class="invisible">http://www.</span><span class="js-display-url">youtube.com/watch?v=SAIEam</span><span class="invisible">akLoY&amp;feature=share</span><span class="tco-ellipsis"><span class="invisible">&nbsp;</span>…</span></a> via <a href="/YouTube" class="twitter-atreply pretty-link js-nav" dir="ltr" data-mentioned-user-id="10228272" ><s>@</s><b>youtube</b></a>]]></document>
		<document id="176477410504622080" url="https://twitter.com/pachogruas/status/176477410504622080"><![CDATA[<a href="/hashtag/dog?src=hash" data-query-source="hashtag_click" class="twitter-hashtag pretty-link js-nav" dir="ltr" ><s>#</s><b>dog</b></a> <a href="/hashtag/puppy?src=hash" data-query-source="hashtag_click" class="twitter-hashtag pretty-link js-nav" dir="ltr" ><s>#</s><b>puppy</b></a> <a href="/hashtag/feeding?src=hash" data-query-source="hashtag_click" class="twitter-hashtag pretty-link js-nav" dir="ltr" ><s>#</s><b>feeding</b></a> <a href="http://t.co/CoFu2QoY" rel="nofollow" dir="ltr" data-expanded-url="http://instagr.am/p/HxabdEnhHE/" class="twitter-timeline-link" target="_blank" title="http://instagr.am/p/HxabdEnhHE/" ><span class="tco-ellipsis"></span><span class="invisible">http://</span><span class="js-display-url">instagr.am/p/HxabdEnhHE/</span><span class="invisible"></span><span class="tco-ellipsis"><span class="invisible">&nbsp;</span></span></a>]]></document>
		<document id="176478136505077761" url="https://twitter.com/pachogruas/status/176478136505077761"><![CDATA[<a href="/Craine" class="twitter-atreply pretty-link js-nav" dir="ltr" data-mentioned-user-id="10673042" ><s>@</s><b>craine</b></a> <a href="/hashtag/mountain?src=hash" data-query-source="hashtag_click" class="twitter-hashtag pretty-link js-nav" dir="ltr" ><s>#</s><b>mountain</b></a> <a href="/hashtag/river?src=hash" data-query-source="hashtag_click" class="twitter-hashtag pretty-link js-nav" dir="ltr" ><s>#</s><b>river</b></a> <a href="/hashtag/colombia?src=hash" data-query-source="hashtag_click" class="twitter-hashtag pretty-link js-nav" dir="ltr" ><s>#</s><b>colombia</b></a> <a href="http://t.co/iGsKMFfP" rel="nofollow" dir="ltr" data-expanded-url="http://instagr.am/p/HxawX8HhHM/" class="twitter-timeline-link" target="_blank" title="http://instagr.am/p/HxawX8HhHM/" ><span class="tco-ellipsis"></span><span class="invisible">http://</span><span class="js-display-url">instagr.am/p/HxawX8HhHM/</span><span class="invisible"></span><span class="tco-ellipsis"><span class="invisible">&nbsp;</span></span></a>]]></document>
		<document id="176483845279989760" url="https://twitter.com/pachogruas/status/176483845279989760"><![CDATA[<a href="/hashtag/thailand?src=hash" data-query-source="hashtag_click" class="twitter-hashtag pretty-link js-nav" dir="ltr" ><s>#</s><b>thailand</b></a> <a href="/hashtag/river?src=hash" data-query-source="hashtag_click" class="twitter-hashtag pretty-link js-nav" dir="ltr" ><s>#</s><b>river</b></a> <a href="/hashtag/boat?src=hash" data-query-source="hashtag_click" class="twitter-hashtag pretty-link js-nav" dir="ltr" ><s>#</s><b>boat</b></a> <a href="http://t.co/XvyUJUJo" rel="nofollow" dir="ltr" data-expanded-url="http://instagr.am/p/HxdXgfHhHw/" class="twitter-timeline-link" target="_blank" title="http://instagr.am/p/HxdXgfHhHw/" ><span class="tco-ellipsis"></span><span class="invisible">http://</span><span class="js-display-url">instagr.am/p/HxdXgfHhHw/</span><span class="invisible"></span><span class="tco-ellipsis"><span class="invisible">&nbsp;</span></span></a>]]></document>
		<document id="176484428065943552" url="https://twitter.com/pachogruas/status/176484428065943552"><![CDATA[<a href="http://t.co/isrNndxf" rel="nofollow" dir="ltr" data-expanded-url="http://instagr.am/p/HxdoIUnhHz/" class="twitter-timeline-link" target="_blank" title="http://instagr.am/p/HxdoIUnhHz/" ><span class="tco-ellipsis"></span><span class="invisible">http://</span><span class="js-display-url">instagr.am/p/HxdoIUnhHz/</span><span class="invisible"></span><span class="tco-ellipsis"><span class="invisible">&nbsp;</span></span></a>]]></document>
		<document id="176485017583755266" url="https://twitter.com/pachogruas/status/176485017583755266"><![CDATA[<a href="/hashtag/thailand?src=hash" data-query-source="hashtag_click" class="twitter-hashtag pretty-link js-nav" dir="ltr" ><s>#</s><b>thailand</b></a> <a href="/hashtag/thai?src=hash" data-query-source="hashtag_click" class="twitter-hashtag pretty-link js-nav" dir="ltr" ><s>#</s><b>thai</b></a> <a href="/hashtag/river?src=hash" data-query-source="hashtag_click" class="twitter-hashtag pretty-link js-nav" dir="ltr" ><s>#</s><b>river</b></a> <a href="/hashtag/kids?src=hash" data-query-source="hashtag_click" class="twitter-hashtag pretty-link js-nav" dir="ltr" ><s>#</s><b>kids</b></a> <a href="http://t.co/E4aSo23P" rel="nofollow" dir="ltr" data-expanded-url="http://instagr.am/p/Hxd68WHhH7/" class="twitter-timeline-link" target="_blank" title="http://instagr.am/p/Hxd68WHhH7/" ><span class="tco-ellipsis"></span><span class="invisible">http://</span><span class="js-display-url">instagr.am/p/Hxd68WHhH7/</span><span class="invisible"></span><span class="tco-ellipsis"><span class="invisible">&nbsp;</span></span></a>]]></document>
		<document id="176485415283470336" url="https://twitter.com/pachogruas/status/176485415283470336"><![CDATA[<a href="/hashtag/thailand?src=hash" data-query-source="hashtag_click" class="twitter-hashtag pretty-link js-nav" dir="ltr" ><s>#</s><b>thailand</b></a> <a href="/hashtag/thai?src=hash" data-query-source="hashtag_click" class="twitter-hashtag pretty-link js-nav" dir="ltr" ><s>#</s><b>thai</b></a> <a href="/hashtag/monk?src=hash" data-query-source="hashtag_click" class="twitter-hashtag pretty-link js-nav" dir="ltr" ><s>#</s><b>monk</b></a> <a href="http://t.co/6lclcune" rel="nofollow" dir="ltr" data-expanded-url="http://instagr.am/p/HxeF8aHhH-/" class="twitter-timeline-link" target="_blank" title="http://instagr.am/p/HxeF8aHhH-/" ><span class="tco-ellipsis"></span><span class="invisible">http://</span><span class="js-display-url">instagr.am/p/HxeF8aHhH-/</span><span class="invisible"></span><span class="tco-ellipsis"><span class="invisible">&nbsp;</span></span></a>]]></document>
		<document id="176486084581138434" url="https://twitter.com/pachogruas/status/176486084581138434"><![CDATA[<a href="/hashtag/thailand?src=hash" data-query-source="hashtag_click" class="twitter-hashtag pretty-link js-nav" dir="ltr" ><s>#</s><b>thailand</b></a> <a href="/hashtag/tuktuk?src=hash" data-query-source="hashtag_click" class="twitter-hashtag pretty-link js-nav" dir="ltr" ><s>#</s><b>tuktuk</b></a> <a href="http://t.co/F7EmEvRw" rel="nofollow" dir="ltr" data-expanded-url="http://instagr.am/p/HxebnUnhIC/" class="twitter-timeline-link" target="_blank" title="http://instagr.am/p/HxebnUnhIC/" ><span class="tco-ellipsis"></span><span class="invisible">http://</span><span class="js-display-url">instagr.am/p/HxebnUnhIC/</span><span class="invisible"></span><span class="tco-ellipsis"><span class="invisible">&nbsp;</span></span></a>]]></document>
		<document id="176486455240167424" url="https://twitter.com/pachogruas/status/176486455240167424"><![CDATA[<a href="/hashtag/thailand?src=hash" data-query-source="hashtag_click" class="twitter-hashtag pretty-link js-nav" dir="ltr" ><s>#</s><b>thailand</b></a> <a href="/hashtag/tuktuk?src=hash" data-query-source="hashtag_click" class="twitter-hashtag pretty-link js-nav" dir="ltr" ><s>#</s><b>tuktuk</b></a>  <a href="http://t.co/0ligzjwg" rel="nofollow" dir="ltr" data-expanded-url="http://instagr.am/p/HxekH0HhIJ/" class="twitter-timeline-link" target="_blank" title="http://instagr.am/p/HxekH0HhIJ/" ><span class="tco-ellipsis"></span><span class="invisible">http://</span><span class="js-display-url">instagr.am/p/HxekH0HhIJ/</span><span class="invisible"></span><span class="tco-ellipsis"><span class="invisible">&nbsp;</span></span></a>]]></document>
		<document id="176545731593777152" url="https://twitter.com/pachogruas/status/176545731593777152"><![CDATA[Jajajajajaja que video! Pobre chinito!<a href="http://t.co/UTs9hELP" rel="nofollow" dir="ltr" data-expanded-url="http://www.youtube.com/watch?v=txqiwrbYGrs&amp;feature=youtube_gdata_player" class="twitter-timeline-link u-hidden" target="_blank" title="http://www.youtube.com/watch?v=txqiwrbYGrs&amp;feature=youtube_gdata_player" ><span class="tco-ellipsis"></span><span class="invisible">http://www.</span><span class="js-display-url">youtube.com/watch?v=txqiwr</span><span class="invisible">bYGrs&amp;feature=youtube_gdata_player</span><span class="tco-ellipsis"><span class="invisible">&nbsp;</span>…</span></a>]]></document>
		<document id="176548985220239360" url="https://twitter.com/pachogruas/status/176548985220239360"><![CDATA[10 Ways to Build a Business Culture Like Apple - Forbes<a href="http://t.co/JDaeJyTV" rel="nofollow" dir="ltr" data-expanded-url="http://lnkd.in/uf39re" class="twitter-timeline-link u-hidden" target="_blank" title="http://lnkd.in/uf39re" ><span class="tco-ellipsis"></span><span class="invisible">http://</span><span class="js-display-url">lnkd.in/uf39re</span><span class="invisible"></span><span class="tco-ellipsis"><span class="invisible">&nbsp;</span></span></a>]]></document>
		<document id="176550071561756673" url="https://twitter.com/pachogruas/status/176550071561756673"><![CDATA[Nine Things Successful People Do Differently<a href="http://t.co/gvye6nDD" rel="nofollow" dir="ltr" data-expanded-url="http://lnkd.in/wCXG-w" class="twitter-timeline-link u-hidden" target="_blank" title="http://lnkd.in/wCXG-w" ><span class="tco-ellipsis"></span><span class="invisible">http://</span><span class="js-display-url">lnkd.in/wCXG-w</span><span class="invisible"></span><span class="tco-ellipsis"><span class="invisible">&nbsp;</span></span></a>]]></document>
		<document id="177476295607853057" url="https://twitter.com/pachogruas/status/177476295607853057"><![CDATA[&quot;The new iPad&quot; <a href="http://t.co/1g6EdeCX" rel="nofollow" dir="ltr" data-expanded-url="http://www.apple.com/ipad" class="twitter-timeline-link" target="_blank" title="http://www.apple.com/ipad" ><span class="tco-ellipsis"></span><span class="invisible">http://www.</span><span class="js-display-url">apple.com/ipad</span><span class="invisible"></span><span class="tco-ellipsis"><span class="invisible">&nbsp;</span></span></a>]]></document>
		<document id="179933295298097153" url="https://twitter.com/pachogruas/status/179933295298097153"><![CDATA[increible... Encyclopedia Britannica to stop printing books <a href="http://t.co/kwgFQStw" rel="nofollow" dir="ltr" data-expanded-url="http://cnnmon.ie/AeKGOf" class="twitter-timeline-link" target="_blank" title="http://cnnmon.ie/AeKGOf" ><span class="tco-ellipsis"></span><span class="invisible">http://</span><span class="js-display-url">cnnmon.ie/AeKGOf</span><span class="invisible"></span><span class="tco-ellipsis"><span class="invisible">&nbsp;</span></span></a> via <a href="/CNNMoney" class="twitter-atreply pretty-link js-nav" dir="ltr" data-mentioned-user-id="16184358" ><s>@</s><b>CNNMoney</b></a>]]></document>
		<document id="207842856122056704" url="https://twitter.com/pachogruas/status/207842856122056704"><![CDATA[<a href="/hashtag/protesta?src=hash" data-query-source="hashtag_click" class="twitter-hashtag pretty-link js-nav" dir="ltr" ><s>#</s><b>protesta</b></a> <a href="/hashtag/bogota?src=hash" data-query-source="hashtag_click" class="twitter-hashtag pretty-link js-nav" dir="ltr" ><s>#</s><b>bogota</b></a> <a href="/hashtag/colombia?src=hash" data-query-source="hashtag_click" class="twitter-hashtag pretty-link js-nav" dir="ltr" ><s>#</s><b>colombia</b></a> <a href="http://t.co/gM2TeLZT" rel="nofollow" dir="ltr" data-expanded-url="http://instagr.am/p/LQR0RkHhKf/" class="twitter-timeline-link" target="_blank" title="http://instagr.am/p/LQR0RkHhKf/" ><span class="tco-ellipsis"></span><span class="invisible">http://</span><span class="js-display-url">instagr.am/p/LQR0RkHhKf/</span><span class="invisible"></span><span class="tco-ellipsis"><span class="invisible">&nbsp;</span></span></a>]]></document>
		<document id="213077007821582339" url="https://twitter.com/pachogruas/status/213077007821582339"><![CDATA[<a href="/evitah2" class="twitter-atreply pretty-link js-nav" dir="ltr" data-mentioned-user-id="166011314" ><s>@</s><b>evitah2</b></a> Siemens]]></document>
		<document id="213077864407515137" url="https://twitter.com/pachogruas/status/213077864407515137"><![CDATA[<a href="/TanCarter" class="twitter-atreply pretty-link js-nav" dir="ltr" data-mentioned-user-id="758940837652799488" ><s>@</s><b>TanCarter</b></a> accenture :)]]></document>
		<document id="213078169958354944" url="https://twitter.com/pachogruas/status/213078169958354944"><![CDATA[<a href="/TanCarter" class="twitter-atreply pretty-link js-nav" dir="ltr" data-mentioned-user-id="758940837652799488" ><s>@</s><b>TanCarter</b></a> lotto]]></document>
		<document id="213078366671216641" url="https://twitter.com/pachogruas/status/213078366671216641"><![CDATA[<a href="/baileechandler_" class="twitter-atreply pretty-link js-nav" dir="ltr" data-mentioned-user-id="397136931" ><s>@</s><b>baileechandler_</b></a> Movistar]]></document>
		<document id="213079868424986624" url="https://twitter.com/pachogruas/status/213079868424986624"><![CDATA[<a href="/ChristineHymes" class="twitter-atreply pretty-link js-nav" dir="ltr" data-mentioned-user-id="38972163" ><s>@</s><b>ChristineHymes</b></a> bank of america ?]]></document>
		<document id="213079960632569857" url="https://twitter.com/pachogruas/status/213079960632569857"><![CDATA[<a href="/GabrielFranca1" class="twitter-atreply pretty-link js-nav" dir="ltr" data-mentioned-user-id="232400406" ><s>@</s><b>GabrielFranca1</b></a> skype]]></document>
		<document id="213474787199160320" url="https://twitter.com/pachogruas/status/213474787199160320"><![CDATA[<a href="/denuncietaxista" class="twitter-atreply pretty-link js-nav" dir="ltr" data-mentioned-user-id="222271671" ><s>@</s><b>denuncietaxista</b></a> <a href="/hashtag/taxiseguro?src=hash" data-query-source="hashtag_click" class="twitter-hashtag pretty-link js-nav" dir="ltr" ><s>#</s><b>taxiseguro</b></a> vec305]]></document>
		<document id="214902364883267584" url="https://twitter.com/pachogruas/status/214902364883267584"><![CDATA[<a href="/LogosQuizGame" class="twitter-atreply pretty-link js-nav" dir="ltr" data-mentioned-user-id="580368738" ><s>@</s><b>LogosQuizGame</b></a> When can we expect more levels?!]]></document>
		<document id="215170836028600320" url="https://twitter.com/pachogruas/status/215170836028600320"><![CDATA[Pink Floyd mode!]]></document>
		<document id="221012890512134144" url="https://twitter.com/pachogruas/status/221012890512134144"><![CDATA[<a href="/estemanmusic" class="twitter-atreply pretty-link js-nav" dir="ltr" data-mentioned-user-id="69191493" ><s>@</s><b>estemanmusic</b></a> <a href="http://t.co/14jH1kF6" rel="nofollow" dir="ltr" data-expanded-url="http://instagr.am/p/Mt1IO5nhOh/" class="twitter-timeline-link" target="_blank" title="http://instagr.am/p/Mt1IO5nhOh/" ><span class="tco-ellipsis"></span><span class="invisible">http://</span><span class="js-display-url">instagr.am/p/Mt1IO5nhOh/</span><span class="invisible"></span><span class="tco-ellipsis"><span class="invisible">&nbsp;</span></span></a>]]></document>
		<document id="222469443454898176" url="https://twitter.com/pachogruas/status/222469443454898176"><![CDATA[Always have your stuff when you need it with <a href="/Dropbox" class="twitter-atreply pretty-link js-nav" dir="ltr" data-mentioned-user-id="14749606" ><s>@</s><b>Dropbox</b></a>. Sign up for free! <a href="http://t.co/TgcCIebq" rel="nofollow" dir="ltr" data-expanded-url="http://db.tt/azMGBBY" class="twitter-timeline-link" target="_blank" title="http://db.tt/azMGBBY" ><span class="tco-ellipsis"></span><span class="invisible">http://</span><span class="js-display-url">db.tt/azMGBBY</span><span class="invisible"></span><span class="tco-ellipsis"><span class="invisible">&nbsp;</span></span></a>]]></document>
		<document id="224888764340781057" url="https://twitter.com/pachogruas/status/224888764340781057"><![CDATA[Video: Inside Apple HQ <a href="http://t.co/VB0QRNDP" rel="nofollow" dir="ltr" data-expanded-url="http://tech.fortune.cnn.com/2012/07/11/video-inside-apple-hq/" class="twitter-timeline-link" target="_blank" title="http://tech.fortune.cnn.com/2012/07/11/video-inside-apple-hq/" ><span class="tco-ellipsis"></span><span class="invisible">http://</span><span class="js-display-url">tech.fortune.cnn.com/2012/07/11/vid</span><span class="invisible">eo-inside-apple-hq/</span><span class="tco-ellipsis"><span class="invisible">&nbsp;</span>…</span></a> via <a href="/FortuneMagazine" class="twitter-atreply pretty-link js-nav" dir="ltr" data-mentioned-user-id="25053299" ><s>@</s><b>FortuneMagazine</b></a>]]></document>
		<document id="233408751590334465" url="https://twitter.com/pachogruas/status/233408751590334465"><![CDATA[The PC looks like it&#39;s dying...<a href="http://t.co/MdOiI8ie" rel="nofollow" dir="ltr" data-expanded-url="http://tech.fortune.cnn.com/2012/08/07/the-pc-looks-like-its-dying" class="twitter-timeline-link u-hidden" target="_blank" title="http://tech.fortune.cnn.com/2012/08/07/the-pc-looks-like-its-dying" ><span class="tco-ellipsis"></span><span class="invisible">http://</span><span class="js-display-url">tech.fortune.cnn.com/2012/08/07/the</span><span class="invisible">-pc-looks-like-its-dying</span><span class="tco-ellipsis"><span class="invisible">&nbsp;</span>…</span></a>]]></document>
		<document id="238114452648652800" url="https://twitter.com/pachogruas/status/238114452648652800"><![CDATA[Always have your stuff when you need it with <a href="/Dropbox" class="twitter-atreply pretty-link js-nav" dir="ltr" data-mentioned-user-id="14749606" ><s>@</s><b>Dropbox</b></a>. Sign up for free! <a href="http://t.co/TgcCIebq" rel="nofollow" dir="ltr" data-expanded-url="http://db.tt/azMGBBY" class="twitter-timeline-link" target="_blank" title="http://db.tt/azMGBBY" ><span class="tco-ellipsis"></span><span class="invisible">http://</span><span class="js-display-url">db.tt/azMGBBY</span><span class="invisible"></span><span class="tco-ellipsis"><span class="invisible">&nbsp;</span></span></a>]]></document>
		<document id="238134281015263233" url="https://twitter.com/pachogruas/status/238134281015263233"><![CDATA[Apple&#39;s iPhone Is Now Worth More Than All Of Microsoft<a href="http://t.co/oQa9191c" rel="nofollow" dir="ltr" data-expanded-url="http://lnkd.in/A62Y38" class="twitter-timeline-link u-hidden" target="_blank" title="http://lnkd.in/A62Y38" ><span class="tco-ellipsis"></span><span class="invisible">http://</span><span class="js-display-url">lnkd.in/A62Y38</span><span class="invisible"></span><span class="tco-ellipsis"><span class="invisible">&nbsp;</span></span></a>]]></document>
		<document id="239942210643193856" url="https://twitter.com/pachogruas/status/239942210643193856"><![CDATA[En pocas palabras... Apple vs. Samsung<a href="http://t.co/juouSjY1" rel="nofollow" dir="ltr" data-expanded-url="http://lnkd.in/wPFGws" class="twitter-timeline-link u-hidden" target="_blank" title="http://lnkd.in/wPFGws" ><span class="tco-ellipsis"></span><span class="invisible">http://</span><span class="js-display-url">lnkd.in/wPFGws</span><span class="invisible"></span><span class="tco-ellipsis"><span class="invisible">&nbsp;</span></span></a>]]></document>
		<document id="241571756349992961" url="https://twitter.com/pachogruas/status/241571756349992961"><![CDATA[<a href="/juanitakremer" class="twitter-atreply pretty-link js-nav" dir="ltr" data-mentioned-user-id="167143652" ><s>@</s><b>juanitakremer</b></a> <a href="/laxmasmusica" class="twitter-atreply pretty-link js-nav" dir="ltr" data-mentioned-user-id="110787295" ><s>@</s><b>laxmasmusica</b></a> <a href="/themusicpimp" class="twitter-atreply pretty-link js-nav" dir="ltr" data-mentioned-user-id="20456427" ><s>@</s><b>themusicpimp</b></a> a que horas sortean las boletas para el DJ Set de Chemical Brothers?]]></document>
		<document id="242816254346416128" url="https://twitter.com/pachogruas/status/242816254346416128"><![CDATA[Bane. <a href="/hashtag/bane?src=hash" data-query-source="hashtag_click" class="twitter-hashtag pretty-link js-nav" dir="ltr" ><s>#</s><b>bane</b></a> <a href="/hashtag/rottweiler?src=hash" data-query-source="hashtag_click" class="twitter-hashtag pretty-link js-nav" dir="ltr" ><s>#</s><b>rottweiler</b></a> <a href="/hashtag/dog?src=hash" data-query-source="hashtag_click" class="twitter-hashtag pretty-link js-nav" dir="ltr" ><s>#</s><b>dog</b></a> <a href="/hashtag/puppy?src=hash" data-query-source="hashtag_click" class="twitter-hashtag pretty-link js-nav" dir="ltr" ><s>#</s><b>puppy</b></a> <a href="/hashtag/picoftheday?src=hash" data-query-source="hashtag_click" class="twitter-hashtag pretty-link js-nav" dir="ltr" ><s>#</s><b>picoftheday</b></a> <a href="/hashtag/photooftheday?src=hash" data-query-source="hashtag_click" class="twitter-hashtag pretty-link js-nav" dir="ltr" ><s>#</s><b>photooftheday</b></a> <a href="/hashtag/cachorro?src=hash" data-query-source="hashtag_click" class="twitter-hashtag pretty-link js-nav" dir="ltr" ><s>#</s><b>cachorro</b></a> Foto: N. Ospina <a href="http://t.co/RBBexP98" rel="nofollow" dir="ltr" data-expanded-url="http://instagr.am/p/PIxo0_HhK_/" class="twitter-timeline-link" target="_blank" title="http://instagr.am/p/PIxo0_HhK_/" ><span class="tco-ellipsis"></span><span class="invisible">http://</span><span class="js-display-url">instagr.am/p/PIxo0_HhK_/</span><span class="invisible"></span><span class="tco-ellipsis"><span class="invisible">&nbsp;</span></span></a>]]></document>
		<document id="242816819738599424" url="https://twitter.com/pachogruas/status/242816819738599424"><![CDATA[Orion. <a href="/hashtag/orion?src=hash" data-query-source="hashtag_click" class="twitter-hashtag pretty-link js-nav" dir="ltr" ><s>#</s><b>orion</b></a> <a href="/hashtag/dog?src=hash" data-query-source="hashtag_click" class="twitter-hashtag pretty-link js-nav" dir="ltr" ><s>#</s><b>dog</b></a> <a href="/hashtag/husky?src=hash" data-query-source="hashtag_click" class="twitter-hashtag pretty-link js-nav" dir="ltr" ><s>#</s><b>husky</b></a> <a href="/hashtag/siberian?src=hash" data-query-source="hashtag_click" class="twitter-hashtag pretty-link js-nav" dir="ltr" ><s>#</s><b>siberian</b></a> <a href="/hashtag/siberiano?src=hash" data-query-source="hashtag_click" class="twitter-hashtag pretty-link js-nav" dir="ltr" ><s>#</s><b>siberiano</b></a> <a href="/hashtag/picoftheday?src=hash" data-query-source="hashtag_click" class="twitter-hashtag pretty-link js-nav" dir="ltr" ><s>#</s><b>picoftheday</b></a> <a href="/hashtag/photooftheday?src=hash" data-query-source="hashtag_click" class="twitter-hashtag pretty-link js-nav" dir="ltr" ><s>#</s><b>photooftheday</b></a> <a href="/hashtag/eye?src=hash" data-query-source="hashtag_click" class="twitter-hashtag pretty-link js-nav" dir="ltr" ><s>#</s><b>eye</b></a> <a href="/hashtag/ojo?src=hash" data-query-source="hashtag_click" class="twitter-hashtag pretty-link js-nav" dir="ltr" ><s>#</s><b>ojo</b></a> <a href="/hashtag/azul?src=hash" data-query-source="hashtag_click" class="twitter-hashtag pretty-link js-nav" dir="ltr" ><s>#</s><b>azul</b></a> <a href="/hashtag/blue?src=hash" data-query-source="hashtag_click" class="twitter-hashtag pretty-link js-nav" dir="ltr" ><s>#</s><b>blue</b></a> Foto: N. Os <a href="http://t.co/0baAI5OC" rel="nofollow" dir="ltr" data-expanded-url="http://instagr.am/p/PIyBfHnhLT/" class="twitter-timeline-link" target="_blank" title="http://instagr.am/p/PIyBfHnhLT/" ><span class="tco-ellipsis"></span><span class="invisible">http://</span><span class="js-display-url">instagr.am/p/PIyBfHnhLT/</span><span class="invisible"></span><span class="tco-ellipsis"><span class="invisible">&nbsp;</span></span></a>]]></document>
		<document id="242818411825078273" url="https://twitter.com/pachogruas/status/242818411825078273"><![CDATA[Bogotá Atardeciendo. <a href="/hashtag/bogota?src=hash" data-query-source="hashtag_click" class="twitter-hashtag pretty-link js-nav" dir="ltr" ><s>#</s><b>bogota</b></a> <a href="/hashtag/colombia?src=hash" data-query-source="hashtag_click" class="twitter-hashtag pretty-link js-nav" dir="ltr" ><s>#</s><b>colombia</b></a> <a href="/hashtag/atardecer?src=hash" data-query-source="hashtag_click" class="twitter-hashtag pretty-link js-nav" dir="ltr" ><s>#</s><b>atardecer</b></a> <a href="/hashtag/sunset?src=hash" data-query-source="hashtag_click" class="twitter-hashtag pretty-link js-nav" dir="ltr" ><s>#</s><b>sunset</b></a> <a href="/hashtag/fire?src=hash" data-query-source="hashtag_click" class="twitter-hashtag pretty-link js-nav" dir="ltr" ><s>#</s><b>fire</b></a> city <a href="/hashtag/nofilter?src=hash" data-query-source="hashtag_click" class="twitter-hashtag pretty-link js-nav" dir="ltr" ><s>#</s><b>nofilter</b></a> <a href="/hashtag/picoftheday?src=hash" data-query-source="hashtag_click" class="twitter-hashtag pretty-link js-nav" dir="ltr" ><s>#</s><b>picoftheday</b></a> <a href="/hashtag/photooftheday?src=hash" data-query-source="hashtag_click" class="twitter-hashtag pretty-link js-nav" dir="ltr" ><s>#</s><b>photooftheday</b></a>  <a href="http://t.co/VWnHDe1S" rel="nofollow" dir="ltr" data-expanded-url="http://instagr.am/p/PIymtYnhL0/" class="twitter-timeline-link" target="_blank" title="http://instagr.am/p/PIymtYnhL0/" ><span class="tco-ellipsis"></span><span class="invisible">http://</span><span class="js-display-url">instagr.am/p/PIymtYnhL0/</span><span class="invisible"></span><span class="tco-ellipsis"><span class="invisible">&nbsp;</span></span></a>]]></document>
		<document id="245932991816273920" url="https://twitter.com/pachogruas/status/245932991816273920"><![CDATA[iPad is 91% of all tablet web traffic! Tim says &quot;I don&#39;t know what these other tablets are doing! T…<a href="http://t.co/u0Jiv3KC" rel="nofollow" dir="ltr" data-expanded-url="http://www.engadget.com/2012/09/12/apple-iphone-5-liveblog/#post-18477" class="twitter-timeline-link u-hidden" target="_blank" title="http://www.engadget.com/2012/09/12/apple-iphone-5-liveblog/#post-18477" ><span class="tco-ellipsis"></span><span class="invisible">http://www.</span><span class="js-display-url">engadget.com/2012/09/12/app</span><span class="invisible">le-iphone-5-liveblog/#post-18477</span><span class="tco-ellipsis"><span class="invisible">&nbsp;</span>…</span></a>]]></document>
		<document id="245955953135087616" url="https://twitter.com/pachogruas/status/245955953135087616"><![CDATA[&quot;It&#39;s time like these you learn to live again...&quot;<a href="http://t.co/VcwVtum7" rel="nofollow" dir="ltr" data-expanded-url="http://www.engadget.com/2012/09/12/apple-iphone-5-liveblog/#post-19802" class="twitter-timeline-link u-hidden" target="_blank" title="http://www.engadget.com/2012/09/12/apple-iphone-5-liveblog/#post-19802" ><span class="tco-ellipsis"></span><span class="invisible">http://www.</span><span class="js-display-url">engadget.com/2012/09/12/app</span><span class="invisible">le-iphone-5-liveblog/#post-19802</span><span class="tco-ellipsis"><span class="invisible">&nbsp;</span>…</span></a>]]></document>
		<document id="253928499151261696" url="https://twitter.com/pachogruas/status/253928499151261696"><![CDATA[Por favor votar por este remix para ir a ver a Swedish House Mafia en su último concierto! <a href="http://t.co/mqLXNJ7Z" rel="nofollow" dir="ltr" data-expanded-url="http://bit.ly/QXxFGm" class="twitter-timeline-link" target="_blank" title="http://bit.ly/QXxFGm" ><span class="tco-ellipsis"></span><span class="invisible">http://</span><span class="js-display-url">bit.ly/QXxFGm</span><span class="invisible"></span><span class="tco-ellipsis"><span class="invisible">&nbsp;</span></span></a> <a href="/hashtag/absolut?src=hash" data-query-source="hashtag_click" class="twitter-hashtag pretty-link js-nav" dir="ltr" ><s>#</s><b>absolut</b></a> <a href="/hashtag/shm?src=hash" data-query-source="hashtag_click" class="twitter-hashtag pretty-link js-nav" dir="ltr" ><s>#</s><b>shm</b></a>]]></document>
		<document id="260554025995493376" url="https://twitter.com/pachogruas/status/260554025995493376"><![CDATA[Why do North Americans think that &quot;America&quot; is only the US? <a href="/hashtag/debates?src=hash" data-query-source="hashtag_click" class="twitter-hashtag pretty-link js-nav" dir="ltr" ><s>#</s><b>debates</b></a> <a href="/hashtag/stupidity?src=hash" data-query-source="hashtag_click" class="twitter-hashtag pretty-link js-nav" dir="ltr" ><s>#</s><b>stupidity</b></a> <a href="/hashtag/ignorance?src=hash" data-query-source="hashtag_click" class="twitter-hashtag pretty-link js-nav" dir="ltr" ><s>#</s><b>ignorance</b></a>]]></document>
		<document id="306059426199126016" url="https://twitter.com/pachogruas/status/306059426199126016"><![CDATA[<a href="/grooveshark" class="twitter-atreply pretty-link js-nav" dir="ltr" data-mentioned-user-id="732373899233660929" ><s>@</s><b>Grooveshark</b></a> what&#39;s going on..?<a href="http://t.co/dNYOWkzAWd" class="twitter-timeline-link u-hidden" data-pre-embedded="true" dir="ltr" >pic.twitter.com/dNYOWkzAWd</a>]]></document>
		<document id="306521072696700928" url="https://twitter.com/pachogruas/status/306521072696700928"><![CDATA[The TED Primer: 5 Things to Know as the Conference Begins<a href="http://t.co/SdT6rkez1V" rel="nofollow" dir="ltr" data-expanded-url="http://lnkd.in/mafBeT" class="twitter-timeline-link u-hidden" target="_blank" title="http://lnkd.in/mafBeT" ><span class="tco-ellipsis"></span><span class="invisible">http://</span><span class="js-display-url">lnkd.in/mafBeT</span><span class="invisible"></span><span class="tco-ellipsis"><span class="invisible">&nbsp;</span></span></a>]]></document>
		<document id="359885034154491904" url="https://twitter.com/pachogruas/status/359885034154491904"><![CDATA[<a href="/hashtag/lightpainting?src=hash" data-query-source="hashtag_click" class="twitter-hashtag pretty-link js-nav" dir="ltr" ><s>#</s><b>lightpainting</b></a> <a href="/hashtag/lights?src=hash" data-query-source="hashtag_click" class="twitter-hashtag pretty-link js-nav" dir="ltr" ><s>#</s><b>lights</b></a> <a href="/hashtag/longexposure?src=hash" data-query-source="hashtag_click" class="twitter-hashtag pretty-link js-nav" dir="ltr" ><s>#</s><b>longexposure</b></a> <a href="/hashtag/nofilter?src=hash" data-query-source="hashtag_click" class="twitter-hashtag pretty-link js-nav" dir="ltr" ><s>#</s><b>nofilter</b></a> <a href="/hashtag/nightphotography?src=hash" data-query-source="hashtag_click" class="twitter-hashtag pretty-link js-nav" dir="ltr" ><s>#</s><b>nightphotography</b></a> <a href="http://t.co/HyhmrZcBot" rel="nofollow" dir="ltr" data-expanded-url="http://instagram.com/p/cIkmlVnhKO/" class="twitter-timeline-link" target="_blank" title="http://instagram.com/p/cIkmlVnhKO/" ><span class="tco-ellipsis"></span><span class="invisible">http://</span><span class="js-display-url">instagram.com/p/cIkmlVnhKO/</span><span class="invisible"></span><span class="tco-ellipsis"><span class="invisible">&nbsp;</span></span></a>]]></document>
		<document id="367250309606686721" url="https://twitter.com/pachogruas/status/367250309606686721"><![CDATA[The Business App 50: The Best Apps To Help You Do Your Job<a href="http://t.co/YJisXz9KgQ" rel="nofollow" dir="ltr" data-expanded-url="http://lnkd.in/EE6Stq" class="twitter-timeline-link u-hidden" target="_blank" title="http://lnkd.in/EE6Stq" ><span class="tco-ellipsis"></span><span class="invisible">http://</span><span class="js-display-url">lnkd.in/EE6Stq</span><span class="invisible"></span><span class="tco-ellipsis"><span class="invisible">&nbsp;</span></span></a>]]></document>
		<document id="377031080248745985" url="https://twitter.com/pachogruas/status/377031080248745985"><![CDATA[Stop! Don&#39;t Use These Words - They&#39;re So Irritating!<a href="http://t.co/vmSoDdmDkk" rel="nofollow" dir="ltr" data-expanded-url="http://lnkd.in/d4CPBG" class="twitter-timeline-link u-hidden" target="_blank" title="http://lnkd.in/d4CPBG" ><span class="tco-ellipsis"></span><span class="invisible">http://</span><span class="js-display-url">lnkd.in/d4CPBG</span><span class="invisible"></span><span class="tco-ellipsis"><span class="invisible">&nbsp;</span></span></a>]]></document>
		<document id="401123978913538048" url="https://twitter.com/pachogruas/status/401123978913538048"><![CDATA[3 days after getting blood work done at <a href="/QuestDX" class="twitter-atreply pretty-link js-nav" dir="ltr" data-mentioned-user-id="76481951" ><s>@</s><b>QuestDX</b></a> ... <a href="/hashtag/nofilter?src=hash" data-query-source="hashtag_click" class="twitter-hashtag pretty-link js-nav" dir="ltr" ><s>#</s><b>nofilter</b></a><a href="http://t.co/fMF6Yu88OW" class="twitter-timeline-link u-hidden" data-pre-embedded="true" dir="ltr" >pic.twitter.com/fMF6Yu88OW</a>]]></document>
		<document id="416524626186207232" url="https://twitter.com/pachogruas/status/416524626186207232"><![CDATA[Apple&#39;s iOS Completely Blew Away Google&#39;s Android For Shopping On Christmas<a href="http://t.co/7CXQrQAIGs" rel="nofollow" dir="ltr" data-expanded-url="http://lnkd.in/dj4GPRP" class="twitter-timeline-link u-hidden" target="_blank" title="http://lnkd.in/dj4GPRP" ><span class="tco-ellipsis"></span><span class="invisible">http://</span><span class="js-display-url">lnkd.in/dj4GPRP</span><span class="invisible"></span><span class="tco-ellipsis"><span class="invisible">&nbsp;</span></span></a>]]></document>
	</documents>
</author>