<?xml version="1.0" encoding="UTF-8" standalone="no"?><author age_group="xx" gender="xx" lang="EN" type="twitter" url="https://twitter.com/vanis">
	<documents count="58">
		<document id="401051074402222080" url="https://twitter.com/vanis/status/401051074402222080"><![CDATA[Now <a href="/ploechinger" class="twitter-atreply pretty-link js-nav" dir="ltr" data-mentioned-user-id="14208791" ><s>@</s><b>ploechinger</b></a> talking about Das System Sachs <a href="/hashtag/mdba?src=hash" data-query-source="hashtag_click" class="twitter-hashtag pretty-link js-nav" dir="ltr" ><s>#</s><b>mdba</b></a> <a href="http://t.co/V8mYSxbYJg" rel="nofollow" dir="ltr" data-expanded-url="http://ow.ly/qPojA" class="twitter-timeline-link" target="_blank" title="http://ow.ly/qPojA" ><span class="tco-ellipsis"></span><span class="invisible">http://</span><span class="js-display-url">ow.ly/qPojA</span><span class="invisible"></span><span class="tco-ellipsis"><span class="invisible">&nbsp;</span></span></a> <a href="/hashtag/OffShoreLeaks?src=hash" data-query-source="hashtag_click" class="twitter-hashtag pretty-link js-nav" dir="ltr" ><s>#</s><b>OffShoreLeaks</b></a>]]></document>
		<document id="401061194251141120" url="https://twitter.com/vanis/status/401061194251141120"><![CDATA[.<a href="/juancsimo" class="twitter-atreply pretty-link js-nav" dir="ltr" data-mentioned-user-id="17078536" ><s>@</s><b>juancsimo</b></a> explaning how they try to use data to make stories at lavozcomar <a href="/hashtag/mdba?src=hash" data-query-source="hashtag_click" class="twitter-hashtag pretty-link js-nav" dir="ltr" ><s>#</s><b>mdba</b></a> <a href="http://t.co/9CMl7hQQ0w" rel="nofollow" dir="ltr" data-expanded-url="http://instagram.com/p/gtLJOdpgTu/" class="twitter-timeline-link" target="_blank" title="http://instagram.com/p/gtLJOdpgTu/" ><span class="tco-ellipsis"></span><span class="invisible">http://</span><span class="js-display-url">instagram.com/p/gtLJOdpgTu/</span><span class="invisible"></span><span class="tco-ellipsis"><span class="invisible">&nbsp;</span></span></a>]]></document>
		<document id="401131902683586560" url="https://twitter.com/vanis/status/401131902683586560"><![CDATA[<a href="/yetzt" class="twitter-atreply pretty-link js-nav" dir="ltr" data-mentioned-user-id="2902401" ><s>@</s><b>yetzt</b></a> really cool OpenDataCity.de ;-)]]></document>
		<document id="401435593831636992" url="https://twitter.com/vanis/status/401435593831636992"><![CDATA[A/C on the wall <a href="http://t.co/cJhGJN8RAc" rel="nofollow" dir="ltr" data-expanded-url="http://instagram.com/p/gv1l-TpgSK/" class="twitter-timeline-link" target="_blank" title="http://instagram.com/p/gv1l-TpgSK/" ><span class="tco-ellipsis"></span><span class="invisible">http://</span><span class="js-display-url">instagram.com/p/gv1l-TpgSK/</span><span class="invisible"></span><span class="tco-ellipsis"><span class="invisible">&nbsp;</span></span></a>]]></document>
		<document id="402131424431837184" url="https://twitter.com/vanis/status/402131424431837184"><![CDATA[Red flowers <a href="http://t.co/NnYLHrDqwv" rel="nofollow" dir="ltr" data-expanded-url="http://instagram.com/p/g0yC4lpgbc/" class="twitter-timeline-link" target="_blank" title="http://instagram.com/p/g0yC4lpgbc/" ><span class="tco-ellipsis"></span><span class="invisible">http://</span><span class="js-display-url">instagram.com/p/g0yC4lpgbc/</span><span class="invisible"></span><span class="tco-ellipsis"><span class="invisible">&nbsp;</span></span></a>]]></document>
		<document id="404718026869989377" url="https://twitter.com/vanis/status/404718026869989377"><![CDATA[I&#39;m at Puerto de Frutos (Tigre, Buenos Aires) w/ 4 others<a href="http://t.co/8Y5UcZUNoK" rel="nofollow" dir="ltr" data-expanded-url="http://4sq.com/17Jp6rR" class="twitter-timeline-link u-hidden" target="_blank" title="http://4sq.com/17Jp6rR" ><span class="tco-ellipsis"></span><span class="invisible">http://</span><span class="js-display-url">4sq.com/17Jp6rR</span><span class="invisible"></span><span class="tco-ellipsis"><span class="invisible">&nbsp;</span></span></a>]]></document>
		<document id="405792835347431424" url="https://twitter.com/vanis/status/405792835347431424"><![CDATA[<a href="/sic" class="twitter-atreply pretty-link js-nav" dir="ltr" data-mentioned-user-id="5542712" ><s>@</s><b>sic</b></a> <a href="/Phide80" class="twitter-atreply pretty-link js-nav" dir="ltr" data-mentioned-user-id="111063583" ><s>@</s><b>Phide80</b></a> :-)]]></document>
		<document id="406262757739085824" url="https://twitter.com/vanis/status/406262757739085824"><![CDATA[Chan..]]></document>
		<document id="407874981448925184" url="https://twitter.com/vanis/status/407874981448925184"><![CDATA[Rumbo a <a href="/hashtag/SanLuis?src=hash" data-query-source="hashtag_click" class="twitter-hashtag pretty-link js-nav" dir="ltr" ><s>#</s><b>SanLuis</b></a> (@ Aeroparque Jorge Newbery (AEP) - <a href="/aa2000oficial" class="twitter-atreply pretty-link js-nav" dir="ltr" data-mentioned-user-id="126338610" ><s>@</s><b>aa2000oficial</b></a> w/ 11 others)<a href="http://t.co/U7xsldkARl" rel="nofollow" dir="ltr" data-expanded-url="http://4sq.com/1eLipH5" class="twitter-timeline-link u-hidden" target="_blank" title="http://4sq.com/1eLipH5" ><span class="tco-ellipsis"></span><span class="invisible">http://</span><span class="js-display-url">4sq.com/1eLipH5</span><span class="invisible"></span><span class="tco-ellipsis"><span class="invisible">&nbsp;</span></span></a>]]></document>
		<document id="409338438866173952" url="https://twitter.com/vanis/status/409338438866173952"><![CDATA[<a href="/marcelolynch" class="twitter-atreply pretty-link js-nav" dir="ltr" data-mentioned-user-id="10413642" ><s>@</s><b>marcelolynch</b></a>  :)]]></document>
		<document id="410253683633700864" url="https://twitter.com/vanis/status/410253683633700864"><![CDATA[<a href="/BearWinston" class="twitter-atreply pretty-link js-nav" dir="ltr" data-mentioned-user-id="64619180" ><s>@</s><b>BearWinston</b></a> :-(]]></document>
		<document id="413034733044793344" url="https://twitter.com/vanis/status/413034733044793344"><![CDATA[<a href="/Nerdsallstar" class="twitter-atreply pretty-link js-nav" dir="ltr" data-mentioned-user-id="1638727039" ><s>@</s><b>NerdsAllStar</b></a> tal cual]]></document>
		<document id="413324190046228480" url="https://twitter.com/vanis/status/413324190046228480"><![CDATA[Hasta el 2014! (@ Universidad Católica Argentina (UCA) w/ 2 others) <a href="http://t.co/88nZCcnjid" rel="nofollow" dir="ltr" data-expanded-url="http://4sq.com/1hkTiwn" class="twitter-timeline-link" target="_blank" title="http://4sq.com/1hkTiwn" ><span class="tco-ellipsis"></span><span class="invisible">http://</span><span class="js-display-url">4sq.com/1hkTiwn</span><span class="invisible"></span><span class="tco-ellipsis"><span class="invisible">&nbsp;</span></span></a>]]></document>
		<document id="414013980961943553" url="https://twitter.com/vanis/status/414013980961943553"><![CDATA[<a href="/YashLohiya" class="twitter-atreply pretty-link js-nav" dir="ltr" data-mentioned-user-id="213546857" ><s>@</s><b>YashLohiya</b></a> great team and work with <a href="/Flowics" class="twitter-atreply pretty-link js-nav" dir="ltr" data-mentioned-user-id="509362879" ><s>@</s><b>Flowics</b></a> and <a href="/zauberlabs" class="twitter-atreply pretty-link js-nav" dir="ltr" data-mentioned-user-id="15191978" ><s>@</s><b>zauberlabs</b></a>! Best wishes from Arg!]]></document>
		<document id="414561239759859712" url="https://twitter.com/vanis/status/414561239759859712"><![CDATA[<a href="/sic" class="twitter-atreply pretty-link js-nav" dir="ltr" data-mentioned-user-id="5542712" ><s>@</s><b>sic</b></a> :)]]></document>
		<document id="419102773876367360" url="https://twitter.com/vanis/status/419102773876367360"><![CDATA[<a href="/SirChandler" class="twitter-atreply pretty-link js-nav" dir="ltr" data-mentioned-user-id="25200210" ><s>@</s><b>SirChandler</b></a> ;-) cc <a href="/cecisaia" class="twitter-atreply pretty-link js-nav" dir="ltr" data-mentioned-user-id="14519302" ><s>@</s><b>cecisaia</b></a>]]></document>
		<document id="401051074402222080" url="https://twitter.com/vanis/status/401051074402222080"><![CDATA[Now <a href="/ploechinger" class="twitter-atreply pretty-link js-nav" dir="ltr" data-mentioned-user-id="14208791" ><s>@</s><b>ploechinger</b></a> talking about Das System Sachs <a href="/hashtag/mdba?src=hash" data-query-source="hashtag_click" class="twitter-hashtag pretty-link js-nav" dir="ltr" ><s>#</s><b>mdba</b></a> <a href="http://t.co/V8mYSxbYJg" rel="nofollow" dir="ltr" data-expanded-url="http://ow.ly/qPojA" class="twitter-timeline-link" target="_blank" title="http://ow.ly/qPojA" ><span class="tco-ellipsis"></span><span class="invisible">http://</span><span class="js-display-url">ow.ly/qPojA</span><span class="invisible"></span><span class="tco-ellipsis"><span class="invisible">&nbsp;</span></span></a> <a href="/hashtag/OffShoreLeaks?src=hash" data-query-source="hashtag_click" class="twitter-hashtag pretty-link js-nav" dir="ltr" ><s>#</s><b>OffShoreLeaks</b></a>]]></document>
		<document id="401061194251141120" url="https://twitter.com/vanis/status/401061194251141120"><![CDATA[.<a href="/juancsimo" class="twitter-atreply pretty-link js-nav" dir="ltr" data-mentioned-user-id="17078536" ><s>@</s><b>juancsimo</b></a> explaning how they try to use data to make stories at lavozcomar <a href="/hashtag/mdba?src=hash" data-query-source="hashtag_click" class="twitter-hashtag pretty-link js-nav" dir="ltr" ><s>#</s><b>mdba</b></a> <a href="http://t.co/9CMl7hQQ0w" rel="nofollow" dir="ltr" data-expanded-url="http://instagram.com/p/gtLJOdpgTu/" class="twitter-timeline-link" target="_blank" title="http://instagram.com/p/gtLJOdpgTu/" ><span class="tco-ellipsis"></span><span class="invisible">http://</span><span class="js-display-url">instagram.com/p/gtLJOdpgTu/</span><span class="invisible"></span><span class="tco-ellipsis"><span class="invisible">&nbsp;</span></span></a>]]></document>
		<document id="401131902683586560" url="https://twitter.com/vanis/status/401131902683586560"><![CDATA[<a href="/yetzt" class="twitter-atreply pretty-link js-nav" dir="ltr" data-mentioned-user-id="2902401" ><s>@</s><b>yetzt</b></a> really cool OpenDataCity.de ;-)]]></document>
		<document id="401435593831636992" url="https://twitter.com/vanis/status/401435593831636992"><![CDATA[A/C on the wall <a href="http://t.co/cJhGJN8RAc" rel="nofollow" dir="ltr" data-expanded-url="http://instagram.com/p/gv1l-TpgSK/" class="twitter-timeline-link" target="_blank" title="http://instagram.com/p/gv1l-TpgSK/" ><span class="tco-ellipsis"></span><span class="invisible">http://</span><span class="js-display-url">instagram.com/p/gv1l-TpgSK/</span><span class="invisible"></span><span class="tco-ellipsis"><span class="invisible">&nbsp;</span></span></a>]]></document>
		<document id="402131424431837184" url="https://twitter.com/vanis/status/402131424431837184"><![CDATA[Red flowers <a href="http://t.co/NnYLHrDqwv" rel="nofollow" dir="ltr" data-expanded-url="http://instagram.com/p/g0yC4lpgbc/" class="twitter-timeline-link" target="_blank" title="http://instagram.com/p/g0yC4lpgbc/" ><span class="tco-ellipsis"></span><span class="invisible">http://</span><span class="js-display-url">instagram.com/p/g0yC4lpgbc/</span><span class="invisible"></span><span class="tco-ellipsis"><span class="invisible">&nbsp;</span></span></a>]]></document>
		<document id="404718026869989377" url="https://twitter.com/vanis/status/404718026869989377"><![CDATA[I&#39;m at Puerto de Frutos (Tigre, Buenos Aires) w/ 4 others<a href="http://t.co/8Y5UcZUNoK" rel="nofollow" dir="ltr" data-expanded-url="http://4sq.com/17Jp6rR" class="twitter-timeline-link u-hidden" target="_blank" title="http://4sq.com/17Jp6rR" ><span class="tco-ellipsis"></span><span class="invisible">http://</span><span class="js-display-url">4sq.com/17Jp6rR</span><span class="invisible"></span><span class="tco-ellipsis"><span class="invisible">&nbsp;</span></span></a>]]></document>
		<document id="405792835347431424" url="https://twitter.com/vanis/status/405792835347431424"><![CDATA[<a href="/sic" class="twitter-atreply pretty-link js-nav" dir="ltr" data-mentioned-user-id="5542712" ><s>@</s><b>sic</b></a> <a href="/Phide80" class="twitter-atreply pretty-link js-nav" dir="ltr" data-mentioned-user-id="111063583" ><s>@</s><b>Phide80</b></a> :-)]]></document>
		<document id="406262757739085824" url="https://twitter.com/vanis/status/406262757739085824"><![CDATA[Chan..]]></document>
		<document id="407874981448925184" url="https://twitter.com/vanis/status/407874981448925184"><![CDATA[Rumbo a <a href="/hashtag/SanLuis?src=hash" data-query-source="hashtag_click" class="twitter-hashtag pretty-link js-nav" dir="ltr" ><s>#</s><b>SanLuis</b></a> (@ Aeroparque Jorge Newbery (AEP) - <a href="/aa2000oficial" class="twitter-atreply pretty-link js-nav" dir="ltr" data-mentioned-user-id="126338610" ><s>@</s><b>aa2000oficial</b></a> w/ 11 others)<a href="http://t.co/U7xsldkARl" rel="nofollow" dir="ltr" data-expanded-url="http://4sq.com/1eLipH5" class="twitter-timeline-link u-hidden" target="_blank" title="http://4sq.com/1eLipH5" ><span class="tco-ellipsis"></span><span class="invisible">http://</span><span class="js-display-url">4sq.com/1eLipH5</span><span class="invisible"></span><span class="tco-ellipsis"><span class="invisible">&nbsp;</span></span></a>]]></document>
		<document id="409338438866173952" url="https://twitter.com/vanis/status/409338438866173952"><![CDATA[<a href="/marcelolynch" class="twitter-atreply pretty-link js-nav" dir="ltr" data-mentioned-user-id="10413642" ><s>@</s><b>marcelolynch</b></a>  :)]]></document>
		<document id="410253683633700864" url="https://twitter.com/vanis/status/410253683633700864"><![CDATA[<a href="/BearWinston" class="twitter-atreply pretty-link js-nav" dir="ltr" data-mentioned-user-id="64619180" ><s>@</s><b>BearWinston</b></a> :-(]]></document>
		<document id="413034733044793344" url="https://twitter.com/vanis/status/413034733044793344"><![CDATA[<a href="/Nerdsallstar" class="twitter-atreply pretty-link js-nav" dir="ltr" data-mentioned-user-id="1638727039" ><s>@</s><b>NerdsAllStar</b></a> tal cual]]></document>
		<document id="413324190046228480" url="https://twitter.com/vanis/status/413324190046228480"><![CDATA[Hasta el 2014! (@ Universidad Católica Argentina (UCA) w/ 2 others) <a href="http://t.co/88nZCcnjid" rel="nofollow" dir="ltr" data-expanded-url="http://4sq.com/1hkTiwn" class="twitter-timeline-link" target="_blank" title="http://4sq.com/1hkTiwn" ><span class="tco-ellipsis"></span><span class="invisible">http://</span><span class="js-display-url">4sq.com/1hkTiwn</span><span class="invisible"></span><span class="tco-ellipsis"><span class="invisible">&nbsp;</span></span></a>]]></document>
		<document id="414013980961943553" url="https://twitter.com/vanis/status/414013980961943553"><![CDATA[<a href="/YashLohiya" class="twitter-atreply pretty-link js-nav" dir="ltr" data-mentioned-user-id="213546857" ><s>@</s><b>YashLohiya</b></a> great team and work with <a href="/Flowics" class="twitter-atreply pretty-link js-nav" dir="ltr" data-mentioned-user-id="509362879" ><s>@</s><b>Flowics</b></a> and <a href="/zauberlabs" class="twitter-atreply pretty-link js-nav" dir="ltr" data-mentioned-user-id="15191978" ><s>@</s><b>zauberlabs</b></a>! Best wishes from Arg!]]></document>
		<document id="414561239759859712" url="https://twitter.com/vanis/status/414561239759859712"><![CDATA[<a href="/sic" class="twitter-atreply pretty-link js-nav" dir="ltr" data-mentioned-user-id="5542712" ><s>@</s><b>sic</b></a> :)]]></document>
		<document id="419102773876367360" url="https://twitter.com/vanis/status/419102773876367360"><![CDATA[<a href="/SirChandler" class="twitter-atreply pretty-link js-nav" dir="ltr" data-mentioned-user-id="25200210" ><s>@</s><b>SirChandler</b></a> ;-) cc <a href="/cecisaia" class="twitter-atreply pretty-link js-nav" dir="ltr" data-mentioned-user-id="14519302" ><s>@</s><b>cecisaia</b></a>]]></document>
	</documents>
</author>