<?xml version="1.0" encoding="UTF-8" standalone="no"?><author age_group="xx" gender="xx" lang="EN" type="twitter" url="https://twitter.com/GarciaAller">
	<documents count="120">
		<document id="337322287499976705" url="https://twitter.com/GarciaAller/status/337322287499976705"><![CDATA[Se disparan VIH y prostitución en Grecia “<a href="/zerohedge" class="twitter-atreply pretty-link js-nav" dir="ltr" data-mentioned-user-id="18856867" ><s>@</s><b>zerohedge</b></a>: Greek Prostitution Soars By 150% As Youth Unempoyment Hits 75% <a href="http://t.co/qBlr6Zpgw0" rel="nofollow" dir="ltr" data-expanded-url="http://www.zerohedge.com/news/2013-05-22/greek-prostitution-soars-150-youth-unempoyment-hits-75-some-areas" class="twitter-timeline-link" target="_blank" title="http://www.zerohedge.com/news/2013-05-22/greek-prostitution-soars-150-youth-unempoyment-hits-75-some-areas" ><span class="tco-ellipsis"></span><span class="invisible">http://www.</span><span class="js-display-url">zerohedge.com/news/2013-05-2</span><span class="invisible">2/greek-prostitution-soars-150-youth-unempoyment-hits-75-some-areas</span><span class="tco-ellipsis"><span class="invisible">&nbsp;</span>…</span></a>”]]></document>
		<document id="341621569723969537" url="https://twitter.com/GarciaAller/status/341621569723969537"><![CDATA[Learning a lot from <a href="/sree" class="twitter-atreply pretty-link js-nav" dir="ltr" data-mentioned-user-id="14328066" ><s>@</s><b>sree</b></a> on social media. Good tip: &quot;Be an early tester and a late adopter&quot; <a href="/hashtag/sreetips?src=hash" data-query-source="hashtag_click" class="twitter-hashtag pretty-link js-nav" dir="ltr" ><s>#</s><b>sreetips</b></a> <a href="/hashtag/cjea?src=hash" data-query-source="hashtag_click" class="twitter-hashtag pretty-link js-nav" dir="ltr" ><s>#</s><b>cjea</b></a><a href="http://t.co/w2L4O3AYnB" class="twitter-timeline-link u-hidden" data-pre-embedded="true" dir="ltr" >pic.twitter.com/w2L4O3AYnB</a>]]></document>
		<document id="341624723161108480" url="https://twitter.com/GarciaAller/status/341624723161108480"><![CDATA[&quot;We are in the attention business&quot; 
<a href="/hashtag/journalism?src=hash" data-query-source="hashtag_click" class="twitter-hashtag pretty-link js-nav" dir="ltr" ><s>#</s><b>journalism</b></a> <a href="/hashtag/sreetips?src=hash" data-query-source="hashtag_click" class="twitter-hashtag pretty-link js-nav" dir="ltr" ><s>#</s><b>sreetips</b></a> <a href="/hashtag/cjea?src=hash" data-query-source="hashtag_click" class="twitter-hashtag pretty-link js-nav" dir="ltr" ><s>#</s><b>cjea</b></a>]]></document>
		<document id="344549941898784768" url="https://twitter.com/GarciaAller/status/344549941898784768"><![CDATA[<a href="/SavvyYouth" class="twitter-atreply pretty-link js-nav" dir="ltr" data-mentioned-user-id="1203916608" ><s>@</s><b>SavvyYouth</b></a> <a href="/IEuniversity" class="twitter-atreply pretty-link js-nav" dir="ltr" data-mentioned-user-id="16825188" ><s>@</s><b>ieuniversity</b></a> that is great! Do you have a link of it?]]></document>
		<document id="352500480993263616" url="https://twitter.com/GarciaAller/status/352500480993263616"><![CDATA[Here comes the sun...!<a href="http://t.co/78s8OnnNTs" rel="nofollow" dir="ltr" data-expanded-url="http://www.ondacero.es/directo/" class="twitter-timeline-link u-hidden" target="_blank" title="http://www.ondacero.es/directo/" ><span class="tco-ellipsis"></span><span class="invisible">http://www.</span><span class="js-display-url">ondacero.es/directo/</span><span class="invisible"></span><span class="tco-ellipsis"><span class="invisible">&nbsp;</span></span></a>]]></document>
		<document id="357573751283523585" url="https://twitter.com/GarciaAller/status/357573751283523585"><![CDATA[Por fin suena... &#39;Here comes the Sun&#39;...
En <a href="/BrujulaOndaCero" class="twitter-atreply pretty-link js-nav" dir="ltr" data-mentioned-user-id="238087028" ><s>@</s><b>BrujulaOndaCero</b></a>]]></document>
		<document id="358116420657233920" url="https://twitter.com/GarciaAller/status/358116420657233920"><![CDATA[&quot;<a href="/CharlieBeckett" class="twitter-atreply pretty-link js-nav" dir="ltr" data-mentioned-user-id="13939772" ><s>@</s><b>CharlieBeckett</b></a>: Do you want to work for a journalism think-tank? We&#39;re hiring <a href="http://t.co/i8TvqQX40u" rel="nofollow" dir="ltr" data-expanded-url="http://bit.ly/1dhtWvh" class="twitter-timeline-link" target="_blank" title="http://bit.ly/1dhtWvh" ><span class="tco-ellipsis"></span><span class="invisible">http://</span><span class="js-display-url">bit.ly/1dhtWvh</span><span class="invisible"></span><span class="tco-ellipsis"><span class="invisible">&nbsp;</span></span></a> Please RT&quot;]]></document>
		<document id="358230916017037312" url="https://twitter.com/GarciaAller/status/358230916017037312"><![CDATA[“Life is about resisting” &amp;“Be strong. I’ll call you tomorrow” Los SMS de Mr. Barcenas y Mr. Rajoy en The Economist<a href="http://t.co/lFdz3R5Kyy" rel="nofollow" dir="ltr" data-expanded-url="http://www.economist.com/news/europe/21582054-mariano-rajoy-under-new-pressure-political-corruption-scandal-rajoy-there" class="twitter-timeline-link u-hidden" target="_blank" title="http://www.economist.com/news/europe/21582054-mariano-rajoy-under-new-pressure-political-corruption-scandal-rajoy-there" ><span class="tco-ellipsis"></span><span class="invisible">http://www.</span><span class="js-display-url">economist.com/news/europe/21</span><span class="invisible">582054-mariano-rajoy-under-new-pressure-political-corruption-scandal-rajoy-there</span><span class="tco-ellipsis"><span class="invisible">&nbsp;</span>…</span></a>]]></document>
		<document id="363232199211876353" url="https://twitter.com/GarciaAller/status/363232199211876353"><![CDATA[&quot;<a href="/rollisonj" class="twitter-atreply pretty-link js-nav" dir="ltr" data-mentioned-user-id="19333409" ><s>@</s><b>rollisonj</b></a>: Interesting: &quot;Spotify, Pandora and the profits problem for streaming music&quot; <a href="http://t.co/2jV2QW9ck9" rel="nofollow" dir="ltr" data-expanded-url="http://gu.com/p/3hm86/tw" class="twitter-timeline-link" target="_blank" title="http://gu.com/p/3hm86/tw" ><span class="tco-ellipsis"></span><span class="invisible">http://</span><span class="js-display-url">gu.com/p/3hm86/tw</span><span class="invisible"></span><span class="tco-ellipsis"><span class="invisible">&nbsp;</span></span></a> via <a href="/guardian" class="twitter-atreply pretty-link js-nav" dir="ltr" data-mentioned-user-id="87818409" ><s>@</s><b>guardian</b></a>&quot; <a href="/hashtag/media?src=hash" data-query-source="hashtag_click" class="twitter-hashtag pretty-link js-nav" dir="ltr" ><s>#</s><b>media</b></a>]]></document>
		<document id="365434756751572992" url="https://twitter.com/GarciaAller/status/365434756751572992"><![CDATA[<a href="/Anade" class="twitter-atreply pretty-link js-nav" dir="ltr" data-mentioned-user-id="4875761" ><s>@</s><b>Anade</b></a> Shhhhhhhhhhhhhhhh ¡Ni se te ocurra!]]></document>
		<document id="373712954652647424" url="https://twitter.com/GarciaAller/status/373712954652647424"><![CDATA[<a href="/rollisonj" class="twitter-atreply pretty-link js-nav" dir="ltr" data-mentioned-user-id="19333409" ><s>@</s><b>rollisonj</b></a> Awesome! Can you ask Nokia to pay me a Trip too? That would be cool! Although I&#39;d rather take pics with my Experia though ;-)]]></document>
		<document id="373823020512854016" url="https://twitter.com/GarciaAller/status/373823020512854016"><![CDATA[<a href="/rollisonj" class="twitter-atreply pretty-link js-nav" dir="ltr" data-mentioned-user-id="19333409" ><s>@</s><b>rollisonj</b></a> That IS cool!]]></document>
		<document id="394796645797199872" url="https://twitter.com/GarciaAller/status/394796645797199872"><![CDATA[Un McDonald&#39;s en Kabul<a href="http://t.co/SpysTElF8i" rel="nofollow" dir="ltr" data-expanded-url="http://www.elmundo.es/mundo/2013/10/28/526df72e63fd3dc22f8b456a.html?a=8356b3ed9cc423ae41d1175afe8a78ad&amp;t=1382961716" class="twitter-timeline-link u-hidden" target="_blank" title="http://www.elmundo.es/mundo/2013/10/28/526df72e63fd3dc22f8b456a.html?a=8356b3ed9cc423ae41d1175afe8a78ad&amp;t=1382961716" ><span class="tco-ellipsis"></span><span class="invisible">http://www.</span><span class="js-display-url">elmundo.es/mundo/2013/10/</span><span class="invisible">28/526df72e63fd3dc22f8b456a.html?a=8356b3ed9cc423ae41d1175afe8a78ad&amp;t=1382961716</span><span class="tco-ellipsis"><span class="invisible">&nbsp;</span>…</span></a>]]></document>
		<document id="397357912869199872" url="https://twitter.com/GarciaAller/status/397357912869199872"><![CDATA[Si juntas The Simpsons y Fox News... Sale algo así.<a href="http://t.co/GcpyM92uK3" class="twitter-timeline-link u-hidden" data-pre-embedded="true" dir="ltr" >pic.twitter.com/GcpyM92uK3</a>]]></document>
		<document id="397661265826312193" url="https://twitter.com/GarciaAller/status/397661265826312193"><![CDATA[<a href="/borjabergareche" class="twitter-atreply pretty-link js-nav" dir="ltr" data-mentioned-user-id="190340069" ><s>@</s><b>borjabergareche</b></a> Y que Barack Obama use una Blackberry...]]></document>
		<document id="398780460450734080" url="https://twitter.com/GarciaAller/status/398780460450734080"><![CDATA[Great oportunity to learn about <a href="/hashtag/newmedia?src=hash" data-query-source="hashtag_click" class="twitter-hashtag pretty-link js-nav" dir="ltr" ><s>#</s><b>newmedia</b></a> and <a href="/hashtag/Journalism?src=hash" data-query-source="hashtag_click" class="twitter-hashtag pretty-link js-nav" dir="ltr" ><s>#</s><b>Journalism</b></a> entrepreneurship meeting <a href="/Acuerdo_us" class="twitter-atreply pretty-link js-nav" dir="ltr" data-mentioned-user-id="1320623940" ><s>@</s><b>Acuerdo_us</b></a> at <a href="/IEuniversity" class="twitter-atreply pretty-link js-nav" dir="ltr" data-mentioned-user-id="16825188" ><s>@</s><b>IEuniversity</b></a><a href="http://t.co/aGCcLhCmgL" class="twitter-timeline-link u-hidden" data-pre-embedded="true" dir="ltr" >pic.twitter.com/aGCcLhCmgL</a>]]></document>
		<document id="401655937205022720" url="https://twitter.com/GarciaAller/status/401655937205022720"><![CDATA[El helio (barato) se agota y nosotros hinchando globos. Curioso tema en <a href="/hashtag/BBC?src=hash" data-query-source="hashtag_click" class="twitter-hashtag pretty-link js-nav" dir="ltr" ><s>#</s><b>BBC</b></a> Is it right to waste helium on balloons?<a href="http://t.co/rvNr8TD3aD" rel="nofollow" dir="ltr" data-expanded-url="http://www.bbc.co.uk/news/magazine-24903034" class="twitter-timeline-link u-hidden" target="_blank" title="http://www.bbc.co.uk/news/magazine-24903034" ><span class="tco-ellipsis"></span><span class="invisible">http://www.</span><span class="js-display-url">bbc.co.uk/news/magazine-</span><span class="invisible">24903034</span><span class="tco-ellipsis"><span class="invisible">&nbsp;</span>…</span></a>]]></document>
		<document id="402177024321945600" url="https://twitter.com/GarciaAller/status/402177024321945600"><![CDATA[Ya lo avisó Milton Friedman: There is no such thing as a free wifi <a href="/hashtag/NosEsp%C3%ADan?src=hash" data-query-source="hashtag_click" class="twitter-hashtag pretty-link js-nav" dir="ltr" ><s>#</s><b>NosEspían</b></a>]]></document>
		<document id="402382592768352256" url="https://twitter.com/GarciaAller/status/402382592768352256"><![CDATA[<a href="/metternich83" class="twitter-atreply pretty-link js-nav" dir="ltr" data-mentioned-user-id="452450858" ><s>@</s><b>metternich83</b></a> Muchas gracias! :-)]]></document>
		<document id="407217150693507072" url="https://twitter.com/GarciaAller/status/407217150693507072"><![CDATA[Se asoma o se esconde? “<a href="/JotDownSpain" class="twitter-atreply pretty-link js-nav" dir="ltr" data-mentioned-user-id="243608028" ><s>@</s><b>JotDownSpain</b></a>: <a href="http://t.co/a7MOri0s0P" class="twitter-timeline-link u-hidden" data-pre-embedded="true" dir="ltr" >pic.twitter.com/a7MOri0s0P</a>”]]></document>
		<document id="416665580889186304" url="https://twitter.com/GarciaAller/status/416665580889186304"><![CDATA[<a href="/Monsan_piolin" class="twitter-atreply pretty-link js-nav" dir="ltr" data-mentioned-user-id="262165913" ><s>@</s><b>Monsan_piolin</b></a> Shhhhhhhhhhh ;-)]]></document>
		<document id="337322287499976705" url="https://twitter.com/GarciaAller/status/337322287499976705"><![CDATA[Se disparan VIH y prostitución en Grecia “<a href="/zerohedge" class="twitter-atreply pretty-link js-nav" dir="ltr" data-mentioned-user-id="18856867" ><s>@</s><b>zerohedge</b></a>: Greek Prostitution Soars By 150% As Youth Unempoyment Hits 75% <a href="http://t.co/qBlr6Zpgw0" rel="nofollow" dir="ltr" data-expanded-url="http://www.zerohedge.com/news/2013-05-22/greek-prostitution-soars-150-youth-unempoyment-hits-75-some-areas" class="twitter-timeline-link" target="_blank" title="http://www.zerohedge.com/news/2013-05-22/greek-prostitution-soars-150-youth-unempoyment-hits-75-some-areas" ><span class="tco-ellipsis"></span><span class="invisible">http://www.</span><span class="js-display-url">zerohedge.com/news/2013-05-2</span><span class="invisible">2/greek-prostitution-soars-150-youth-unempoyment-hits-75-some-areas</span><span class="tco-ellipsis"><span class="invisible">&nbsp;</span>…</span></a>”]]></document>
		<document id="341621569723969537" url="https://twitter.com/GarciaAller/status/341621569723969537"><![CDATA[Learning a lot from <a href="/sree" class="twitter-atreply pretty-link js-nav" dir="ltr" data-mentioned-user-id="14328066" ><s>@</s><b>sree</b></a> on social media. Good tip: &quot;Be an early tester and a late adopter&quot; <a href="/hashtag/sreetips?src=hash" data-query-source="hashtag_click" class="twitter-hashtag pretty-link js-nav" dir="ltr" ><s>#</s><b>sreetips</b></a> <a href="/hashtag/cjea?src=hash" data-query-source="hashtag_click" class="twitter-hashtag pretty-link js-nav" dir="ltr" ><s>#</s><b>cjea</b></a><a href="http://t.co/w2L4O3AYnB" class="twitter-timeline-link u-hidden" data-pre-embedded="true" dir="ltr" >pic.twitter.com/w2L4O3AYnB</a>]]></document>
		<document id="341624723161108480" url="https://twitter.com/GarciaAller/status/341624723161108480"><![CDATA[&quot;We are in the attention business&quot; 
<a href="/hashtag/journalism?src=hash" data-query-source="hashtag_click" class="twitter-hashtag pretty-link js-nav" dir="ltr" ><s>#</s><b>journalism</b></a> <a href="/hashtag/sreetips?src=hash" data-query-source="hashtag_click" class="twitter-hashtag pretty-link js-nav" dir="ltr" ><s>#</s><b>sreetips</b></a> <a href="/hashtag/cjea?src=hash" data-query-source="hashtag_click" class="twitter-hashtag pretty-link js-nav" dir="ltr" ><s>#</s><b>cjea</b></a>]]></document>
		<document id="344549941898784768" url="https://twitter.com/GarciaAller/status/344549941898784768"><![CDATA[<a href="/SavvyYouth" class="twitter-atreply pretty-link js-nav" dir="ltr" data-mentioned-user-id="1203916608" ><s>@</s><b>SavvyYouth</b></a> <a href="/IEuniversity" class="twitter-atreply pretty-link js-nav" dir="ltr" data-mentioned-user-id="16825188" ><s>@</s><b>ieuniversity</b></a> that is great! Do you have a link of it?]]></document>
		<document id="352500480993263616" url="https://twitter.com/GarciaAller/status/352500480993263616"><![CDATA[Here comes the sun...!<a href="http://t.co/78s8OnnNTs" rel="nofollow" dir="ltr" data-expanded-url="http://www.ondacero.es/directo/" class="twitter-timeline-link u-hidden" target="_blank" title="http://www.ondacero.es/directo/" ><span class="tco-ellipsis"></span><span class="invisible">http://www.</span><span class="js-display-url">ondacero.es/directo/</span><span class="invisible"></span><span class="tco-ellipsis"><span class="invisible">&nbsp;</span></span></a>]]></document>
		<document id="357573751283523585" url="https://twitter.com/GarciaAller/status/357573751283523585"><![CDATA[Por fin suena... &#39;Here comes the Sun&#39;...
En <a href="/BrujulaOndaCero" class="twitter-atreply pretty-link js-nav" dir="ltr" data-mentioned-user-id="238087028" ><s>@</s><b>BrujulaOndaCero</b></a>]]></document>
		<document id="358116420657233920" url="https://twitter.com/GarciaAller/status/358116420657233920"><![CDATA[&quot;<a href="/CharlieBeckett" class="twitter-atreply pretty-link js-nav" dir="ltr" data-mentioned-user-id="13939772" ><s>@</s><b>CharlieBeckett</b></a>: Do you want to work for a journalism think-tank? We&#39;re hiring <a href="http://t.co/i8TvqQX40u" rel="nofollow" dir="ltr" data-expanded-url="http://bit.ly/1dhtWvh" class="twitter-timeline-link" target="_blank" title="http://bit.ly/1dhtWvh" ><span class="tco-ellipsis"></span><span class="invisible">http://</span><span class="js-display-url">bit.ly/1dhtWvh</span><span class="invisible"></span><span class="tco-ellipsis"><span class="invisible">&nbsp;</span></span></a> Please RT&quot;]]></document>
		<document id="358230916017037312" url="https://twitter.com/GarciaAller/status/358230916017037312"><![CDATA[“Life is about resisting” &amp;“Be strong. I’ll call you tomorrow” Los SMS de Mr. Barcenas y Mr. Rajoy en The Economist<a href="http://t.co/lFdz3R5Kyy" rel="nofollow" dir="ltr" data-expanded-url="http://www.economist.com/news/europe/21582054-mariano-rajoy-under-new-pressure-political-corruption-scandal-rajoy-there" class="twitter-timeline-link u-hidden" target="_blank" title="http://www.economist.com/news/europe/21582054-mariano-rajoy-under-new-pressure-political-corruption-scandal-rajoy-there" ><span class="tco-ellipsis"></span><span class="invisible">http://www.</span><span class="js-display-url">economist.com/news/europe/21</span><span class="invisible">582054-mariano-rajoy-under-new-pressure-political-corruption-scandal-rajoy-there</span><span class="tco-ellipsis"><span class="invisible">&nbsp;</span>…</span></a>]]></document>
		<document id="363232199211876353" url="https://twitter.com/GarciaAller/status/363232199211876353"><![CDATA[&quot;<a href="/rollisonj" class="twitter-atreply pretty-link js-nav" dir="ltr" data-mentioned-user-id="19333409" ><s>@</s><b>rollisonj</b></a>: Interesting: &quot;Spotify, Pandora and the profits problem for streaming music&quot; <a href="http://t.co/2jV2QW9ck9" rel="nofollow" dir="ltr" data-expanded-url="http://gu.com/p/3hm86/tw" class="twitter-timeline-link" target="_blank" title="http://gu.com/p/3hm86/tw" ><span class="tco-ellipsis"></span><span class="invisible">http://</span><span class="js-display-url">gu.com/p/3hm86/tw</span><span class="invisible"></span><span class="tco-ellipsis"><span class="invisible">&nbsp;</span></span></a> via <a href="/guardian" class="twitter-atreply pretty-link js-nav" dir="ltr" data-mentioned-user-id="87818409" ><s>@</s><b>guardian</b></a>&quot; <a href="/hashtag/media?src=hash" data-query-source="hashtag_click" class="twitter-hashtag pretty-link js-nav" dir="ltr" ><s>#</s><b>media</b></a>]]></document>
		<document id="365434756751572992" url="https://twitter.com/GarciaAller/status/365434756751572992"><![CDATA[<a href="/Anade" class="twitter-atreply pretty-link js-nav" dir="ltr" data-mentioned-user-id="4875761" ><s>@</s><b>Anade</b></a> Shhhhhhhhhhhhhhhh ¡Ni se te ocurra!]]></document>
		<document id="373712954652647424" url="https://twitter.com/GarciaAller/status/373712954652647424"><![CDATA[<a href="/rollisonj" class="twitter-atreply pretty-link js-nav" dir="ltr" data-mentioned-user-id="19333409" ><s>@</s><b>rollisonj</b></a> Awesome! Can you ask Nokia to pay me a Trip too? That would be cool! Although I&#39;d rather take pics with my Experia though ;-)]]></document>
		<document id="373823020512854016" url="https://twitter.com/GarciaAller/status/373823020512854016"><![CDATA[<a href="/rollisonj" class="twitter-atreply pretty-link js-nav" dir="ltr" data-mentioned-user-id="19333409" ><s>@</s><b>rollisonj</b></a> That IS cool!]]></document>
		<document id="394796645797199872" url="https://twitter.com/GarciaAller/status/394796645797199872"><![CDATA[Un McDonald&#39;s en Kabul<a href="http://t.co/SpysTElF8i" rel="nofollow" dir="ltr" data-expanded-url="http://www.elmundo.es/mundo/2013/10/28/526df72e63fd3dc22f8b456a.html?a=8356b3ed9cc423ae41d1175afe8a78ad&amp;t=1382961716" class="twitter-timeline-link u-hidden" target="_blank" title="http://www.elmundo.es/mundo/2013/10/28/526df72e63fd3dc22f8b456a.html?a=8356b3ed9cc423ae41d1175afe8a78ad&amp;t=1382961716" ><span class="tco-ellipsis"></span><span class="invisible">http://www.</span><span class="js-display-url">elmundo.es/mundo/2013/10/</span><span class="invisible">28/526df72e63fd3dc22f8b456a.html?a=8356b3ed9cc423ae41d1175afe8a78ad&amp;t=1382961716</span><span class="tco-ellipsis"><span class="invisible">&nbsp;</span>…</span></a>]]></document>
		<document id="397357912869199872" url="https://twitter.com/GarciaAller/status/397357912869199872"><![CDATA[Si juntas The Simpsons y Fox News... Sale algo así.<a href="http://t.co/GcpyM92uK3" class="twitter-timeline-link u-hidden" data-pre-embedded="true" dir="ltr" >pic.twitter.com/GcpyM92uK3</a>]]></document>
		<document id="397661265826312193" url="https://twitter.com/GarciaAller/status/397661265826312193"><![CDATA[<a href="/borjabergareche" class="twitter-atreply pretty-link js-nav" dir="ltr" data-mentioned-user-id="190340069" ><s>@</s><b>borjabergareche</b></a> Y que Barack Obama use una Blackberry...]]></document>
		<document id="398780460450734080" url="https://twitter.com/GarciaAller/status/398780460450734080"><![CDATA[Great oportunity to learn about <a href="/hashtag/newmedia?src=hash" data-query-source="hashtag_click" class="twitter-hashtag pretty-link js-nav" dir="ltr" ><s>#</s><b>newmedia</b></a> and <a href="/hashtag/Journalism?src=hash" data-query-source="hashtag_click" class="twitter-hashtag pretty-link js-nav" dir="ltr" ><s>#</s><b>Journalism</b></a> entrepreneurship meeting <a href="/Acuerdo_us" class="twitter-atreply pretty-link js-nav" dir="ltr" data-mentioned-user-id="1320623940" ><s>@</s><b>Acuerdo_us</b></a> at <a href="/IEuniversity" class="twitter-atreply pretty-link js-nav" dir="ltr" data-mentioned-user-id="16825188" ><s>@</s><b>IEuniversity</b></a><a href="http://t.co/aGCcLhCmgL" class="twitter-timeline-link u-hidden" data-pre-embedded="true" dir="ltr" >pic.twitter.com/aGCcLhCmgL</a>]]></document>
		<document id="401655937205022720" url="https://twitter.com/GarciaAller/status/401655937205022720"><![CDATA[El helio (barato) se agota y nosotros hinchando globos. Curioso tema en <a href="/hashtag/BBC?src=hash" data-query-source="hashtag_click" class="twitter-hashtag pretty-link js-nav" dir="ltr" ><s>#</s><b>BBC</b></a> Is it right to waste helium on balloons?<a href="http://t.co/rvNr8TD3aD" rel="nofollow" dir="ltr" data-expanded-url="http://www.bbc.co.uk/news/magazine-24903034" class="twitter-timeline-link u-hidden" target="_blank" title="http://www.bbc.co.uk/news/magazine-24903034" ><span class="tco-ellipsis"></span><span class="invisible">http://www.</span><span class="js-display-url">bbc.co.uk/news/magazine-</span><span class="invisible">24903034</span><span class="tco-ellipsis"><span class="invisible">&nbsp;</span>…</span></a>]]></document>
		<document id="402177024321945600" url="https://twitter.com/GarciaAller/status/402177024321945600"><![CDATA[Ya lo avisó Milton Friedman: There is no such thing as a free wifi <a href="/hashtag/NosEsp%C3%ADan?src=hash" data-query-source="hashtag_click" class="twitter-hashtag pretty-link js-nav" dir="ltr" ><s>#</s><b>NosEspían</b></a>]]></document>
		<document id="402382592768352256" url="https://twitter.com/GarciaAller/status/402382592768352256"><![CDATA[<a href="/metternich83" class="twitter-atreply pretty-link js-nav" dir="ltr" data-mentioned-user-id="452450858" ><s>@</s><b>metternich83</b></a> Muchas gracias! :-)]]></document>
		<document id="407217150693507072" url="https://twitter.com/GarciaAller/status/407217150693507072"><![CDATA[Se asoma o se esconde? “<a href="/JotDownSpain" class="twitter-atreply pretty-link js-nav" dir="ltr" data-mentioned-user-id="243608028" ><s>@</s><b>JotDownSpain</b></a>: <a href="http://t.co/a7MOri0s0P" class="twitter-timeline-link u-hidden" data-pre-embedded="true" dir="ltr" >pic.twitter.com/a7MOri0s0P</a>”]]></document>
		<document id="416665580889186304" url="https://twitter.com/GarciaAller/status/416665580889186304"><![CDATA[<a href="/Monsan_piolin" class="twitter-atreply pretty-link js-nav" dir="ltr" data-mentioned-user-id="262165913" ><s>@</s><b>Monsan_piolin</b></a> Shhhhhhhhhhh ;-)]]></document>
	</documents>
</author>