<?xml version="1.0" encoding="UTF-8" standalone="no"?><author age_group="xx" gender="xx" lang="EN" type="twitter" url="https://twitter.com/Adela_Micha">
	<documents count="248">
		<document id="322534101645152256" url="https://twitter.com/Adela_Micha/status/322534101645152256"><![CDATA[<a href="/RaulTadeomx" class="twitter-atreply pretty-link js-nav" dir="ltr" data-mentioned-user-id="434205315" ><s>@</s><b>RaulTadeomx</b></a> besos Raul !]]></document>
		<document id="322567108334608384" url="https://twitter.com/Adela_Micha/status/322567108334608384"><![CDATA[<a href="/ga_pedraza" class="twitter-atreply pretty-link js-nav" dir="ltr" data-mentioned-user-id="594358772" ><s>@</s><b>ga_pedraza</b></a> gracias Gustavo !]]></document>
		<document id="322569884108214272" url="https://twitter.com/Adela_Micha/status/322569884108214272"><![CDATA[<a href="/javierpantoja7" class="twitter-atreply pretty-link js-nav" dir="ltr" data-mentioned-user-id="961088894" ><s>@</s><b>javierpantoja7</b></a> graciaaas Javier]]></document>
		<document id="322570353878659072" url="https://twitter.com/Adela_Micha/status/322570353878659072"><![CDATA[@RbyEsqueda hooola]]></document>
		<document id="322876040777183233" url="https://twitter.com/Adela_Micha/status/322876040777183233"><![CDATA[<a href="/javierpantoja7" class="twitter-atreply pretty-link js-nav" dir="ltr" data-mentioned-user-id="961088894" ><s>@</s><b>javierpantoja7</b></a> gracias Javier]]></document>
		<document id="324729632584781824" url="https://twitter.com/Adela_Micha/status/324729632584781824"><![CDATA[Es mi cacle favorito]]></document>
		<document id="324953171887783939" url="https://twitter.com/Adela_Micha/status/324953171887783939"><![CDATA[<a href="/timmytaz" class="twitter-atreply pretty-link js-nav" dir="ltr" data-mentioned-user-id="102542612" ><s>@</s><b>timmytaz</b></a> mi correo 
Adela@televisa.com.mx]]></document>
		<document id="325647326460928000" url="https://twitter.com/Adela_Micha/status/325647326460928000"><![CDATA[<a href="/rogergzz" class="twitter-atreply pretty-link js-nav" dir="ltr" data-mentioned-user-id="21726714" ><s>@</s><b>rogergzz</b></a> gracias Roger ! Un beso]]></document>
		<document id="326849816686645248" url="https://twitter.com/Adela_Micha/status/326849816686645248"><![CDATA[<a href="/flaiifoto" class="twitter-atreply pretty-link js-nav" dir="ltr" data-mentioned-user-id="106508171" ><s>@</s><b>flaiifoto</b></a> jajajajajajajajajajaja graaaacias]]></document>
		<document id="327659049413902336" url="https://twitter.com/Adela_Micha/status/327659049413902336"><![CDATA[<a href="/hashtag/mancerahazmeunparo?src=hash" data-query-source="hashtag_click" class="twitter-hashtag pretty-link js-nav" dir="ltr" ><s>#</s><b>mancerahazmeunparo</b></a>]]></document>
		<document id="330490983609401344" url="https://twitter.com/Adela_Micha/status/330490983609401344"><![CDATA[<a href="/Lilykintero2" class="twitter-atreply pretty-link js-nav" dir="ltr" data-mentioned-user-id="1290184478" ><s>@</s><b>Lilykintero2</b></a> gracias Lily]]></document>
		<document id="332320706064969728" url="https://twitter.com/Adela_Micha/status/332320706064969728"><![CDATA[<a href="/GUILLERMORANGE4" class="twitter-atreply pretty-link js-nav" dir="ltr" data-mentioned-user-id="893982649" ><s>@</s><b>GUILLERMORANGE4</b></a> besooooos]]></document>
		<document id="332505010833350659" url="https://twitter.com/Adela_Micha/status/332505010833350659"><![CDATA[<a href="/ULUAHOTEL" class="twitter-atreply pretty-link js-nav" dir="ltr" data-mentioned-user-id="1410355706" ><s>@</s><b>ULUAHOTEL</b></a> adela@televisa.com.mx]]></document>
		<document id="332505549012877315" url="https://twitter.com/Adela_Micha/status/332505549012877315"><![CDATA[<a href="/barronbarron042" class="twitter-atreply pretty-link js-nav" dir="ltr" data-mentioned-user-id="1379541098" ><s>@</s><b>barronbarron042</b></a> hoola Frank]]></document>
		<document id="332681713106964480" url="https://twitter.com/Adela_Micha/status/332681713106964480"><![CDATA[<a href="/oskar_yu" class="twitter-atreply pretty-link js-nav" dir="ltr" data-mentioned-user-id="375451362" ><s>@</s><b>oskar_yu</b></a> jajajajaja un beso]]></document>
		<document id="332681943730753538" url="https://twitter.com/Adela_Micha/status/332681943730753538"><![CDATA[<a href="/Loren55Ca" class="twitter-atreply pretty-link js-nav" dir="ltr" data-mentioned-user-id="745660435" ><s>@</s><b>Loren55Ca</b></a> graaaacias]]></document>
		<document id="333034572747005952" url="https://twitter.com/Adela_Micha/status/333034572747005952"><![CDATA[<a href="/VEGALICHA" class="twitter-atreply pretty-link js-nav" dir="ltr" data-mentioned-user-id="390480335" ><s>@</s><b>VEGALICHA</b></a> gracias Licha! Abrazo]]></document>
		<document id="333038058708541440" url="https://twitter.com/Adela_Micha/status/333038058708541440"><![CDATA[<a href="/jlr196021" class="twitter-atreply pretty-link js-nav" dir="ltr" data-mentioned-user-id="348628353" ><s>@</s><b>jlr196021</b></a> jajajajajajajajajaajaja besoooooos]]></document>
		<document id="333045867021996032" url="https://twitter.com/Adela_Micha/status/333045867021996032"><![CDATA[<a href="/estroccoli" class="twitter-atreply pretty-link js-nav" dir="ltr" data-mentioned-user-id="220873256" ><s>@</s><b>estroccoli</b></a> jajajajaja gracias Chano!]]></document>
		<document id="334144185462575105" url="https://twitter.com/Adela_Micha/status/334144185462575105"><![CDATA[<a href="/missrosyvilla" class="twitter-atreply pretty-link js-nav" dir="ltr" data-mentioned-user-id="1209418422" ><s>@</s><b>missrosyvilla</b></a> jajajaja gracias]]></document>
		<document id="334151332330098688" url="https://twitter.com/Adela_Micha/status/334151332330098688"><![CDATA[<a href="/missrosyvilla" class="twitter-atreply pretty-link js-nav" dir="ltr" data-mentioned-user-id="1209418422" ><s>@</s><b>missrosyvilla</b></a> luis ortiz Oscoy]]></document>
		<document id="334415109004873728" url="https://twitter.com/Adela_Micha/status/334415109004873728"><![CDATA[<a href="/raul_asbury" class="twitter-atreply pretty-link js-nav" dir="ltr" data-mentioned-user-id="1428806774" ><s>@</s><b>raul_asbury</b></a> gracias Raul ! Besos]]></document>
		<document id="334415365436227584" url="https://twitter.com/Adela_Micha/status/334415365436227584"><![CDATA[<a href="/JAust90" class="twitter-atreply pretty-link js-nav" dir="ltr" data-mentioned-user-id="1228208898" ><s>@</s><b>JAust90</b></a> besoooos]]></document>
		<document id="334479485762146305" url="https://twitter.com/Adela_Micha/status/334479485762146305"><![CDATA[<a href="/AgataPsi" class="twitter-atreply pretty-link js-nav" dir="ltr" data-mentioned-user-id="342360662" ><s>@</s><b>AgataPsi</b></a> muchas felicidades ! Besos]]></document>
		<document id="334483845300748288" url="https://twitter.com/Adela_Micha/status/334483845300748288"><![CDATA[<a href="/Aeth82" class="twitter-atreply pretty-link js-nav" dir="ltr" data-mentioned-user-id="146689752" ><s>@</s><b>Aeth82</b></a> GALAVISION]]></document>
		<document id="334490790300626945" url="https://twitter.com/Adela_Micha/status/334490790300626945"><![CDATA[<a href="/jupitermontes" class="twitter-atreply pretty-link js-nav" dir="ltr" data-mentioned-user-id="1360509217" ><s>@</s><b>jupitermontes</b></a> jajajaja gracias Jupiter ! Un beso]]></document>
		<document id="337193396278022144" url="https://twitter.com/Adela_Micha/status/337193396278022144"><![CDATA[<a href="/davidgallegosg" class="twitter-atreply pretty-link js-nav" dir="ltr" data-mentioned-user-id="77394704" ><s>@</s><b>davidgallegosg</b></a> Jajajajaja gracias]]></document>
		<document id="337636708545867776" url="https://twitter.com/Adela_Micha/status/337636708545867776"><![CDATA[<a href="/bettybooop05" class="twitter-atreply pretty-link js-nav" dir="ltr" data-mentioned-user-id="117197223" ><s>@</s><b>bettybooop05</b></a> mil gracias Betty]]></document>
		<document id="337745456065044480" url="https://twitter.com/Adela_Micha/status/337745456065044480"><![CDATA[<a href="/pbroraulsr" class="twitter-atreply pretty-link js-nav" dir="ltr" data-mentioned-user-id="1032830905" ><s>@</s><b>pbroraulsr</b></a> gracias Raul]]></document>
		<document id="339203616638398464" url="https://twitter.com/Adela_Micha/status/339203616638398464"><![CDATA[<a href="/jlr196021" class="twitter-atreply pretty-link js-nav" dir="ltr" data-mentioned-user-id="348628353" ><s>@</s><b>jlr196021</b></a> Jajajajaja besos]]></document>
		<document id="339910760736116736" url="https://twitter.com/Adela_Micha/status/339910760736116736"><![CDATA[&quot;<a href="/NTelevisa_com" class="twitter-atreply pretty-link js-nav" dir="ltr" data-mentioned-user-id="25401359" ><s>@</s><b>NTelevisa_com</b></a>: A las 20:00 horas inicia Las noticias por <a href="/Adela_Micha" class="twitter-atreply pretty-link js-nav" dir="ltr" data-mentioned-user-id="70805914" ><s>@</s><b>Adela_Micha</b></a> por GALAtv&quot;/=al aire]]></document>
		<document id="342465597428346880" url="https://twitter.com/Adela_Micha/status/342465597428346880"><![CDATA[@Betibye Jajajajaja gracias]]></document>
		<document id="348059889005887488" url="https://twitter.com/Adela_Micha/status/348059889005887488"><![CDATA[<a href="/MirianAguilar5" class="twitter-atreply pretty-link js-nav" dir="ltr" data-mentioned-user-id="632035331" ><s>@</s><b>MirianAguilar5</b></a> Jajajaja tiene razón]]></document>
		<document id="348060302178414594" url="https://twitter.com/Adela_Micha/status/348060302178414594"><![CDATA[<a href="/LomasYulitze" class="twitter-atreply pretty-link js-nav" dir="ltr" data-mentioned-user-id="631553895" ><s>@</s><b>LomasYulitze</b></a> igual para ti]]></document>
		<document id="348061251852705793" url="https://twitter.com/Adela_Micha/status/348061251852705793"><![CDATA[<a href="/MirianAguilar5" class="twitter-atreply pretty-link js-nav" dir="ltr" data-mentioned-user-id="632035331" ><s>@</s><b>MirianAguilar5</b></a> besos]]></document>
		<document id="348061353266774016" url="https://twitter.com/Adela_Micha/status/348061353266774016"><![CDATA[<a href="/CanettEricka" class="twitter-atreply pretty-link js-nav" dir="ltr" data-mentioned-user-id="632118690" ><s>@</s><b>CanettEricka</b></a> igualmente!]]></document>
		<document id="348061576219217920" url="https://twitter.com/Adela_Micha/status/348061576219217920"><![CDATA[<a href="/eugenia_karla" class="twitter-atreply pretty-link js-nav" dir="ltr" data-mentioned-user-id="1451137904" ><s>@</s><b>eugenia_karla</b></a> gracias Karla]]></document>
		<document id="348062093632753664" url="https://twitter.com/Adela_Micha/status/348062093632753664"><![CDATA[<a href="/PoloTonantzin" class="twitter-atreply pretty-link js-nav" dir="ltr" data-mentioned-user-id="631474994" ><s>@</s><b>PoloTonantzin</b></a> Jajajajaja besos]]></document>
		<document id="348812829169680385" url="https://twitter.com/Adela_Micha/status/348812829169680385"><![CDATA[<a href="/AngelZazueta3" class="twitter-atreply pretty-link js-nav" dir="ltr" data-mentioned-user-id="631275751" ><s>@</s><b>AngelZazueta3</b></a> gracias Angel! Un beso]]></document>
		<document id="348812941954527232" url="https://twitter.com/Adela_Micha/status/348812941954527232"><![CDATA[<a href="/smith_amador" class="twitter-atreply pretty-link js-nav" dir="ltr" data-mentioned-user-id="631271978" ><s>@</s><b>smith_amador</b></a> gracias Smith! Besos]]></document>
		<document id="348816770557149184" url="https://twitter.com/Adela_Micha/status/348816770557149184"><![CDATA[<a href="/HiMammy73" class="twitter-atreply pretty-link js-nav" dir="ltr" data-mentioned-user-id="1013304061" ><s>@</s><b>HiMammy73</b></a> besos Erika]]></document>
		<document id="350054415002116096" url="https://twitter.com/Adela_Micha/status/350054415002116096"><![CDATA[<a href="/ItziMartz" class="twitter-atreply pretty-link js-nav" dir="ltr" data-mentioned-user-id="117331341" ><s>@</s><b>ItziMartz</b></a> Jajajaja graaacias]]></document>
		<document id="350054519125712896" url="https://twitter.com/Adela_Micha/status/350054519125712896"><![CDATA[<a href="/AriChaparro" class="twitter-atreply pretty-link js-nav" dir="ltr" data-mentioned-user-id="2689064672" ><s>@</s><b>arichaparro</b></a> <a href="/Mojoetv" class="twitter-atreply pretty-link js-nav" dir="ltr" data-mentioned-user-id="133378387" ><s>@</s><b>Mojoetv</b></a> Jajaja me divertí mucho]]></document>
		<document id="355049344136781824" url="https://twitter.com/Adela_Micha/status/355049344136781824"><![CDATA[# odio BlackBerry]]></document>
		<document id="355147893922988032" url="https://twitter.com/Adela_Micha/status/355147893922988032"><![CDATA[<a href="/LorenzoPerezV1" class="twitter-atreply pretty-link js-nav" dir="ltr" data-mentioned-user-id="1104451766" ><s>@</s><b>LorenzoPerezV1</b></a> Jajajaja gracias]]></document>
		<document id="355148124408381441" url="https://twitter.com/Adela_Micha/status/355148124408381441"><![CDATA[<a href="/tsumi_tenshioh" class="twitter-atreply pretty-link js-nav" dir="ltr" data-mentioned-user-id="226821165" ><s>@</s><b>tsumi_tenshioh</b></a> graaacias]]></document>
		<document id="355534624690143232" url="https://twitter.com/Adela_Micha/status/355534624690143232"><![CDATA[&quot;<a href="/mayra_calvohdz" class="twitter-atreply pretty-link js-nav" dir="ltr" data-mentioned-user-id="110325235" ><s>@</s><b>mayra_calvohdz</b></a>: <a href="/Adela_Micha" class="twitter-atreply pretty-link js-nav" dir="ltr" data-mentioned-user-id="70805914" ><s>@</s><b>Adela_Micha</b></a> jaja ahssss bn dia <a href="http://t.co/s2C26NFEZZ" rel="nofollow" dir="ltr" data-expanded-url="https://twitter.com/mayra_calvohdz/status/355395528722366465/photo/1" class="twitter-timeline-link" target="_blank" title="https://twitter.com/mayra_calvohdz/status/355395528722366465/photo/1" ><span class="tco-ellipsis"></span><span class="invisible">https://twitter.com/mayra_calvohdz/status/355395528722366465/photo/1</span><span class="js-display-url">pic.twitter.com/s2C26NFEZZ</span><span class="invisible"></span><span class="tco-ellipsis"><span class="invisible">&nbsp;</span></span></a>&quot;\jjajajajaja]]></document>
		<document id="365307498284060673" url="https://twitter.com/Adela_Micha/status/365307498284060673"><![CDATA[<a href="/joanne_michel" class="twitter-atreply pretty-link js-nav" dir="ltr" data-mentioned-user-id="518219502" ><s>@</s><b>joanne_michel</b></a> cómo saaaaabes?]]></document>
		<document id="365647189642448897" url="https://twitter.com/Adela_Micha/status/365647189642448897"><![CDATA[@ellie_diesel graaaacias!]]></document>
		<document id="365662667073003521" url="https://twitter.com/Adela_Micha/status/365662667073003521"><![CDATA[<a href="/ian_saenz" class="twitter-atreply pretty-link js-nav" dir="ltr" data-mentioned-user-id="2508512588" ><s>@</s><b>ian_saenz</b></a> <a href="/AlfredoJalife" class="twitter-atreply pretty-link js-nav" dir="ltr" data-mentioned-user-id="66269763" ><s>@</s><b>AlfredoJalife</b></a> <a href="/learningtofly_6" class="twitter-atreply pretty-link js-nav" dir="ltr" data-mentioned-user-id="635858000" ><s>@</s><b>learningtofly_6</b></a> <a href="/SalermoGDL" class="twitter-atreply pretty-link js-nav" dir="ltr" data-mentioned-user-id="151196463" ><s>@</s><b>SalermoGDL</b></a> <a href="/lopezdoriga" class="twitter-atreply pretty-link js-nav" dir="ltr" data-mentioned-user-id="236636515" ><s>@</s><b>lopezdoriga</b></a> <a href="/fernandeznorona" class="twitter-atreply pretty-link js-nav" dir="ltr" data-mentioned-user-id="43115590" ><s>@</s><b>fernandeznorona</b></a>]]></document>
		<document id="366016497723781120" url="https://twitter.com/Adela_Micha/status/366016497723781120"><![CDATA[<a href="/macariomx" class="twitter-atreply pretty-link js-nav" dir="ltr" data-mentioned-user-id="23322761" ><s>@</s><b>macariomx</b></a> <a href="/Rodpac" class="twitter-atreply pretty-link js-nav" dir="ltr" data-mentioned-user-id="40238386" ><s>@</s><b>Rodpac</b></a> siii]]></document>
		<document id="366020188069564416" url="https://twitter.com/Adela_Micha/status/366020188069564416"><![CDATA[<a href="/xopxevb" class="twitter-atreply pretty-link js-nav" dir="ltr" data-mentioned-user-id="741265832626376704" ><s>@</s><b>xopxevb</b></a> perdoon?]]></document>
		<document id="366265281619824640" url="https://twitter.com/Adela_Micha/status/366265281619824640"><![CDATA[&quot;<a href="/chidobandido" class="twitter-atreply pretty-link js-nav" dir="ltr" data-mentioned-user-id="1140352729" ><s>@</s><b>chidobandido</b></a>: <a href="/Adela_Micha" class="twitter-atreply pretty-link js-nav" dir="ltr" data-mentioned-user-id="70805914" ><s>@</s><b>Adela_Micha</b></a> hola chido bandido&quot;\woooow! Padriiiisimas las camisetas!]]></document>
		<document id="367038717715693569" url="https://twitter.com/Adela_Micha/status/367038717715693569"><![CDATA[@mialmapaula este! Saludos]]></document>
		<document id="367815112456810496" url="https://twitter.com/Adela_Micha/status/367815112456810496"><![CDATA[<a href="/NauticaMen" class="twitter-atreply pretty-link js-nav" dir="ltr" data-mentioned-user-id="103621273" ><s>@</s><b>NauticaMen</b></a> jajjaja graaaacias]]></document>
		<document id="367835564805849088" url="https://twitter.com/Adela_Micha/status/367835564805849088"><![CDATA[Jajajajajajaja<a href="http://t.co/ub8VXZVvWL" class="twitter-timeline-link u-hidden" data-pre-embedded="true" dir="ltr" >pic.twitter.com/ub8VXZVvWL</a>]]></document>
		<document id="368183493441761281" url="https://twitter.com/Adela_Micha/status/368183493441761281"><![CDATA[&quot;<a href="/SuzanneFaugier" class="twitter-atreply pretty-link js-nav" dir="ltr" data-mentioned-user-id="77013794" ><s>@</s><b>SuzanneFaugier</b></a>: <a href="/Adela_Micha" class="twitter-atreply pretty-link js-nav" dir="ltr" data-mentioned-user-id="70805914" ><s>@</s><b>Adela_Micha</b></a>  jefa todavía tenemos esperanzas jajaj ana <a href="http://t.co/OXjyZNdCgY" class="twitter-timeline-link u-hidden" data-pre-embedded="true" dir="ltr" >pic.twitter.com/OXjyZNdCgY</a>&quot;\ todaviaaaa jajajaja]]></document>
		<document id="368540118543372288" url="https://twitter.com/Adela_Micha/status/368540118543372288"><![CDATA[<a href="/NauticaMen" class="twitter-atreply pretty-link js-nav" dir="ltr" data-mentioned-user-id="103621273" ><s>@</s><b>NauticaMen</b></a> besos]]></document>
		<document id="368541917002219520" url="https://twitter.com/Adela_Micha/status/368541917002219520"><![CDATA[<a href="/julio_vajuce1" class="twitter-atreply pretty-link js-nav" dir="ltr" data-mentioned-user-id="186824869" ><s>@</s><b>julio_vajuce1</b></a> graaacias]]></document>
		<document id="369999851087335424" url="https://twitter.com/Adela_Micha/status/369999851087335424"><![CDATA[<a href="/LaConsentida_ab" class="twitter-atreply pretty-link js-nav" dir="ltr" data-mentioned-user-id="1684565040" ><s>@</s><b>LaConsentida_ab</b></a> Jajajaja mandenme unooo!]]></document>
		<document id="370616556012593152" url="https://twitter.com/Adela_Micha/status/370616556012593152"><![CDATA[<a href="/cuatloalvarez" class="twitter-atreply pretty-link js-nav" dir="ltr" data-mentioned-user-id="201419315" ><s>@</s><b>cuatloalvarez</b></a> jajajajajajaja]]></document>
		<document id="370633389386108928" url="https://twitter.com/Adela_Micha/status/370633389386108928"><![CDATA[<a href="/fernandoplata" class="twitter-atreply pretty-link js-nav" dir="ltr" data-mentioned-user-id="103088424" ><s>@</s><b>fernandoplata</b></a> exaaaaacto! Graaaacias!]]></document>
		<document id="370633910201233408" url="https://twitter.com/Adela_Micha/status/370633910201233408"><![CDATA[@sagitariano47 Jajajaja graaacias]]></document>
		<document id="370731267458736129" url="https://twitter.com/Adela_Micha/status/370731267458736129"><![CDATA[<a href="/LetyDM_" class="twitter-atreply pretty-link js-nav" dir="ltr" data-mentioned-user-id="544536645" ><s>@</s><b>LetyDM_</b></a> graaaacias]]></document>
		<document id="371094913468727296" url="https://twitter.com/Adela_Micha/status/371094913468727296"><![CDATA[<a href="/T4v0_V" class="twitter-atreply pretty-link js-nav" dir="ltr" data-mentioned-user-id="1292828917" ><s>@</s><b>T4v0_V</b></a> jonathan heath]]></document>
		<document id="371160129560801281" url="https://twitter.com/Adela_Micha/status/371160129560801281"><![CDATA[<a href="/marthadebayle" class="twitter-atreply pretty-link js-nav" dir="ltr" data-mentioned-user-id="14689728" ><s>@</s><b>marthadebayle</b></a> jajajjajaajjaaj]]></document>
		<document id="371160201493090304" url="https://twitter.com/Adela_Micha/status/371160201493090304"><![CDATA[<a href="/marthadebayle" class="twitter-atreply pretty-link js-nav" dir="ltr" data-mentioned-user-id="14689728" ><s>@</s><b>marthadebayle</b></a> <a href="/JorgeRL" class="twitter-atreply pretty-link js-nav" dir="ltr" data-mentioned-user-id="569821479" ><s>@</s><b>JorgeRL</b></a> graaacias]]></document>
		<document id="371443454301057024" url="https://twitter.com/Adela_Micha/status/371443454301057024"><![CDATA[<a href="/GlauberBarcelo" class="twitter-atreply pretty-link js-nav" dir="ltr" data-mentioned-user-id="17924586" ><s>@</s><b>GlauberBarcelo</b></a> hooola]]></document>
		<document id="372632730153930753" url="https://twitter.com/Adela_Micha/status/372632730153930753"><![CDATA[<a href="/Marialeon0405" class="twitter-atreply pretty-link js-nav" dir="ltr" data-mentioned-user-id="1703115757" ><s>@</s><b>Marialeon0405</b></a> woooooow! Graciaaaas]]></document>
		<document id="373266942838071298" url="https://twitter.com/Adela_Micha/status/373266942838071298"><![CDATA[<a href="/memobeto78" class="twitter-atreply pretty-link js-nav" dir="ltr" data-mentioned-user-id="1706079108" ><s>@</s><b>memobeto78</b></a> besoooos]]></document>
		<document id="373623201047121920" url="https://twitter.com/Adela_Micha/status/373623201047121920"><![CDATA[<a href="/Yisus_93" class="twitter-atreply pretty-link js-nav" dir="ltr" data-mentioned-user-id="4653194784" ><s>@</s><b>Yisus_93</b></a> Jajajaja besos]]></document>
		<document id="373986982826749952" url="https://twitter.com/Adela_Micha/status/373986982826749952"><![CDATA[<a href="/Dannys984" class="twitter-atreply pretty-link js-nav" dir="ltr" data-mentioned-user-id="1646236148" ><s>@</s><b>Dannys984</b></a> muchísimas gracias]]></document>
		<document id="375072230448701441" url="https://twitter.com/Adela_Micha/status/375072230448701441"><![CDATA[&quot;<a href="/Juniortvsa" class="twitter-atreply pretty-link js-nav" dir="ltr" data-mentioned-user-id="94751931" ><s>@</s><b>Juniortvsa</b></a>: Chilinsquisqui <a href="/Rodpac" class="twitter-atreply pretty-link js-nav" dir="ltr" data-mentioned-user-id="40238386" ><s>@</s><b>rodpac</b></a> <a href="/Adela_Micha" class="twitter-atreply pretty-link js-nav" dir="ltr" data-mentioned-user-id="70805914" ><s>@</s><b>Adela_Micha</b></a>&quot;\ Jajajajajajajajajajaja]]></document>
		<document id="375829599101259776" url="https://twitter.com/Adela_Micha/status/375829599101259776"><![CDATA[<a href="/LALOCARDENASG" class="twitter-atreply pretty-link js-nav" dir="ltr" data-mentioned-user-id="104365522" ><s>@</s><b>LALOCARDENASG</b></a>]]></document>
		<document id="376161082718425089" url="https://twitter.com/Adela_Micha/status/376161082718425089"><![CDATA[<a href="/HAYUSO46" class="twitter-atreply pretty-link js-nav" dir="ltr" data-mentioned-user-id="191730782" ><s>@</s><b>HAYUSO46</b></a> <a href="http://t.co/VkSgVBloC7" rel="nofollow" dir="ltr" data-expanded-url="http://www.adelamicha.com" class="twitter-timeline-link" target="_blank" title="http://www.adelamicha.com" ><span class="tco-ellipsis"></span><span class="invisible">http://www.</span><span class="js-display-url">adelamicha.com</span><span class="invisible"></span><span class="tco-ellipsis"><span class="invisible">&nbsp;</span></span></a>]]></document>
		<document id="376385483913170944" url="https://twitter.com/Adela_Micha/status/376385483913170944"><![CDATA[<a href="/yuris_mxcli" class="twitter-atreply pretty-link js-nav" dir="ltr" data-mentioned-user-id="526456163" ><s>@</s><b>yuris_mxcli</b></a> no Juliette no dije nada ni cercano a eso]]></document>
		<document id="379105214038425600" url="https://twitter.com/Adela_Micha/status/379105214038425600"><![CDATA[<a href="/Brighma" class="twitter-atreply pretty-link js-nav" dir="ltr" data-mentioned-user-id="115811881" ><s>@</s><b>Brighma</b></a> @JackSinAlma dondeee?]]></document>
		<document id="380861068953677825" url="https://twitter.com/Adela_Micha/status/380861068953677825"><![CDATA[<a href="/davidzagha" class="twitter-atreply pretty-link js-nav" dir="ltr" data-mentioned-user-id="341560326" ><s>@</s><b>davidzagha</b></a> Jajaja saludos]]></document>
		<document id="380882713017724928" url="https://twitter.com/Adela_Micha/status/380882713017724928"><![CDATA[<a href="/clarketo" class="twitter-atreply pretty-link js-nav" dir="ltr" data-mentioned-user-id="479522219" ><s>@</s><b>clarketo</b></a> Jajajjaja graaaaacias]]></document>
		<document id="380906167003648001" url="https://twitter.com/Adela_Micha/status/380906167003648001"><![CDATA[&quot;<a href="/manydominguez" class="twitter-atreply pretty-link js-nav" dir="ltr" data-mentioned-user-id="331475097" ><s>@</s><b>manydominguez</b></a>: A QUIEN ENTREVISTAS HOY <a href="/Adela_Micha" class="twitter-atreply pretty-link js-nav" dir="ltr" data-mentioned-user-id="70805914" ><s>@</s><b>Adela_Micha</b></a> ?&quot;\ a Eugenio Derbez]]></document>
		<document id="387391481046003712" url="https://twitter.com/Adela_Micha/status/387391481046003712"><![CDATA[<a href="/11carlosVB" class="twitter-atreply pretty-link js-nav" dir="ltr" data-mentioned-user-id="127434522" ><s>@</s><b>11carlosVB</b></a> muuuuchos besoooos! Jajajaja]]></document>
		<document id="388642453164535808" url="https://twitter.com/Adela_Micha/status/388642453164535808"><![CDATA[<a href="/ABUELO_OCHENTAS" class="twitter-atreply pretty-link js-nav" dir="ltr" data-mentioned-user-id="592083936" ><s>@</s><b>ABUELO_OCHENTAS</b></a> <a href="/jloquillo" class="twitter-atreply pretty-link js-nav" dir="ltr" data-mentioned-user-id="137815865" ><s>@</s><b>jloquillo</b></a> Jajjajajajaja graaaaaacias]]></document>
		<document id="390306526042546176" url="https://twitter.com/Adela_Micha/status/390306526042546176"><![CDATA[<a href="/rinconn1" class="twitter-atreply pretty-link js-nav" dir="ltr" data-mentioned-user-id="1129110619" ><s>@</s><b>rinconn1</b></a> graaaaacias]]></document>
		<document id="393230367471067136" url="https://twitter.com/Adela_Micha/status/393230367471067136"><![CDATA[&quot;<a href="/EMaGleM" class="twitter-atreply pretty-link js-nav" dir="ltr" data-mentioned-user-id="403877250" ><s>@</s><b>EMaGleM</b></a>: <a href="/Adela_Micha" class="twitter-atreply pretty-link js-nav" dir="ltr" data-mentioned-user-id="70805914" ><s>@</s><b>Adela_Micha</b></a> ADELAAAAAAAAA t presento a Christian Grey!!!!! <a href="/hashtag/Cuero?src=hash" data-query-source="hashtag_click" class="twitter-hashtag pretty-link js-nav" dir="ltr" ><s>#</s><b>Cuero</b></a> <a href="http://t.co/u0VQXUgwY2" class="twitter-timeline-link u-hidden" data-pre-embedded="true" dir="ltr" >pic.twitter.com/u0VQXUgwY2</a>&quot;\woooow]]></document>
		<document id="398282276686934016" url="https://twitter.com/Adela_Micha/status/398282276686934016"><![CDATA[<a href="/laurys70" class="twitter-atreply pretty-link js-nav" dir="ltr" data-mentioned-user-id="238272608" ><s>@</s><b>laurys70</b></a> Jajajajajaja graaacias!]]></document>
		<document id="398282943606435840" url="https://twitter.com/Adela_Micha/status/398282943606435840"><![CDATA[<a href="/vasherl" class="twitter-atreply pretty-link js-nav" dir="ltr" data-mentioned-user-id="91472068" ><s>@</s><b>vasherl</b></a> graaaaacias!]]></document>
		<document id="398682004985614336" url="https://twitter.com/Adela_Micha/status/398682004985614336"><![CDATA[<a href="/Elizabeth_Eq" class="twitter-atreply pretty-link js-nav" dir="ltr" data-mentioned-user-id="403869106" ><s>@</s><b>Elizabeth_Eq</b></a> <a href="/cesarmillan" class="twitter-atreply pretty-link js-nav" dir="ltr" data-mentioned-user-id="16228699" ><s>@</s><b>cesarmillan</b></a> jajajajajajaja besos]]></document>
		<document id="398702441190797312" url="https://twitter.com/Adela_Micha/status/398702441190797312"><![CDATA[<a href="/anv48" class="twitter-atreply pretty-link js-nav" dir="ltr" data-mentioned-user-id="339776465" ><s>@</s><b>anv48</b></a> jajajajaja que cosas diceeees!]]></document>
		<document id="398904611953598464" url="https://twitter.com/Adela_Micha/status/398904611953598464"><![CDATA[<a href="/miguel_jauregui" class="twitter-atreply pretty-link js-nav" dir="ltr" data-mentioned-user-id="2628944993" ><s>@</s><b>miguel_jauregui</b></a> jajajajaja consteeee]]></document>
		<document id="398905510100885505" url="https://twitter.com/Adela_Micha/status/398905510100885505"><![CDATA[<a href="/munozhu" class="twitter-atreply pretty-link js-nav" dir="ltr" data-mentioned-user-id="43785853" ><s>@</s><b>munozhu</b></a> muuuuy bieeeen! Jajajajaa graaacias!]]></document>
		<document id="400816195323969536" url="https://twitter.com/Adela_Micha/status/400816195323969536"><![CDATA[<a href="/NauticaMen" class="twitter-atreply pretty-link js-nav" dir="ltr" data-mentioned-user-id="103621273" ><s>@</s><b>NauticaMen</b></a> besooooos]]></document>
		<document id="400817922949394432" url="https://twitter.com/Adela_Micha/status/400817922949394432"><![CDATA[<a href="/Dhg80s" class="twitter-atreply pretty-link js-nav" dir="ltr" data-mentioned-user-id="719109541" ><s>@</s><b>Dhg80s</b></a> muchas gracias! Un beso]]></document>
		<document id="401213665665249280" url="https://twitter.com/Adela_Micha/status/401213665665249280"><![CDATA[<a href="/EMaGleM" class="twitter-atreply pretty-link js-nav" dir="ltr" data-mentioned-user-id="403877250" ><s>@</s><b>EMaGleM</b></a> graaaaacias]]></document>
		<document id="401541267378540544" url="https://twitter.com/Adela_Micha/status/401541267378540544"><![CDATA[<a href="/NEVADO333" class="twitter-atreply pretty-link js-nav" dir="ltr" data-mentioned-user-id="183257138" ><s>@</s><b>NEVADO333</b></a> jajajajaja maaaal?]]></document>
		<document id="406117150219182080" url="https://twitter.com/Adela_Micha/status/406117150219182080"><![CDATA[<a href="/soniabettina" class="twitter-atreply pretty-link js-nav" dir="ltr" data-mentioned-user-id="253356288" ><s>@</s><b>soniabettina</b></a> perfecto! Mil gracias]]></document>
		<document id="406245632685268993" url="https://twitter.com/Adela_Micha/status/406245632685268993"><![CDATA[<a href="/raulask" class="twitter-atreply pretty-link js-nav" dir="ltr" data-mentioned-user-id="53476748" ><s>@</s><b>raulask</b></a> no Raúl! Deberia?]]></document>
		<document id="406247780781285376" url="https://twitter.com/Adela_Micha/status/406247780781285376"><![CDATA[<a href="/raulask" class="twitter-atreply pretty-link js-nav" dir="ltr" data-mentioned-user-id="53476748" ><s>@</s><b>raulask</b></a> besos]]></document>
		<document id="406247962931494912" url="https://twitter.com/Adela_Micha/status/406247962931494912"><![CDATA[<a href="/raulask" class="twitter-atreply pretty-link js-nav" dir="ltr" data-mentioned-user-id="53476748" ><s>@</s><b>raulask</b></a> ah ok ok! Eres actor?]]></document>
		<document id="407347511523680256" url="https://twitter.com/Adela_Micha/status/407347511523680256"><![CDATA[&quot;<a href="/yolandandrade" class="twitter-atreply pretty-link js-nav" dir="ltr" data-mentioned-user-id="64885147" ><s>@</s><b>yolandandrade</b></a>: T <img class="Emoji Emoji--forText" src="https://abs.twimg.com/emoji/v2/72x72/2764.png" draggable="false" alt="❤️" title="Heavy red heart" aria-label="Emoji: Heavy red heart">
Manaaaaa
adela_micha <a href="http://t.co/OtiECeuB30" rel="nofollow" dir="ltr" data-expanded-url="http://instagram.com/p/hZvZ-fv7GH/" class="twitter-timeline-link" target="_blank" title="http://instagram.com/p/hZvZ-fv7GH/" ><span class="tco-ellipsis"></span><span class="invisible">http://</span><span class="js-display-url">instagram.com/p/hZvZ-fv7GH/</span><span class="invisible"></span><span class="tco-ellipsis"><span class="invisible">&nbsp;</span></span></a>&quot;\yo mucho a ti!]]></document>
		<document id="419402499729010688" url="https://twitter.com/Adela_Micha/status/419402499729010688"><![CDATA[@JunicomooorMouraTrue <a href="/realjuniormoura" class="twitter-atreply pretty-link js-nav" dir="ltr" data-mentioned-user-id="205427473" ><s>@</s><b>RealJuniorMoura</b></a> comooo?]]></document>
		<document id="421352778976342016" url="https://twitter.com/Adela_Micha/status/421352778976342016"><![CDATA[Te adoro <a href="/jaimecamil" class="twitter-atreply pretty-link js-nav" dir="ltr" data-mentioned-user-id="109118967" ><s>@</s><b>jaimecamil</b></a><a href="http://t.co/9hWDe7znt8" class="twitter-timeline-link u-hidden" data-pre-embedded="true" dir="ltr" >pic.twitter.com/9hWDe7znt8</a>]]></document>
		<document id="421411161704124416" url="https://twitter.com/Adela_Micha/status/421411161704124416"><![CDATA[Hooola! Ya tengo Instagram. Mi usuario es Adelamicha
Siganme!!!]]></document>
		<document id="421829458648002560" url="https://twitter.com/Adela_Micha/status/421829458648002560"><![CDATA[<a href="/NauticaMen" class="twitter-atreply pretty-link js-nav" dir="ltr" data-mentioned-user-id="103621273" ><s>@</s><b>NauticaMen</b></a> thanx! Besoooos]]></document>
		<document id="424064263838126080" url="https://twitter.com/Adela_Micha/status/424064263838126080"><![CDATA[<a href="/monimirandaa" class="twitter-atreply pretty-link js-nav" dir="ltr" data-mentioned-user-id="357104402" ><s>@</s><b>monimirandaa</b></a> graaaacias]]></document>
		<document id="424068042226561024" url="https://twitter.com/Adela_Micha/status/424068042226561024"><![CDATA[<a href="/juanpipermar78" class="twitter-atreply pretty-link js-nav" dir="ltr" data-mentioned-user-id="2291795310" ><s>@</s><b>juanpipermar78</b></a> graaacias]]></document>
		<document id="424081064374460416" url="https://twitter.com/Adela_Micha/status/424081064374460416"><![CDATA[<a href="/benherod" class="twitter-atreply pretty-link js-nav" dir="ltr" data-mentioned-user-id="82389035" ><s>@</s><b>benherod</b></a> jajajaja buenas noches rey! Descansa]]></document>
		<document id="322534101645152256" url="https://twitter.com/Adela_Micha/status/322534101645152256"><![CDATA[<a href="/RaulTadeomx" class="twitter-atreply pretty-link js-nav" dir="ltr" data-mentioned-user-id="434205315" ><s>@</s><b>RaulTadeomx</b></a> besos Raul !]]></document>
		<document id="322567108334608384" url="https://twitter.com/Adela_Micha/status/322567108334608384"><![CDATA[<a href="/ga_pedraza" class="twitter-atreply pretty-link js-nav" dir="ltr" data-mentioned-user-id="594358772" ><s>@</s><b>ga_pedraza</b></a> gracias Gustavo !]]></document>
		<document id="322569884108214272" url="https://twitter.com/Adela_Micha/status/322569884108214272"><![CDATA[<a href="/javierpantoja7" class="twitter-atreply pretty-link js-nav" dir="ltr" data-mentioned-user-id="961088894" ><s>@</s><b>javierpantoja7</b></a> graciaaas Javier]]></document>
		<document id="322570353878659072" url="https://twitter.com/Adela_Micha/status/322570353878659072"><![CDATA[@RbyEsqueda hooola]]></document>
		<document id="322876040777183233" url="https://twitter.com/Adela_Micha/status/322876040777183233"><![CDATA[<a href="/javierpantoja7" class="twitter-atreply pretty-link js-nav" dir="ltr" data-mentioned-user-id="961088894" ><s>@</s><b>javierpantoja7</b></a> gracias Javier]]></document>
		<document id="324729632584781824" url="https://twitter.com/Adela_Micha/status/324729632584781824"><![CDATA[Es mi cacle favorito]]></document>
		<document id="324953171887783939" url="https://twitter.com/Adela_Micha/status/324953171887783939"><![CDATA[<a href="/timmytaz" class="twitter-atreply pretty-link js-nav" dir="ltr" data-mentioned-user-id="102542612" ><s>@</s><b>timmytaz</b></a> mi correo 
Adela@televisa.com.mx]]></document>
		<document id="325647326460928000" url="https://twitter.com/Adela_Micha/status/325647326460928000"><![CDATA[<a href="/rogergzz" class="twitter-atreply pretty-link js-nav" dir="ltr" data-mentioned-user-id="21726714" ><s>@</s><b>rogergzz</b></a> gracias Roger ! Un beso]]></document>
		<document id="326849816686645248" url="https://twitter.com/Adela_Micha/status/326849816686645248"><![CDATA[<a href="/flaiifoto" class="twitter-atreply pretty-link js-nav" dir="ltr" data-mentioned-user-id="106508171" ><s>@</s><b>flaiifoto</b></a> jajajajajajajajajajaja graaaacias]]></document>
		<document id="327659049413902336" url="https://twitter.com/Adela_Micha/status/327659049413902336"><![CDATA[<a href="/hashtag/mancerahazmeunparo?src=hash" data-query-source="hashtag_click" class="twitter-hashtag pretty-link js-nav" dir="ltr" ><s>#</s><b>mancerahazmeunparo</b></a>]]></document>
		<document id="330490983609401344" url="https://twitter.com/Adela_Micha/status/330490983609401344"><![CDATA[<a href="/Lilykintero2" class="twitter-atreply pretty-link js-nav" dir="ltr" data-mentioned-user-id="1290184478" ><s>@</s><b>Lilykintero2</b></a> gracias Lily]]></document>
		<document id="332320706064969728" url="https://twitter.com/Adela_Micha/status/332320706064969728"><![CDATA[<a href="/GUILLERMORANGE4" class="twitter-atreply pretty-link js-nav" dir="ltr" data-mentioned-user-id="893982649" ><s>@</s><b>GUILLERMORANGE4</b></a> besooooos]]></document>
		<document id="332505010833350659" url="https://twitter.com/Adela_Micha/status/332505010833350659"><![CDATA[<a href="/ULUAHOTEL" class="twitter-atreply pretty-link js-nav" dir="ltr" data-mentioned-user-id="1410355706" ><s>@</s><b>ULUAHOTEL</b></a> adela@televisa.com.mx]]></document>
		<document id="332505549012877315" url="https://twitter.com/Adela_Micha/status/332505549012877315"><![CDATA[<a href="/barronbarron042" class="twitter-atreply pretty-link js-nav" dir="ltr" data-mentioned-user-id="1379541098" ><s>@</s><b>barronbarron042</b></a> hoola Frank]]></document>
		<document id="332681713106964480" url="https://twitter.com/Adela_Micha/status/332681713106964480"><![CDATA[<a href="/oskar_yu" class="twitter-atreply pretty-link js-nav" dir="ltr" data-mentioned-user-id="375451362" ><s>@</s><b>oskar_yu</b></a> jajajajaja un beso]]></document>
		<document id="332681943730753538" url="https://twitter.com/Adela_Micha/status/332681943730753538"><![CDATA[<a href="/Loren55Ca" class="twitter-atreply pretty-link js-nav" dir="ltr" data-mentioned-user-id="745660435" ><s>@</s><b>Loren55Ca</b></a> graaaacias]]></document>
		<document id="333034572747005952" url="https://twitter.com/Adela_Micha/status/333034572747005952"><![CDATA[<a href="/VEGALICHA" class="twitter-atreply pretty-link js-nav" dir="ltr" data-mentioned-user-id="390480335" ><s>@</s><b>VEGALICHA</b></a> gracias Licha! Abrazo]]></document>
		<document id="333038058708541440" url="https://twitter.com/Adela_Micha/status/333038058708541440"><![CDATA[<a href="/jlr196021" class="twitter-atreply pretty-link js-nav" dir="ltr" data-mentioned-user-id="348628353" ><s>@</s><b>jlr196021</b></a> jajajajajajajajajaajaja besoooooos]]></document>
		<document id="333045867021996032" url="https://twitter.com/Adela_Micha/status/333045867021996032"><![CDATA[<a href="/estroccoli" class="twitter-atreply pretty-link js-nav" dir="ltr" data-mentioned-user-id="220873256" ><s>@</s><b>estroccoli</b></a> jajajajaja gracias Chano!]]></document>
		<document id="334144185462575105" url="https://twitter.com/Adela_Micha/status/334144185462575105"><![CDATA[<a href="/missrosyvilla" class="twitter-atreply pretty-link js-nav" dir="ltr" data-mentioned-user-id="1209418422" ><s>@</s><b>missrosyvilla</b></a> jajajaja gracias]]></document>
		<document id="334151332330098688" url="https://twitter.com/Adela_Micha/status/334151332330098688"><![CDATA[<a href="/missrosyvilla" class="twitter-atreply pretty-link js-nav" dir="ltr" data-mentioned-user-id="1209418422" ><s>@</s><b>missrosyvilla</b></a> luis ortiz Oscoy]]></document>
		<document id="334415109004873728" url="https://twitter.com/Adela_Micha/status/334415109004873728"><![CDATA[<a href="/raul_asbury" class="twitter-atreply pretty-link js-nav" dir="ltr" data-mentioned-user-id="1428806774" ><s>@</s><b>raul_asbury</b></a> gracias Raul ! Besos]]></document>
		<document id="334415365436227584" url="https://twitter.com/Adela_Micha/status/334415365436227584"><![CDATA[<a href="/JAust90" class="twitter-atreply pretty-link js-nav" dir="ltr" data-mentioned-user-id="1228208898" ><s>@</s><b>JAust90</b></a> besoooos]]></document>
		<document id="334479485762146305" url="https://twitter.com/Adela_Micha/status/334479485762146305"><![CDATA[<a href="/AgataPsi" class="twitter-atreply pretty-link js-nav" dir="ltr" data-mentioned-user-id="342360662" ><s>@</s><b>AgataPsi</b></a> muchas felicidades ! Besos]]></document>
		<document id="334483845300748288" url="https://twitter.com/Adela_Micha/status/334483845300748288"><![CDATA[<a href="/Aeth82" class="twitter-atreply pretty-link js-nav" dir="ltr" data-mentioned-user-id="146689752" ><s>@</s><b>Aeth82</b></a> GALAVISION]]></document>
		<document id="334490790300626945" url="https://twitter.com/Adela_Micha/status/334490790300626945"><![CDATA[<a href="/jupitermontes" class="twitter-atreply pretty-link js-nav" dir="ltr" data-mentioned-user-id="1360509217" ><s>@</s><b>jupitermontes</b></a> jajajaja gracias Jupiter ! Un beso]]></document>
		<document id="337193396278022144" url="https://twitter.com/Adela_Micha/status/337193396278022144"><![CDATA[<a href="/davidgallegosg" class="twitter-atreply pretty-link js-nav" dir="ltr" data-mentioned-user-id="77394704" ><s>@</s><b>davidgallegosg</b></a> Jajajajaja gracias]]></document>
		<document id="337636708545867776" url="https://twitter.com/Adela_Micha/status/337636708545867776"><![CDATA[<a href="/bettybooop05" class="twitter-atreply pretty-link js-nav" dir="ltr" data-mentioned-user-id="117197223" ><s>@</s><b>bettybooop05</b></a> mil gracias Betty]]></document>
		<document id="337745456065044480" url="https://twitter.com/Adela_Micha/status/337745456065044480"><![CDATA[<a href="/pbroraulsr" class="twitter-atreply pretty-link js-nav" dir="ltr" data-mentioned-user-id="1032830905" ><s>@</s><b>pbroraulsr</b></a> gracias Raul]]></document>
		<document id="339203616638398464" url="https://twitter.com/Adela_Micha/status/339203616638398464"><![CDATA[<a href="/jlr196021" class="twitter-atreply pretty-link js-nav" dir="ltr" data-mentioned-user-id="348628353" ><s>@</s><b>jlr196021</b></a> Jajajajaja besos]]></document>
		<document id="339910760736116736" url="https://twitter.com/Adela_Micha/status/339910760736116736"><![CDATA[&quot;<a href="/NTelevisa_com" class="twitter-atreply pretty-link js-nav" dir="ltr" data-mentioned-user-id="25401359" ><s>@</s><b>NTelevisa_com</b></a>: A las 20:00 horas inicia Las noticias por <a href="/Adela_Micha" class="twitter-atreply pretty-link js-nav" dir="ltr" data-mentioned-user-id="70805914" ><s>@</s><b>Adela_Micha</b></a> por GALAtv&quot;/=al aire]]></document>
		<document id="342465597428346880" url="https://twitter.com/Adela_Micha/status/342465597428346880"><![CDATA[@Betibye Jajajajaja gracias]]></document>
		<document id="348059889005887488" url="https://twitter.com/Adela_Micha/status/348059889005887488"><![CDATA[<a href="/MirianAguilar5" class="twitter-atreply pretty-link js-nav" dir="ltr" data-mentioned-user-id="632035331" ><s>@</s><b>MirianAguilar5</b></a> Jajajaja tiene razón]]></document>
		<document id="348060302178414594" url="https://twitter.com/Adela_Micha/status/348060302178414594"><![CDATA[<a href="/LomasYulitze" class="twitter-atreply pretty-link js-nav" dir="ltr" data-mentioned-user-id="631553895" ><s>@</s><b>LomasYulitze</b></a> igual para ti]]></document>
		<document id="348061251852705793" url="https://twitter.com/Adela_Micha/status/348061251852705793"><![CDATA[<a href="/MirianAguilar5" class="twitter-atreply pretty-link js-nav" dir="ltr" data-mentioned-user-id="632035331" ><s>@</s><b>MirianAguilar5</b></a> besos]]></document>
		<document id="348061353266774016" url="https://twitter.com/Adela_Micha/status/348061353266774016"><![CDATA[<a href="/CanettEricka" class="twitter-atreply pretty-link js-nav" dir="ltr" data-mentioned-user-id="632118690" ><s>@</s><b>CanettEricka</b></a> igualmente!]]></document>
		<document id="348061576219217920" url="https://twitter.com/Adela_Micha/status/348061576219217920"><![CDATA[<a href="/eugenia_karla" class="twitter-atreply pretty-link js-nav" dir="ltr" data-mentioned-user-id="1451137904" ><s>@</s><b>eugenia_karla</b></a> gracias Karla]]></document>
		<document id="348062093632753664" url="https://twitter.com/Adela_Micha/status/348062093632753664"><![CDATA[<a href="/PoloTonantzin" class="twitter-atreply pretty-link js-nav" dir="ltr" data-mentioned-user-id="631474994" ><s>@</s><b>PoloTonantzin</b></a> Jajajajaja besos]]></document>
		<document id="348812829169680385" url="https://twitter.com/Adela_Micha/status/348812829169680385"><![CDATA[<a href="/AngelZazueta3" class="twitter-atreply pretty-link js-nav" dir="ltr" data-mentioned-user-id="631275751" ><s>@</s><b>AngelZazueta3</b></a> gracias Angel! Un beso]]></document>
		<document id="348812941954527232" url="https://twitter.com/Adela_Micha/status/348812941954527232"><![CDATA[<a href="/smith_amador" class="twitter-atreply pretty-link js-nav" dir="ltr" data-mentioned-user-id="631271978" ><s>@</s><b>smith_amador</b></a> gracias Smith! Besos]]></document>
		<document id="348816770557149184" url="https://twitter.com/Adela_Micha/status/348816770557149184"><![CDATA[<a href="/HiMammy73" class="twitter-atreply pretty-link js-nav" dir="ltr" data-mentioned-user-id="1013304061" ><s>@</s><b>HiMammy73</b></a> besos Erika]]></document>
		<document id="350054415002116096" url="https://twitter.com/Adela_Micha/status/350054415002116096"><![CDATA[<a href="/ItziMartz" class="twitter-atreply pretty-link js-nav" dir="ltr" data-mentioned-user-id="117331341" ><s>@</s><b>ItziMartz</b></a> Jajajaja graaacias]]></document>
		<document id="350054519125712896" url="https://twitter.com/Adela_Micha/status/350054519125712896"><![CDATA[<a href="/AriChaparro" class="twitter-atreply pretty-link js-nav" dir="ltr" data-mentioned-user-id="2689064672" ><s>@</s><b>arichaparro</b></a> <a href="/Mojoetv" class="twitter-atreply pretty-link js-nav" dir="ltr" data-mentioned-user-id="133378387" ><s>@</s><b>Mojoetv</b></a> Jajaja me divertí mucho]]></document>
		<document id="355049344136781824" url="https://twitter.com/Adela_Micha/status/355049344136781824"><![CDATA[# odio BlackBerry]]></document>
		<document id="355147893922988032" url="https://twitter.com/Adela_Micha/status/355147893922988032"><![CDATA[<a href="/LorenzoPerezV1" class="twitter-atreply pretty-link js-nav" dir="ltr" data-mentioned-user-id="1104451766" ><s>@</s><b>LorenzoPerezV1</b></a> Jajajaja gracias]]></document>
		<document id="355148124408381441" url="https://twitter.com/Adela_Micha/status/355148124408381441"><![CDATA[<a href="/tsumi_tenshioh" class="twitter-atreply pretty-link js-nav" dir="ltr" data-mentioned-user-id="226821165" ><s>@</s><b>tsumi_tenshioh</b></a> graaacias]]></document>
		<document id="355534624690143232" url="https://twitter.com/Adela_Micha/status/355534624690143232"><![CDATA[&quot;<a href="/mayra_calvohdz" class="twitter-atreply pretty-link js-nav" dir="ltr" data-mentioned-user-id="110325235" ><s>@</s><b>mayra_calvohdz</b></a>: <a href="/Adela_Micha" class="twitter-atreply pretty-link js-nav" dir="ltr" data-mentioned-user-id="70805914" ><s>@</s><b>Adela_Micha</b></a> jaja ahssss bn dia <a href="http://t.co/s2C26NFEZZ" rel="nofollow" dir="ltr" data-expanded-url="https://twitter.com/mayra_calvohdz/status/355395528722366465/photo/1" class="twitter-timeline-link" target="_blank" title="https://twitter.com/mayra_calvohdz/status/355395528722366465/photo/1" ><span class="tco-ellipsis"></span><span class="invisible">https://twitter.com/mayra_calvohdz/status/355395528722366465/photo/1</span><span class="js-display-url">pic.twitter.com/s2C26NFEZZ</span><span class="invisible"></span><span class="tco-ellipsis"><span class="invisible">&nbsp;</span></span></a>&quot;\jjajajajaja]]></document>
		<document id="365307498284060673" url="https://twitter.com/Adela_Micha/status/365307498284060673"><![CDATA[<a href="/joanne_michel" class="twitter-atreply pretty-link js-nav" dir="ltr" data-mentioned-user-id="518219502" ><s>@</s><b>joanne_michel</b></a> cómo saaaaabes?]]></document>
		<document id="365647189642448897" url="https://twitter.com/Adela_Micha/status/365647189642448897"><![CDATA[@ellie_diesel graaaacias!]]></document>
		<document id="365662667073003521" url="https://twitter.com/Adela_Micha/status/365662667073003521"><![CDATA[<a href="/ian_saenz" class="twitter-atreply pretty-link js-nav" dir="ltr" data-mentioned-user-id="2508512588" ><s>@</s><b>ian_saenz</b></a> <a href="/AlfredoJalife" class="twitter-atreply pretty-link js-nav" dir="ltr" data-mentioned-user-id="66269763" ><s>@</s><b>AlfredoJalife</b></a> <a href="/learningtofly_6" class="twitter-atreply pretty-link js-nav" dir="ltr" data-mentioned-user-id="635858000" ><s>@</s><b>learningtofly_6</b></a> <a href="/SalermoGDL" class="twitter-atreply pretty-link js-nav" dir="ltr" data-mentioned-user-id="151196463" ><s>@</s><b>SalermoGDL</b></a> <a href="/lopezdoriga" class="twitter-atreply pretty-link js-nav" dir="ltr" data-mentioned-user-id="236636515" ><s>@</s><b>lopezdoriga</b></a> <a href="/fernandeznorona" class="twitter-atreply pretty-link js-nav" dir="ltr" data-mentioned-user-id="43115590" ><s>@</s><b>fernandeznorona</b></a>]]></document>
		<document id="366016497723781120" url="https://twitter.com/Adela_Micha/status/366016497723781120"><![CDATA[<a href="/macariomx" class="twitter-atreply pretty-link js-nav" dir="ltr" data-mentioned-user-id="23322761" ><s>@</s><b>macariomx</b></a> <a href="/Rodpac" class="twitter-atreply pretty-link js-nav" dir="ltr" data-mentioned-user-id="40238386" ><s>@</s><b>Rodpac</b></a> siii]]></document>
		<document id="366020188069564416" url="https://twitter.com/Adela_Micha/status/366020188069564416"><![CDATA[<a href="/xopxevb" class="twitter-atreply pretty-link js-nav" dir="ltr" data-mentioned-user-id="741265832626376704" ><s>@</s><b>xopxevb</b></a> perdoon?]]></document>
		<document id="366265281619824640" url="https://twitter.com/Adela_Micha/status/366265281619824640"><![CDATA[&quot;<a href="/chidobandido" class="twitter-atreply pretty-link js-nav" dir="ltr" data-mentioned-user-id="1140352729" ><s>@</s><b>chidobandido</b></a>: <a href="/Adela_Micha" class="twitter-atreply pretty-link js-nav" dir="ltr" data-mentioned-user-id="70805914" ><s>@</s><b>Adela_Micha</b></a> hola chido bandido&quot;\woooow! Padriiiisimas las camisetas!]]></document>
		<document id="367038717715693569" url="https://twitter.com/Adela_Micha/status/367038717715693569"><![CDATA[@mialmapaula este! Saludos]]></document>
		<document id="367815112456810496" url="https://twitter.com/Adela_Micha/status/367815112456810496"><![CDATA[<a href="/NauticaMen" class="twitter-atreply pretty-link js-nav" dir="ltr" data-mentioned-user-id="103621273" ><s>@</s><b>NauticaMen</b></a> jajjaja graaaacias]]></document>
		<document id="367835564805849088" url="https://twitter.com/Adela_Micha/status/367835564805849088"><![CDATA[Jajajajajajaja<a href="http://t.co/ub8VXZVvWL" class="twitter-timeline-link u-hidden" data-pre-embedded="true" dir="ltr" >pic.twitter.com/ub8VXZVvWL</a>]]></document>
		<document id="368183493441761281" url="https://twitter.com/Adela_Micha/status/368183493441761281"><![CDATA[&quot;<a href="/SuzanneFaugier" class="twitter-atreply pretty-link js-nav" dir="ltr" data-mentioned-user-id="77013794" ><s>@</s><b>SuzanneFaugier</b></a>: <a href="/Adela_Micha" class="twitter-atreply pretty-link js-nav" dir="ltr" data-mentioned-user-id="70805914" ><s>@</s><b>Adela_Micha</b></a>  jefa todavía tenemos esperanzas jajaj ana <a href="http://t.co/OXjyZNdCgY" class="twitter-timeline-link u-hidden" data-pre-embedded="true" dir="ltr" >pic.twitter.com/OXjyZNdCgY</a>&quot;\ todaviaaaa jajajaja]]></document>
		<document id="368540118543372288" url="https://twitter.com/Adela_Micha/status/368540118543372288"><![CDATA[<a href="/NauticaMen" class="twitter-atreply pretty-link js-nav" dir="ltr" data-mentioned-user-id="103621273" ><s>@</s><b>NauticaMen</b></a> besos]]></document>
		<document id="368541917002219520" url="https://twitter.com/Adela_Micha/status/368541917002219520"><![CDATA[<a href="/julio_vajuce1" class="twitter-atreply pretty-link js-nav" dir="ltr" data-mentioned-user-id="186824869" ><s>@</s><b>julio_vajuce1</b></a> graaacias]]></document>
		<document id="369999851087335424" url="https://twitter.com/Adela_Micha/status/369999851087335424"><![CDATA[<a href="/LaConsentida_ab" class="twitter-atreply pretty-link js-nav" dir="ltr" data-mentioned-user-id="1684565040" ><s>@</s><b>LaConsentida_ab</b></a> Jajajaja mandenme unooo!]]></document>
		<document id="370616556012593152" url="https://twitter.com/Adela_Micha/status/370616556012593152"><![CDATA[<a href="/cuatloalvarez" class="twitter-atreply pretty-link js-nav" dir="ltr" data-mentioned-user-id="201419315" ><s>@</s><b>cuatloalvarez</b></a> jajajajajajaja]]></document>
		<document id="370633389386108928" url="https://twitter.com/Adela_Micha/status/370633389386108928"><![CDATA[<a href="/fernandoplata" class="twitter-atreply pretty-link js-nav" dir="ltr" data-mentioned-user-id="103088424" ><s>@</s><b>fernandoplata</b></a> exaaaaacto! Graaaacias!]]></document>
		<document id="370633910201233408" url="https://twitter.com/Adela_Micha/status/370633910201233408"><![CDATA[@sagitariano47 Jajajaja graaacias]]></document>
		<document id="370731267458736129" url="https://twitter.com/Adela_Micha/status/370731267458736129"><![CDATA[<a href="/LetyDM_" class="twitter-atreply pretty-link js-nav" dir="ltr" data-mentioned-user-id="544536645" ><s>@</s><b>LetyDM_</b></a> graaaacias]]></document>
		<document id="371094913468727296" url="https://twitter.com/Adela_Micha/status/371094913468727296"><![CDATA[<a href="/T4v0_V" class="twitter-atreply pretty-link js-nav" dir="ltr" data-mentioned-user-id="1292828917" ><s>@</s><b>T4v0_V</b></a> jonathan heath]]></document>
		<document id="371160129560801281" url="https://twitter.com/Adela_Micha/status/371160129560801281"><![CDATA[<a href="/marthadebayle" class="twitter-atreply pretty-link js-nav" dir="ltr" data-mentioned-user-id="14689728" ><s>@</s><b>marthadebayle</b></a> jajajjajaajjaaj]]></document>
		<document id="371160201493090304" url="https://twitter.com/Adela_Micha/status/371160201493090304"><![CDATA[<a href="/marthadebayle" class="twitter-atreply pretty-link js-nav" dir="ltr" data-mentioned-user-id="14689728" ><s>@</s><b>marthadebayle</b></a> <a href="/JorgeRL" class="twitter-atreply pretty-link js-nav" dir="ltr" data-mentioned-user-id="569821479" ><s>@</s><b>JorgeRL</b></a> graaacias]]></document>
		<document id="371443454301057024" url="https://twitter.com/Adela_Micha/status/371443454301057024"><![CDATA[<a href="/GlauberBarcelo" class="twitter-atreply pretty-link js-nav" dir="ltr" data-mentioned-user-id="17924586" ><s>@</s><b>GlauberBarcelo</b></a> hooola]]></document>
		<document id="372632730153930753" url="https://twitter.com/Adela_Micha/status/372632730153930753"><![CDATA[<a href="/Marialeon0405" class="twitter-atreply pretty-link js-nav" dir="ltr" data-mentioned-user-id="1703115757" ><s>@</s><b>Marialeon0405</b></a> woooooow! Graciaaaas]]></document>
		<document id="373266942838071298" url="https://twitter.com/Adela_Micha/status/373266942838071298"><![CDATA[<a href="/memobeto78" class="twitter-atreply pretty-link js-nav" dir="ltr" data-mentioned-user-id="1706079108" ><s>@</s><b>memobeto78</b></a> besoooos]]></document>
		<document id="373623201047121920" url="https://twitter.com/Adela_Micha/status/373623201047121920"><![CDATA[<a href="/Yisus_93" class="twitter-atreply pretty-link js-nav" dir="ltr" data-mentioned-user-id="4653194784" ><s>@</s><b>Yisus_93</b></a> Jajajaja besos]]></document>
		<document id="373986982826749952" url="https://twitter.com/Adela_Micha/status/373986982826749952"><![CDATA[<a href="/Dannys984" class="twitter-atreply pretty-link js-nav" dir="ltr" data-mentioned-user-id="1646236148" ><s>@</s><b>Dannys984</b></a> muchísimas gracias]]></document>
		<document id="375072230448701441" url="https://twitter.com/Adela_Micha/status/375072230448701441"><![CDATA[&quot;<a href="/Juniortvsa" class="twitter-atreply pretty-link js-nav" dir="ltr" data-mentioned-user-id="94751931" ><s>@</s><b>Juniortvsa</b></a>: Chilinsquisqui <a href="/Rodpac" class="twitter-atreply pretty-link js-nav" dir="ltr" data-mentioned-user-id="40238386" ><s>@</s><b>rodpac</b></a> <a href="/Adela_Micha" class="twitter-atreply pretty-link js-nav" dir="ltr" data-mentioned-user-id="70805914" ><s>@</s><b>Adela_Micha</b></a>&quot;\ Jajajajajajajajajajaja]]></document>
		<document id="375829599101259776" url="https://twitter.com/Adela_Micha/status/375829599101259776"><![CDATA[<a href="/LALOCARDENASG" class="twitter-atreply pretty-link js-nav" dir="ltr" data-mentioned-user-id="104365522" ><s>@</s><b>LALOCARDENASG</b></a>]]></document>
		<document id="376161082718425089" url="https://twitter.com/Adela_Micha/status/376161082718425089"><![CDATA[<a href="/HAYUSO46" class="twitter-atreply pretty-link js-nav" dir="ltr" data-mentioned-user-id="191730782" ><s>@</s><b>HAYUSO46</b></a> <a href="http://t.co/VkSgVBloC7" rel="nofollow" dir="ltr" data-expanded-url="http://www.adelamicha.com" class="twitter-timeline-link" target="_blank" title="http://www.adelamicha.com" ><span class="tco-ellipsis"></span><span class="invisible">http://www.</span><span class="js-display-url">adelamicha.com</span><span class="invisible"></span><span class="tco-ellipsis"><span class="invisible">&nbsp;</span></span></a>]]></document>
		<document id="376385483913170944" url="https://twitter.com/Adela_Micha/status/376385483913170944"><![CDATA[<a href="/yuris_mxcli" class="twitter-atreply pretty-link js-nav" dir="ltr" data-mentioned-user-id="526456163" ><s>@</s><b>yuris_mxcli</b></a> no Juliette no dije nada ni cercano a eso]]></document>
		<document id="379105214038425600" url="https://twitter.com/Adela_Micha/status/379105214038425600"><![CDATA[<a href="/Brighma" class="twitter-atreply pretty-link js-nav" dir="ltr" data-mentioned-user-id="115811881" ><s>@</s><b>Brighma</b></a> @JackSinAlma dondeee?]]></document>
		<document id="380861068953677825" url="https://twitter.com/Adela_Micha/status/380861068953677825"><![CDATA[<a href="/davidzagha" class="twitter-atreply pretty-link js-nav" dir="ltr" data-mentioned-user-id="341560326" ><s>@</s><b>davidzagha</b></a> Jajaja saludos]]></document>
		<document id="380882713017724928" url="https://twitter.com/Adela_Micha/status/380882713017724928"><![CDATA[<a href="/clarketo" class="twitter-atreply pretty-link js-nav" dir="ltr" data-mentioned-user-id="479522219" ><s>@</s><b>clarketo</b></a> Jajajjaja graaaaacias]]></document>
		<document id="380906167003648001" url="https://twitter.com/Adela_Micha/status/380906167003648001"><![CDATA[&quot;<a href="/manydominguez" class="twitter-atreply pretty-link js-nav" dir="ltr" data-mentioned-user-id="331475097" ><s>@</s><b>manydominguez</b></a>: A QUIEN ENTREVISTAS HOY <a href="/Adela_Micha" class="twitter-atreply pretty-link js-nav" dir="ltr" data-mentioned-user-id="70805914" ><s>@</s><b>Adela_Micha</b></a> ?&quot;\ a Eugenio Derbez]]></document>
		<document id="387391481046003712" url="https://twitter.com/Adela_Micha/status/387391481046003712"><![CDATA[<a href="/11carlosVB" class="twitter-atreply pretty-link js-nav" dir="ltr" data-mentioned-user-id="127434522" ><s>@</s><b>11carlosVB</b></a> muuuuchos besoooos! Jajajaja]]></document>
		<document id="388642453164535808" url="https://twitter.com/Adela_Micha/status/388642453164535808"><![CDATA[<a href="/ABUELO_OCHENTAS" class="twitter-atreply pretty-link js-nav" dir="ltr" data-mentioned-user-id="592083936" ><s>@</s><b>ABUELO_OCHENTAS</b></a> <a href="/jloquillo" class="twitter-atreply pretty-link js-nav" dir="ltr" data-mentioned-user-id="137815865" ><s>@</s><b>jloquillo</b></a> Jajjajajajaja graaaaaacias]]></document>
		<document id="390306526042546176" url="https://twitter.com/Adela_Micha/status/390306526042546176"><![CDATA[<a href="/rinconn1" class="twitter-atreply pretty-link js-nav" dir="ltr" data-mentioned-user-id="1129110619" ><s>@</s><b>rinconn1</b></a> graaaaacias]]></document>
		<document id="393230367471067136" url="https://twitter.com/Adela_Micha/status/393230367471067136"><![CDATA[&quot;<a href="/EMaGleM" class="twitter-atreply pretty-link js-nav" dir="ltr" data-mentioned-user-id="403877250" ><s>@</s><b>EMaGleM</b></a>: <a href="/Adela_Micha" class="twitter-atreply pretty-link js-nav" dir="ltr" data-mentioned-user-id="70805914" ><s>@</s><b>Adela_Micha</b></a> ADELAAAAAAAAA t presento a Christian Grey!!!!! <a href="/hashtag/Cuero?src=hash" data-query-source="hashtag_click" class="twitter-hashtag pretty-link js-nav" dir="ltr" ><s>#</s><b>Cuero</b></a> <a href="http://t.co/u0VQXUgwY2" class="twitter-timeline-link u-hidden" data-pre-embedded="true" dir="ltr" >pic.twitter.com/u0VQXUgwY2</a>&quot;\woooow]]></document>
		<document id="398282276686934016" url="https://twitter.com/Adela_Micha/status/398282276686934016"><![CDATA[<a href="/laurys70" class="twitter-atreply pretty-link js-nav" dir="ltr" data-mentioned-user-id="238272608" ><s>@</s><b>laurys70</b></a> Jajajajajaja graaacias!]]></document>
		<document id="398282943606435840" url="https://twitter.com/Adela_Micha/status/398282943606435840"><![CDATA[<a href="/vasherl" class="twitter-atreply pretty-link js-nav" dir="ltr" data-mentioned-user-id="91472068" ><s>@</s><b>vasherl</b></a> graaaaacias!]]></document>
		<document id="398682004985614336" url="https://twitter.com/Adela_Micha/status/398682004985614336"><![CDATA[<a href="/Elizabeth_Eq" class="twitter-atreply pretty-link js-nav" dir="ltr" data-mentioned-user-id="403869106" ><s>@</s><b>Elizabeth_Eq</b></a> <a href="/cesarmillan" class="twitter-atreply pretty-link js-nav" dir="ltr" data-mentioned-user-id="16228699" ><s>@</s><b>cesarmillan</b></a> jajajajajajaja besos]]></document>
		<document id="398702441190797312" url="https://twitter.com/Adela_Micha/status/398702441190797312"><![CDATA[<a href="/anv48" class="twitter-atreply pretty-link js-nav" dir="ltr" data-mentioned-user-id="339776465" ><s>@</s><b>anv48</b></a> jajajajaja que cosas diceeees!]]></document>
		<document id="398904611953598464" url="https://twitter.com/Adela_Micha/status/398904611953598464"><![CDATA[<a href="/miguel_jauregui" class="twitter-atreply pretty-link js-nav" dir="ltr" data-mentioned-user-id="2628944993" ><s>@</s><b>miguel_jauregui</b></a> jajajajaja consteeee]]></document>
		<document id="398905510100885505" url="https://twitter.com/Adela_Micha/status/398905510100885505"><![CDATA[<a href="/munozhu" class="twitter-atreply pretty-link js-nav" dir="ltr" data-mentioned-user-id="43785853" ><s>@</s><b>munozhu</b></a> muuuuy bieeeen! Jajajajaa graaacias!]]></document>
		<document id="400816195323969536" url="https://twitter.com/Adela_Micha/status/400816195323969536"><![CDATA[<a href="/NauticaMen" class="twitter-atreply pretty-link js-nav" dir="ltr" data-mentioned-user-id="103621273" ><s>@</s><b>NauticaMen</b></a> besooooos]]></document>
		<document id="400817922949394432" url="https://twitter.com/Adela_Micha/status/400817922949394432"><![CDATA[<a href="/Dhg80s" class="twitter-atreply pretty-link js-nav" dir="ltr" data-mentioned-user-id="719109541" ><s>@</s><b>Dhg80s</b></a> muchas gracias! Un beso]]></document>
		<document id="401213665665249280" url="https://twitter.com/Adela_Micha/status/401213665665249280"><![CDATA[<a href="/EMaGleM" class="twitter-atreply pretty-link js-nav" dir="ltr" data-mentioned-user-id="403877250" ><s>@</s><b>EMaGleM</b></a> graaaaacias]]></document>
		<document id="401541267378540544" url="https://twitter.com/Adela_Micha/status/401541267378540544"><![CDATA[<a href="/NEVADO333" class="twitter-atreply pretty-link js-nav" dir="ltr" data-mentioned-user-id="183257138" ><s>@</s><b>NEVADO333</b></a> jajajajaja maaaal?]]></document>
		<document id="406117150219182080" url="https://twitter.com/Adela_Micha/status/406117150219182080"><![CDATA[<a href="/soniabettina" class="twitter-atreply pretty-link js-nav" dir="ltr" data-mentioned-user-id="253356288" ><s>@</s><b>soniabettina</b></a> perfecto! Mil gracias]]></document>
		<document id="406245632685268993" url="https://twitter.com/Adela_Micha/status/406245632685268993"><![CDATA[<a href="/raulask" class="twitter-atreply pretty-link js-nav" dir="ltr" data-mentioned-user-id="53476748" ><s>@</s><b>raulask</b></a> no Raúl! Deberia?]]></document>
		<document id="406247780781285376" url="https://twitter.com/Adela_Micha/status/406247780781285376"><![CDATA[<a href="/raulask" class="twitter-atreply pretty-link js-nav" dir="ltr" data-mentioned-user-id="53476748" ><s>@</s><b>raulask</b></a> besos]]></document>
		<document id="406247962931494912" url="https://twitter.com/Adela_Micha/status/406247962931494912"><![CDATA[<a href="/raulask" class="twitter-atreply pretty-link js-nav" dir="ltr" data-mentioned-user-id="53476748" ><s>@</s><b>raulask</b></a> ah ok ok! Eres actor?]]></document>
		<document id="407347511523680256" url="https://twitter.com/Adela_Micha/status/407347511523680256"><![CDATA[&quot;<a href="/yolandandrade" class="twitter-atreply pretty-link js-nav" dir="ltr" data-mentioned-user-id="64885147" ><s>@</s><b>yolandandrade</b></a>: T <img class="Emoji Emoji--forText" src="https://abs.twimg.com/emoji/v2/72x72/2764.png" draggable="false" alt="❤️" title="Heavy red heart" aria-label="Emoji: Heavy red heart">
Manaaaaa
adela_micha <a href="http://t.co/OtiECeuB30" rel="nofollow" dir="ltr" data-expanded-url="http://instagram.com/p/hZvZ-fv7GH/" class="twitter-timeline-link" target="_blank" title="http://instagram.com/p/hZvZ-fv7GH/" ><span class="tco-ellipsis"></span><span class="invisible">http://</span><span class="js-display-url">instagram.com/p/hZvZ-fv7GH/</span><span class="invisible"></span><span class="tco-ellipsis"><span class="invisible">&nbsp;</span></span></a>&quot;\yo mucho a ti!]]></document>
		<document id="419402499729010688" url="https://twitter.com/Adela_Micha/status/419402499729010688"><![CDATA[@JunicomooorMouraTrue <a href="/realjuniormoura" class="twitter-atreply pretty-link js-nav" dir="ltr" data-mentioned-user-id="205427473" ><s>@</s><b>RealJuniorMoura</b></a> comooo?]]></document>
		<document id="421352778976342016" url="https://twitter.com/Adela_Micha/status/421352778976342016"><![CDATA[Te adoro <a href="/jaimecamil" class="twitter-atreply pretty-link js-nav" dir="ltr" data-mentioned-user-id="109118967" ><s>@</s><b>jaimecamil</b></a><a href="http://t.co/9hWDe7znt8" class="twitter-timeline-link u-hidden" data-pre-embedded="true" dir="ltr" >pic.twitter.com/9hWDe7znt8</a>]]></document>
		<document id="421411161704124416" url="https://twitter.com/Adela_Micha/status/421411161704124416"><![CDATA[Hooola! Ya tengo Instagram. Mi usuario es Adelamicha
Siganme!!!]]></document>
		<document id="421829458648002560" url="https://twitter.com/Adela_Micha/status/421829458648002560"><![CDATA[<a href="/NauticaMen" class="twitter-atreply pretty-link js-nav" dir="ltr" data-mentioned-user-id="103621273" ><s>@</s><b>NauticaMen</b></a> thanx! Besoooos]]></document>
		<document id="424064263838126080" url="https://twitter.com/Adela_Micha/status/424064263838126080"><![CDATA[<a href="/monimirandaa" class="twitter-atreply pretty-link js-nav" dir="ltr" data-mentioned-user-id="357104402" ><s>@</s><b>monimirandaa</b></a> graaaacias]]></document>
		<document id="424068042226561024" url="https://twitter.com/Adela_Micha/status/424068042226561024"><![CDATA[<a href="/juanpipermar78" class="twitter-atreply pretty-link js-nav" dir="ltr" data-mentioned-user-id="2291795310" ><s>@</s><b>juanpipermar78</b></a> graaacias]]></document>
		<document id="424081064374460416" url="https://twitter.com/Adela_Micha/status/424081064374460416"><![CDATA[<a href="/benherod" class="twitter-atreply pretty-link js-nav" dir="ltr" data-mentioned-user-id="82389035" ><s>@</s><b>benherod</b></a> jajajaja buenas noches rey! Descansa]]></document>
	</documents>
</author>