<?xml version="1.0" encoding="UTF-8" standalone="no"?><author age_group="xx" gender="xx" lang="EN" type="twitter" url="https://twitter.com/lawyerbychoice">
	<documents count="106">
		<document id="290865552367448064" url="https://twitter.com/lawyerbychoice/status/290865552367448064"><![CDATA[It is a new year....resolve to minimize digital hoarding.  What&#39;s Wrong With Digital Hoarding? <a href="http://t.co/3E7V4IZi" rel="nofollow" dir="ltr" data-expanded-url="http://shar.es/4KAUF" class="twitter-timeline-link" target="_blank" title="http://shar.es/4KAUF" ><span class="tco-ellipsis"></span><span class="invisible">http://</span><span class="js-display-url">shar.es/4KAUF</span><span class="invisible"></span><span class="tco-ellipsis"><span class="invisible">&nbsp;</span></span></a> via <a href="/ShareThis" class="twitter-atreply pretty-link js-nav" dir="ltr" data-mentioned-user-id="14116807" ><s>@</s><b>sharethis</b></a>]]></document>
		<document id="290867364604542977" url="https://twitter.com/lawyerbychoice/status/290867364604542977"><![CDATA[Minimize digital volume.....minimize risk.   <a href="http://t.co/wSfqFLlJ" rel="nofollow" dir="ltr" data-expanded-url="http://www.ediscoverydaily.com/2013/01/litigation-101-for-ediscovery-tech-professionals-information-management-whats-the-big-deal.html" class="twitter-timeline-link" target="_blank" title="http://www.ediscoverydaily.com/2013/01/litigation-101-for-ediscovery-tech-professionals-information-management-whats-the-big-deal.html" ><span class="tco-ellipsis"></span><span class="invisible">http://www.</span><span class="js-display-url">ediscoverydaily.com/2013/01/litiga</span><span class="invisible">tion-101-for-ediscovery-tech-professionals-information-management-whats-the-big-deal.html</span><span class="tco-ellipsis"><span class="invisible">&nbsp;</span>…</span></a>]]></document>
		<document id="290885598888214528" url="https://twitter.com/lawyerbychoice/status/290885598888214528"><![CDATA[Manage IT risk holistically.  Better Integrate IT Risk Management With Enterprise Risk Activities -- <a href="/DarkReading" class="twitter-atreply pretty-link js-nav" dir="ltr" data-mentioned-user-id="17445813" ><s>@</s><b>DarkReading</b></a> <a href="http://t.co/XCt5fDI9" rel="nofollow" dir="ltr" data-expanded-url="http://twb.io/U40str" class="twitter-timeline-link" target="_blank" title="http://twb.io/U40str" ><span class="tco-ellipsis"></span><span class="invisible">http://</span><span class="js-display-url">twb.io/U40str</span><span class="invisible"></span><span class="tco-ellipsis"><span class="invisible">&nbsp;</span></span></a>]]></document>
		<document id="291587691009695744" url="https://twitter.com/lawyerbychoice/status/291587691009695744"><![CDATA[Holistic approach to economic development starts with your business....take the State&#39;s Sandy&#39;s Impact Survey....<a href="http://t.co/BulLvkcB" rel="nofollow" dir="ltr" data-expanded-url="http://www.state.nj.us/njbusiness/bac/index.shtml" class="twitter-timeline-link" target="_blank" title="http://www.state.nj.us/njbusiness/bac/index.shtml" ><span class="tco-ellipsis"></span><span class="invisible">http://www.</span><span class="js-display-url">state.nj.us/njbusiness/bac</span><span class="invisible">/index.shtml</span><span class="tco-ellipsis"><span class="invisible">&nbsp;</span>…</span></a>.]]></document>
		<document id="291596111695736833" url="https://twitter.com/lawyerbychoice/status/291596111695736833"><![CDATA[Engaging discovery counsel help to control skyrocketing discovery costs and reduces risk.  Litigation reactive businesses spend more $$$.]]></document>
		<document id="291630104013053952" url="https://twitter.com/lawyerbychoice/status/291630104013053952"><![CDATA[Analytic Success Starts with People <a href="http://t.co/6qyHIcex" rel="nofollow" dir="ltr" data-expanded-url="http://shar.es/4QNVk" class="twitter-timeline-link" target="_blank" title="http://shar.es/4QNVk" ><span class="tco-ellipsis"></span><span class="invisible">http://</span><span class="js-display-url">shar.es/4QNVk</span><span class="invisible"></span><span class="tco-ellipsis"><span class="invisible">&nbsp;</span></span></a> via <a href="/ShareThis" class="twitter-atreply pretty-link js-nav" dir="ltr" data-mentioned-user-id="14116807" ><s>@</s><b>sharethis</b></a>]]></document>
		<document id="291738130808193024" url="https://twitter.com/lawyerbychoice/status/291738130808193024"><![CDATA[Most businesses implement data deletion policies but fail to enforce their own policy.<a href="http://t.co/LgkDKmPc" rel="nofollow" dir="ltr" data-expanded-url="http://www.itworldcanada.com/news/firms-still-not-walking-the-talk-on-e-discovery/146575" class="twitter-timeline-link u-hidden" target="_blank" title="http://www.itworldcanada.com/news/firms-still-not-walking-the-talk-on-e-discovery/146575" ><span class="tco-ellipsis"></span><span class="invisible">http://www.</span><span class="js-display-url">itworldcanada.com/news/firms-sti</span><span class="invisible">ll-not-walking-the-talk-on-e-discovery/146575</span><span class="tco-ellipsis"><span class="invisible">&nbsp;</span>…</span></a>]]></document>
		<document id="291740350668763136" url="https://twitter.com/lawyerbychoice/status/291740350668763136"><![CDATA[It&#39;s Classified: The Secret To Cloud Risk Management Success -- <a href="/DarkReading" class="twitter-atreply pretty-link js-nav" dir="ltr" data-mentioned-user-id="17445813" ><s>@</s><b>DarkReading</b></a> <a href="http://t.co/a3WqIi3N" rel="nofollow" dir="ltr" data-expanded-url="http://twb.io/TZGyjB" class="twitter-timeline-link" target="_blank" title="http://twb.io/TZGyjB" ><span class="tco-ellipsis"></span><span class="invisible">http://</span><span class="js-display-url">twb.io/TZGyjB</span><span class="invisible"></span><span class="tco-ellipsis"><span class="invisible">&nbsp;</span></span></a>]]></document>
		<document id="291741139906727937" url="https://twitter.com/lawyerbychoice/status/291741139906727937"><![CDATA[Defensible deletion mindset.....many global organizations flub electronic-records requests <a href="http://t.co/fjtG4VBb" rel="nofollow" dir="ltr" data-expanded-url="http://shar.es/4RrPo" class="twitter-timeline-link" target="_blank" title="http://shar.es/4RrPo" ><span class="tco-ellipsis"></span><span class="invisible">http://</span><span class="js-display-url">shar.es/4RrPo</span><span class="invisible"></span><span class="tco-ellipsis"><span class="invisible">&nbsp;</span></span></a> via <a href="/NetworkWorld" class="twitter-atreply pretty-link js-nav" dir="ltr" data-mentioned-user-id="9737032" ><s>@</s><b>networkworld</b></a>]]></document>
		<document id="291746646126125056" url="https://twitter.com/lawyerbychoice/status/291746646126125056"><![CDATA[Symantec&#39;s 2012 Information Retention Survey Reveals Improvement in Planning but More Failures in Policy Implementation <a href="http://t.co/QGxqLLCW" rel="nofollow" dir="ltr" data-expanded-url="http://www.symantec.com/about/news/release/article.jsp?prid=20130110_01" class="twitter-timeline-link" target="_blank" title="http://www.symantec.com/about/news/release/article.jsp?prid=20130110_01" ><span class="tco-ellipsis"></span><span class="invisible">http://www.</span><span class="js-display-url">symantec.com/about/news/rel</span><span class="invisible">ease/article.jsp?prid=20130110_01</span><span class="tco-ellipsis"><span class="invisible">&nbsp;</span>…</span></a>]]></document>
		<document id="291747138038284289" url="https://twitter.com/lawyerbychoice/status/291747138038284289"><![CDATA[&#39;Hoarders&#39;: The Corporate Data Edition <a href="http://t.co/8W7gaG03" rel="nofollow" dir="ltr" data-expanded-url="http://at.law.com/bh3XD9" class="twitter-timeline-link" target="_blank" title="http://at.law.com/bh3XD9" ><span class="tco-ellipsis"></span><span class="invisible">http://</span><span class="js-display-url">at.law.com/bh3XD9</span><span class="invisible"></span><span class="tco-ellipsis"><span class="invisible">&nbsp;</span></span></a> via <a href="/LawTechNews" class="twitter-atreply pretty-link js-nav" dir="ltr" data-mentioned-user-id="3114956993" ><s>@</s><b>LawTechNews</b></a>]]></document>
		<document id="291939985232367617" url="https://twitter.com/lawyerbychoice/status/291939985232367617"><![CDATA[Top ten e-Discovery decision of 2012?  <a href="http://t.co/6fdJns84" rel="nofollow" dir="ltr" data-expanded-url="http://www.ediscoverydaily.com/2012/07/ediscovery-case-law-judge-scheindlin-says-no-to-self-collection-yes-to-predictive-coding.html" class="twitter-timeline-link" target="_blank" title="http://www.ediscoverydaily.com/2012/07/ediscovery-case-law-judge-scheindlin-says-no-to-self-collection-yes-to-predictive-coding.html" ><span class="tco-ellipsis"></span><span class="invisible">http://www.</span><span class="js-display-url">ediscoverydaily.com/2012/07/edisco</span><span class="invisible">very-case-law-judge-scheindlin-says-no-to-self-collection-yes-to-predictive-coding.html</span><span class="tco-ellipsis"><span class="invisible">&nbsp;</span>…</span></a>.]]></document>
		<document id="292303004432990208" url="https://twitter.com/lawyerbychoice/status/292303004432990208"><![CDATA[One perspective on complex topic of litigation support......6 Reasons to Insource Litigation Support <a href="http://t.co/yJWz9Nug" rel="nofollow" dir="ltr" data-expanded-url="http://at.law.com/F3kHCB" class="twitter-timeline-link" target="_blank" title="http://at.law.com/F3kHCB" ><span class="tco-ellipsis"></span><span class="invisible">http://</span><span class="js-display-url">at.law.com/F3kHCB</span><span class="invisible"></span><span class="tco-ellipsis"><span class="invisible">&nbsp;</span></span></a> via <a href="/LawTechNews" class="twitter-atreply pretty-link js-nav" dir="ltr" data-mentioned-user-id="3114956993" ><s>@</s><b>LawTechNews</b></a>]]></document>
		<document id="292334318259417088" url="https://twitter.com/lawyerbychoice/status/292334318259417088"><![CDATA[I&#39;ve just updated my professional profile on LinkedIn. Connect with me and view my profile. <a href="http://t.co/gMIar3XN" rel="nofollow" dir="ltr" data-expanded-url="http://lnkd.in/xkKnEr" class="twitter-timeline-link" target="_blank" title="http://lnkd.in/xkKnEr" ><span class="tco-ellipsis"></span><span class="invisible">http://</span><span class="js-display-url">lnkd.in/xkKnEr</span><span class="invisible"></span><span class="tco-ellipsis"><span class="invisible">&nbsp;</span></span></a> <a href="/hashtag/in?src=hash" data-query-source="hashtag_click" class="twitter-hashtag pretty-link js-nav" dir="ltr" ><s>#</s><b>in</b></a>]]></document>
		<document id="292345612710576132" url="https://twitter.com/lawyerbychoice/status/292345612710576132"><![CDATA[&#39;Big data&#39; strains, stresses real-time business intelligence systems<a href="http://t.co/QFOb8gSq" rel="nofollow" dir="ltr" data-expanded-url="http://searchbusinessanalytics.techtarget.com/feature/Big-data-strains-stresses-real-time-business-intelligence-systems#.UPmbqSaquBU.twitter" class="twitter-timeline-link u-hidden" target="_blank" title="http://searchbusinessanalytics.techtarget.com/feature/Big-data-strains-stresses-real-time-business-intelligence-systems#.UPmbqSaquBU.twitter" ><span class="tco-ellipsis"></span><span class="invisible">http://</span><span class="js-display-url">searchbusinessanalytics.techtarget.com/feature/Big-da</span><span class="invisible">ta-strains-stresses-real-time-business-intelligence-systems#.UPmbqSaquBU.twitter</span><span class="tco-ellipsis"><span class="invisible">&nbsp;</span>…</span></a>]]></document>
		<document id="293745165938593793" url="https://twitter.com/lawyerbychoice/status/293745165938593793"><![CDATA[Interesting perspective on cloud collections......Rule 34 and TIFF Productions in the Clouds <a href="http://t.co/62i47jIM" rel="nofollow" dir="ltr" data-expanded-url="http://wp.me/pp9nO-1z0" class="twitter-timeline-link" target="_blank" title="http://wp.me/pp9nO-1z0" ><span class="tco-ellipsis"></span><span class="invisible">http://</span><span class="js-display-url">wp.me/pp9nO-1z0</span><span class="invisible"></span><span class="tco-ellipsis"><span class="invisible">&nbsp;</span></span></a> via <a href="/wordpressdotcom" class="twitter-atreply pretty-link js-nav" dir="ltr" data-mentioned-user-id="823905" ><s>@</s><b>wordpressdotcom</b></a>]]></document>
		<document id="293758793194561537" url="https://twitter.com/lawyerbychoice/status/293758793194561537"><![CDATA[Placing Strategic Bets in the Face of Uncertainty - <a href="/HarvardBiz" class="twitter-atreply pretty-link js-nav" dir="ltr" data-mentioned-user-id="14800270" ><s>@</s><b>HarvardBiz</b></a><a href="http://t.co/gvpaEt8W" rel="nofollow" dir="ltr" data-expanded-url="http://blogs.hbr.org/cs/2013/01/placing_strategic_bets_in_the.html" class="twitter-timeline-link u-hidden" target="_blank" title="http://blogs.hbr.org/cs/2013/01/placing_strategic_bets_in_the.html" ><span class="tco-ellipsis"></span><span class="invisible">http://</span><span class="js-display-url">blogs.hbr.org/cs/2013/01/pla</span><span class="invisible">cing_strategic_bets_in_the.html</span><span class="tco-ellipsis"><span class="invisible">&nbsp;</span>…</span></a>]]></document>
		<document id="294197762667446273" url="https://twitter.com/lawyerbychoice/status/294197762667446273"><![CDATA[U.S. Magistrate Judge Michael Hammer (N.J.) Finds Spoliation by Company at the Hands of Its Outside Counsel <a href="http://t.co/isEEC4f0" rel="nofollow" dir="ltr" data-expanded-url="http://at.law.com/nvAYXZ" class="twitter-timeline-link" target="_blank" title="http://at.law.com/nvAYXZ" ><span class="tco-ellipsis"></span><span class="invisible">http://</span><span class="js-display-url">at.law.com/nvAYXZ</span><span class="invisible"></span><span class="tco-ellipsis"><span class="invisible">&nbsp;</span></span></a> via <a href="/NJLJ" class="twitter-atreply pretty-link js-nav" dir="ltr" data-mentioned-user-id="23787554" ><s>@</s><b>NJLJ</b></a>]]></document>
		<document id="294488995998613504" url="https://twitter.com/lawyerbychoice/status/294488995998613504"><![CDATA[Kia Motors Tests Corporate Counsel Tech Skills <a href="http://t.co/fOBzRmKv" rel="nofollow" dir="ltr" data-expanded-url="http://at.law.com/kfiPen" class="twitter-timeline-link" target="_blank" title="http://at.law.com/kfiPen" ><span class="tco-ellipsis"></span><span class="invisible">http://</span><span class="js-display-url">at.law.com/kfiPen</span><span class="invisible"></span><span class="tco-ellipsis"><span class="invisible">&nbsp;</span></span></a> via <a href="/LawTechNews" class="twitter-atreply pretty-link js-nav" dir="ltr" data-mentioned-user-id="3114956993" ><s>@</s><b>LawTechNews</b></a>]]></document>
		<document id="294832868226637824" url="https://twitter.com/lawyerbychoice/status/294832868226637824"><![CDATA[Records management might be a career dead-end, but information governance is not <a href="http://t.co/OOcg5Znx" rel="nofollow" dir="ltr" data-expanded-url="http://www.insidecounsel.com/2013/01/18/records-management-might-be-a-career-dead-end-but#.UQKoGD5zMMU.twitter" class="twitter-timeline-link" target="_blank" title="http://www.insidecounsel.com/2013/01/18/records-management-might-be-a-career-dead-end-but#.UQKoGD5zMMU.twitter" ><span class="tco-ellipsis"></span><span class="invisible">http://www.</span><span class="js-display-url">insidecounsel.com/2013/01/18/rec</span><span class="invisible">ords-management-might-be-a-career-dead-end-but#.UQKoGD5zMMU.twitter</span><span class="tco-ellipsis"><span class="invisible">&nbsp;</span>…</span></a> (via <a href="/InsideCounsel" class="twitter-atreply pretty-link js-nav" dir="ltr" data-mentioned-user-id="29754207" ><s>@</s><b>InsideCounsel</b></a>)]]></document>
		<document id="294833259156750336" url="https://twitter.com/lawyerbychoice/status/294833259156750336"><![CDATA[Becoming a data-driven legal department in 2013 <a href="http://t.co/LCjXgoY5" rel="nofollow" dir="ltr" data-expanded-url="http://www.insidecounsel.com/2013/01/23/becoming-a-data-driven-legal-department-in-2013#.UQKodFhx4fs.twitter" class="twitter-timeline-link" target="_blank" title="http://www.insidecounsel.com/2013/01/23/becoming-a-data-driven-legal-department-in-2013#.UQKodFhx4fs.twitter" ><span class="tco-ellipsis"></span><span class="invisible">http://www.</span><span class="js-display-url">insidecounsel.com/2013/01/23/bec</span><span class="invisible">oming-a-data-driven-legal-department-in-2013#.UQKodFhx4fs.twitter</span><span class="tco-ellipsis"><span class="invisible">&nbsp;</span>…</span></a> (via <a href="/InsideCounsel" class="twitter-atreply pretty-link js-nav" dir="ltr" data-mentioned-user-id="29754207" ><s>@</s><b>InsideCounsel</b></a>)]]></document>
		<document id="294841910491770881" url="https://twitter.com/lawyerbychoice/status/294841910491770881"><![CDATA[Discovery of social media might be a toss-up if requests are too broad – conflicting federal decisions - Lexology: <a href="http://t.co/3RxbGvmj" rel="nofollow" dir="ltr" data-expanded-url="http://www.lexology.com/library/detail.aspx?g=f6c1d06a-2ba3-4882-a3df-5838fdbf5c9e#.UQKwIiar8ft.twitter" class="twitter-timeline-link" target="_blank" title="http://www.lexology.com/library/detail.aspx?g=f6c1d06a-2ba3-4882-a3df-5838fdbf5c9e#.UQKwIiar8ft.twitter" ><span class="tco-ellipsis"></span><span class="invisible">http://www.</span><span class="js-display-url">lexology.com/library/detail</span><span class="invisible">.aspx?g=f6c1d06a-2ba3-4882-a3df-5838fdbf5c9e#.UQKwIiar8ft.twitter</span><span class="tco-ellipsis"><span class="invisible">&nbsp;</span>…</span></a>]]></document>
		<document id="295984373063376896" url="https://twitter.com/lawyerbychoice/status/295984373063376896"><![CDATA[For Cloud Security, Mix It Up With Both Off and On-Premises Systems - Forbes<a href="http://t.co/d2uJFYKY" rel="nofollow" dir="ltr" data-expanded-url="http://onforb.es/10Jmfwl" class="twitter-timeline-link u-hidden" target="_blank" title="http://onforb.es/10Jmfwl" ><span class="tco-ellipsis"></span><span class="invisible">http://</span><span class="js-display-url">onforb.es/10Jmfwl</span><span class="invisible"></span><span class="tco-ellipsis"><span class="invisible">&nbsp;</span></span></a>]]></document>
		<document id="296259503551291392" url="https://twitter.com/lawyerbychoice/status/296259503551291392"><![CDATA[Packed house at <a href="/hashtag/LTNY?src=hash" data-query-source="hashtag_click" class="twitter-hashtag pretty-link js-nav" dir="ltr" ><s>#</s><b>LTNY</b></a> 2013...standing room only at the Keynote Address, day one.]]></document>
		<document id="296318347845459968" url="https://twitter.com/lawyerbychoice/status/296318347845459968"><![CDATA[Perspectives on proportionality are diverse at <a href="/hashtag/LTNY?src=hash" data-query-source="hashtag_click" class="twitter-hashtag pretty-link js-nav" dir="ltr" ><s>#</s><b>LTNY</b></a> plenary.  <a href="/hashtag/eDiscovery?src=hash" data-query-source="hashtag_click" class="twitter-hashtag pretty-link js-nav" dir="ltr" ><s>#</s><b>eDiscovery</b></a>.]]></document>
		<document id="296626240893366275" url="https://twitter.com/lawyerbychoice/status/296626240893366275"><![CDATA[Judges Peck &amp; Baylson providing judicial perspective on defense of process, proportionality, Federal Rule of Evidence 502, day two <a href="/hashtag/LTNY?src=hash" data-query-source="hashtag_click" class="twitter-hashtag pretty-link js-nav" dir="ltr" ><s>#</s><b>LTNY</b></a>.]]></document>
		<document id="296649797274845185" url="https://twitter.com/lawyerbychoice/status/296649797274845185"><![CDATA[George Socha, cofounder of EDRM, leading panel on <a href="/hashtag/ediscovery?src=hash" data-query-source="hashtag_click" class="twitter-hashtag pretty-link js-nav" dir="ltr" ><s>#</s><b>ediscovery</b></a> and <a href="/hashtag/bigdata?src=hash" data-query-source="hashtag_click" class="twitter-hashtag pretty-link js-nav" dir="ltr" ><s>#</s><b>bigdata</b></a> at <a href="/hashtag/LTNY?src=hash" data-query-source="hashtag_click" class="twitter-hashtag pretty-link js-nav" dir="ltr" ><s>#</s><b>LTNY</b></a>, day two.]]></document>
		<document id="297511051317084160" url="https://twitter.com/lawyerbychoice/status/297511051317084160"><![CDATA[Federal IT Priorities in Obama&#39;s Second Term <a href="http://t.co/yzGcbIcl" rel="nofollow" dir="ltr" data-expanded-url="http://www.govtech.com/policy-management/Federal-IT-Priorities-Obamas-Second-Term.html" class="twitter-timeline-link" target="_blank" title="http://www.govtech.com/policy-management/Federal-IT-Priorities-Obamas-Second-Term.html" ><span class="tco-ellipsis"></span><span class="invisible">http://www.</span><span class="js-display-url">govtech.com/policy-managem</span><span class="invisible">ent/Federal-IT-Priorities-Obamas-Second-Term.html</span><span class="tco-ellipsis"><span class="invisible">&nbsp;</span>…</span></a>]]></document>
		<document id="297511938391420928" url="https://twitter.com/lawyerbychoice/status/297511938391420928"><![CDATA[7 Ways to Succeed with Big Data <a href="http://t.co/bPl9aEYi" rel="nofollow" dir="ltr" data-expanded-url="http://www.govtech.com/policy-management/7-Ways-to-Succeed-with-Big-Data.html" class="twitter-timeline-link" target="_blank" title="http://www.govtech.com/policy-management/7-Ways-to-Succeed-with-Big-Data.html" ><span class="tco-ellipsis"></span><span class="invisible">http://www.</span><span class="js-display-url">govtech.com/policy-managem</span><span class="invisible">ent/7-Ways-to-Succeed-with-Big-Data.html</span><span class="tco-ellipsis"><span class="invisible">&nbsp;</span>…</span></a>]]></document>
		<document id="298428293055668225" url="https://twitter.com/lawyerbychoice/status/298428293055668225"><![CDATA[Talent Task Matrix <a href="http://t.co/hbgcRyM9" rel="nofollow" dir="ltr" data-expanded-url="http://j.mp/Y5b2zU" class="twitter-timeline-link" target="_blank" title="http://j.mp/Y5b2zU" ><span class="tco-ellipsis"></span><span class="invisible">http://</span><span class="js-display-url">j.mp/Y5b2zU</span><span class="invisible"></span><span class="tco-ellipsis"><span class="invisible">&nbsp;</span></span></a> <a href="/hashtag/EDRM?src=hash" data-query-source="hashtag_click" class="twitter-hashtag pretty-link js-nav" dir="ltr" ><s>#</s><b>EDRM</b></a> continues to innovate.]]></document>
		<document id="298829898678693888" url="https://twitter.com/lawyerbychoice/status/298829898678693888"><![CDATA[Calling General Counsel to the Front Lines of Cybersecurity <a href="http://t.co/Wc5Z7TD0" rel="nofollow" dir="ltr" data-expanded-url="http://at.law.com/QLC9mG" class="twitter-timeline-link" target="_blank" title="http://at.law.com/QLC9mG" ><span class="tco-ellipsis"></span><span class="invisible">http://</span><span class="js-display-url">at.law.com/QLC9mG</span><span class="invisible"></span><span class="tco-ellipsis"><span class="invisible">&nbsp;</span></span></a> via <a href="/CorpCounsel" class="twitter-atreply pretty-link js-nav" dir="ltr" data-mentioned-user-id="38228827" ><s>@</s><b>CorpCounsel</b></a>]]></document>
		<document id="299276100025081856" url="https://twitter.com/lawyerbychoice/status/299276100025081856"><![CDATA[The Cloud Isn8217;t Full of Rain, And A Few Other Facts -<a href="http://t.co/vaA2lhKr" rel="nofollow" dir="ltr" data-expanded-url="http://blogs.sap.com/innovation/cloud-computing/the-cloud-isnt-full-of-rain-and-a-few-other-facts-026484" class="twitter-timeline-link u-hidden" target="_blank" title="http://blogs.sap.com/innovation/cloud-computing/the-cloud-isnt-full-of-rain-and-a-few-other-facts-026484" ><span class="tco-ellipsis"></span><span class="invisible">http://</span><span class="js-display-url">blogs.sap.com/innovation/clo</span><span class="invisible">ud-computing/the-cloud-isnt-full-of-rain-and-a-few-other-facts-026484</span><span class="tco-ellipsis"><span class="invisible">&nbsp;</span>…</span></a>]]></document>
		<document id="299277294231494657" url="https://twitter.com/lawyerbychoice/status/299277294231494657"><![CDATA[Who’s Afraid Of the Big, Bad…Data? -<a href="http://t.co/gb5AlvM6" rel="nofollow" dir="ltr" data-expanded-url="http://blogs.sap.com/innovation/big-data/whos-afraid-of-the-big-baddata-026697" class="twitter-timeline-link u-hidden" target="_blank" title="http://blogs.sap.com/innovation/big-data/whos-afraid-of-the-big-baddata-026697" ><span class="tco-ellipsis"></span><span class="invisible">http://</span><span class="js-display-url">blogs.sap.com/innovation/big</span><span class="invisible">-data/whos-afraid-of-the-big-baddata-026697</span><span class="tco-ellipsis"><span class="invisible">&nbsp;</span>…</span></a>]]></document>
		<document id="299925388145090561" url="https://twitter.com/lawyerbychoice/status/299925388145090561"><![CDATA[Why big data matters and data-ism doesn&#39;t <a href="http://t.co/ovaN5C37" rel="nofollow" dir="ltr" data-expanded-url="http://gigaom.com/2013/02/06/why-big-data-matters-and-data-ism-doesnt/" class="twitter-timeline-link" target="_blank" title="http://gigaom.com/2013/02/06/why-big-data-matters-and-data-ism-doesnt/" ><span class="tco-ellipsis"></span><span class="invisible">http://</span><span class="js-display-url">gigaom.com/2013/02/06/why</span><span class="invisible">-big-data-matters-and-data-ism-doesnt/</span><span class="tco-ellipsis"><span class="invisible">&nbsp;</span>…</span></a> via <a href="/gigaom" class="twitter-atreply pretty-link js-nav" dir="ltr" data-mentioned-user-id="2893971" ><s>@</s><b>gigaom</b></a>]]></document>
		<document id="300655492458508289" url="https://twitter.com/lawyerbychoice/status/300655492458508289"><![CDATA[North Jersey Data Centers expand in a Crowded Market <a href="http://t.co/ddEhJebg" rel="nofollow" dir="ltr" data-expanded-url="http://www.northjersey.com/news/business/190572741_Data_centers_expand_in_a_crowded_market.html" class="twitter-timeline-link" target="_blank" title="http://www.northjersey.com/news/business/190572741_Data_centers_expand_in_a_crowded_market.html" ><span class="tco-ellipsis"></span><span class="invisible">http://www.</span><span class="js-display-url">northjersey.com/news/business/</span><span class="invisible">190572741_Data_centers_expand_in_a_crowded_market.html</span><span class="tco-ellipsis"><span class="invisible">&nbsp;</span>…</span></a>]]></document>
		<document id="301148967935295488" url="https://twitter.com/lawyerbychoice/status/301148967935295488"><![CDATA[Q &amp; A With the Men Who Made the EDRM Mold: Tom Gelbmann and George Socha <a href="http://t.co/B9jI0yQ7" rel="nofollow" dir="ltr" data-expanded-url="http://shar.es/YhWzO" class="twitter-timeline-link" target="_blank" title="http://shar.es/YhWzO" ><span class="tco-ellipsis"></span><span class="invisible">http://</span><span class="js-display-url">shar.es/YhWzO</span><span class="invisible"></span><span class="tco-ellipsis"><span class="invisible">&nbsp;</span></span></a> via <a href="/ShareThis" class="twitter-atreply pretty-link js-nav" dir="ltr" data-mentioned-user-id="14116807" ><s>@</s><b>sharethis</b></a> <a href="/hashtag/IGRM?src=hash" data-query-source="hashtag_click" class="twitter-hashtag pretty-link js-nav" dir="ltr" ><s>#</s><b>IGRM</b></a> <a href="/hashtag/EDRM?src=hash" data-query-source="hashtag_click" class="twitter-hashtag pretty-link js-nav" dir="ltr" ><s>#</s><b>EDRM</b></a>]]></document>
		<document id="302128545688322048" url="https://twitter.com/lawyerbychoice/status/302128545688322048"><![CDATA[An Educational Conversation with Judge Peck <a href="http://t.co/NDA1zwfU" rel="nofollow" dir="ltr" data-expanded-url="http://shar.es/YwSPl" class="twitter-timeline-link" target="_blank" title="http://shar.es/YwSPl" ><span class="tco-ellipsis"></span><span class="invisible">http://</span><span class="js-display-url">shar.es/YwSPl</span><span class="invisible"></span><span class="tco-ellipsis"><span class="invisible">&nbsp;</span></span></a> via <a href="/ShareThis" class="twitter-atreply pretty-link js-nav" dir="ltr" data-mentioned-user-id="14116807" ><s>@</s><b>sharethis</b></a>]]></document>
		<document id="302416621698433024" url="https://twitter.com/lawyerbychoice/status/302416621698433024"><![CDATA[New Jersey Judge Says OK to Broad Search of Party&#39;s Emails at Its Own Expense <a href="http://t.co/rjGS2jI2" rel="nofollow" dir="ltr" data-expanded-url="http://at.law.com/kVXpJs" class="twitter-timeline-link" target="_blank" title="http://at.law.com/kVXpJs" ><span class="tco-ellipsis"></span><span class="invisible">http://</span><span class="js-display-url">at.law.com/kVXpJs</span><span class="invisible"></span><span class="tco-ellipsis"><span class="invisible">&nbsp;</span></span></a> via <a href="/NJLJ" class="twitter-atreply pretty-link js-nav" dir="ltr" data-mentioned-user-id="23787554" ><s>@</s><b>NJLJ</b></a>]]></document>
		<document id="304624713240555520" url="https://twitter.com/lawyerbychoice/status/304624713240555520"><![CDATA[Report Reveals In-House Counsel&#39;s 2013 Agenda <a href="http://t.co/kGoYzVwHrh" rel="nofollow" dir="ltr" data-expanded-url="http://at.law.com/EkPYoS" class="twitter-timeline-link" target="_blank" title="http://at.law.com/EkPYoS" ><span class="tco-ellipsis"></span><span class="invisible">http://</span><span class="js-display-url">at.law.com/EkPYoS</span><span class="invisible"></span><span class="tco-ellipsis"><span class="invisible">&nbsp;</span></span></a> via <a href="/CorpCounsel" class="twitter-atreply pretty-link js-nav" dir="ltr" data-mentioned-user-id="38228827" ><s>@</s><b>CorpCounsel</b></a>]]></document>
		<document id="304624991234818048" url="https://twitter.com/lawyerbychoice/status/304624991234818048"><![CDATA[Inventors and Patent Attorneys: Beware the Ides of March <a href="http://t.co/FVRPYXoCDa" rel="nofollow" dir="ltr" data-expanded-url="http://at.law.com/tfSyZZ" class="twitter-timeline-link" target="_blank" title="http://at.law.com/tfSyZZ" ><span class="tco-ellipsis"></span><span class="invisible">http://</span><span class="js-display-url">at.law.com/tfSyZZ</span><span class="invisible"></span><span class="tco-ellipsis"><span class="invisible">&nbsp;</span></span></a> via <a href="/CorpCounsel" class="twitter-atreply pretty-link js-nav" dir="ltr" data-mentioned-user-id="38228827" ><s>@</s><b>CorpCounsel</b></a>]]></document>
		<document id="309313858605023233" url="https://twitter.com/lawyerbychoice/status/309313858605023233"><![CDATA[Busted!  How Happy Accidents Help Forensic Examiners Prove Data Theft <a href="http://t.co/7glsuTqKKV" rel="nofollow" dir="ltr" data-expanded-url="http://wp.me/p1MI8X-h1" class="twitter-timeline-link" target="_blank" title="http://wp.me/p1MI8X-h1" ><span class="tco-ellipsis"></span><span class="invisible">http://</span><span class="js-display-url">wp.me/p1MI8X-h1</span><span class="invisible"></span><span class="tco-ellipsis"><span class="invisible">&nbsp;</span></span></a> via <a href="/wordpressdotcom" class="twitter-atreply pretty-link js-nav" dir="ltr" data-mentioned-user-id="823905" ><s>@</s><b>wordpressdotcom</b></a>]]></document>
		<document id="311102919514660864" url="https://twitter.com/lawyerbychoice/status/311102919514660864"><![CDATA[Apple Blasted For Failing To Produce Docs In Privacy MDL <a href="http://t.co/QhmwQQH2cn" rel="nofollow" dir="ltr" data-expanded-url="http://www.law360.com/privacy/articles/422022" class="twitter-timeline-link" target="_blank" title="http://www.law360.com/privacy/articles/422022" ><span class="tco-ellipsis"></span><span class="invisible">http://www.</span><span class="js-display-url">law360.com/privacy/articl</span><span class="invisible">es/422022</span><span class="tco-ellipsis"><span class="invisible">&nbsp;</span>…</span></a>]]></document>
		<document id="316985027332276224" url="https://twitter.com/lawyerbychoice/status/316985027332276224"><![CDATA[Developers Target Overcrowding in Brooklyn’s Tech Triangle <a href="http://t.co/MN4tFFZy1O" rel="nofollow" dir="ltr" data-expanded-url="http://thebrooklynink.com/2013/02/22/51553-developers-target-overcrowding-in-brooklyns-tech-triangle/" class="twitter-timeline-link" target="_blank" title="http://thebrooklynink.com/2013/02/22/51553-developers-target-overcrowding-in-brooklyns-tech-triangle/" ><span class="tco-ellipsis"></span><span class="invisible">http://</span><span class="js-display-url">thebrooklynink.com/2013/02/22/515</span><span class="invisible">53-developers-target-overcrowding-in-brooklyns-tech-triangle/</span><span class="tco-ellipsis"><span class="invisible">&nbsp;</span>…</span></a>]]></document>
		<document id="319503618707451905" url="https://twitter.com/lawyerbychoice/status/319503618707451905"><![CDATA[SEC Approves Using Facebook, Twitter for Company Disclosures <a href="http://t.co/TAYo2VbxEc" rel="nofollow" dir="ltr" data-expanded-url="http://bloom.bg/XHHTzK" class="twitter-timeline-link" target="_blank" title="http://bloom.bg/XHHTzK" ><span class="tco-ellipsis"></span><span class="invisible">http://</span><span class="js-display-url">bloom.bg/XHHTzK</span><span class="invisible"></span><span class="tco-ellipsis"><span class="invisible">&nbsp;</span></span></a> via @BloombergNews]]></document>
		<document id="319797037036089344" url="https://twitter.com/lawyerbychoice/status/319797037036089344"><![CDATA[I Tell Ya, Information Governance Gets No Respect! <a href="http://t.co/SsaEiBJcKm" rel="nofollow" dir="ltr" data-expanded-url="http://www.ediscoverydaily.com/2013/04/i-tell-ya-information-governance-gets-no-respect-ediscovery-trends.html" class="twitter-timeline-link" target="_blank" title="http://www.ediscoverydaily.com/2013/04/i-tell-ya-information-governance-gets-no-respect-ediscovery-trends.html" ><span class="tco-ellipsis"></span><span class="invisible">http://www.</span><span class="js-display-url">ediscoverydaily.com/2013/04/i-tell</span><span class="invisible">-ya-information-governance-gets-no-respect-ediscovery-trends.html</span><span class="tco-ellipsis"><span class="invisible">&nbsp;</span>…</span></a>]]></document>
		<document id="326326293819965440" url="https://twitter.com/lawyerbychoice/status/326326293819965440"><![CDATA[Changes to the Federal eDiscovery Rules of Civil Procedure Could be Coming Within One Year <a href="http://t.co/7hdosd4ODd" rel="nofollow" dir="ltr" data-expanded-url="http://www.ediscoverydaily.com/2013/04/changes-to-federal-ediscovery-rules-could-be-coming-within-a-year-ediscovery-trends.html" class="twitter-timeline-link" target="_blank" title="http://www.ediscoverydaily.com/2013/04/changes-to-federal-ediscovery-rules-could-be-coming-within-a-year-ediscovery-trends.html" ><span class="tco-ellipsis"></span><span class="invisible">http://www.</span><span class="js-display-url">ediscoverydaily.com/2013/04/change</span><span class="invisible">s-to-federal-ediscovery-rules-could-be-coming-within-a-year-ediscovery-trends.html</span><span class="tco-ellipsis"><span class="invisible">&nbsp;</span>…</span></a>]]></document>
		<document id="332528016641110017" url="https://twitter.com/lawyerbychoice/status/332528016641110017"><![CDATA[Council Gives Thumbs-Up to NYC Tech Campus - Daily News Article - <a href="http://t.co/SU9MIYEhEE" rel="nofollow" dir="ltr" data-expanded-url="http://GlobeSt.com" class="twitter-timeline-link" target="_blank" title="http://GlobeSt.com" ><span class="tco-ellipsis"></span><span class="invisible">http://</span><span class="js-display-url">GlobeSt.com</span><span class="invisible"></span><span class="tco-ellipsis"><span class="invisible">&nbsp;</span></span></a><a href="http://t.co/B5yFrWc3Eg" rel="nofollow" dir="ltr" data-expanded-url="http://www.globest.com/news/12_601/newyork/development/Council-Gives-Thumbs-Up-to-NYC-Tech-Campus-333122.html?ET=globest%3Ae38456%3A14503a%3A&amp;st=email&amp;s=&amp;cmp=gst%3ANew_York_AM_20130508%3Aeditorial#.UYvKaWvzVdw.twitter" class="twitter-timeline-link u-hidden" target="_blank" title="http://www.globest.com/news/12_601/newyork/development/Council-Gives-Thumbs-Up-to-NYC-Tech-Campus-333122.html?ET=globest%3Ae38456%3A14503a%3A&amp;st=email&amp;s=&amp;cmp=gst%3ANew_York_AM_20130508%3Aeditorial#.UYvKaWvzVdw.twitter" ><span class="tco-ellipsis"></span><span class="invisible">http://www.</span><span class="js-display-url">globest.com/news/12_601/ne</span><span class="invisible">wyork/development/Council-Gives-Thumbs-Up-to-NYC-Tech-Campus-333122.html?ET=globest%3Ae38456%3A14503a%3A&amp;st=email&amp;s=&amp;cmp=gst%3ANew_York_AM_20130508%3Aeditorial#.UYvKaWvzVdw.twitter</span><span class="tco-ellipsis"><span class="invisible">&nbsp;</span>…</span></a>]]></document>
		<document id="332531146820825088" url="https://twitter.com/lawyerbychoice/status/332531146820825088"><![CDATA[The Attorney Who Is Always on the Job <a href="http://t.co/SShqT85VsI" rel="nofollow" dir="ltr" data-expanded-url="http://on.wsj.com/10hwbst" class="twitter-timeline-link" target="_blank" title="http://on.wsj.com/10hwbst" ><span class="tco-ellipsis"></span><span class="invisible">http://</span><span class="js-display-url">on.wsj.com/10hwbst</span><span class="invisible"></span><span class="tco-ellipsis"><span class="invisible">&nbsp;</span></span></a> via <a href="/WSJ" class="twitter-atreply pretty-link js-nav" dir="ltr" data-mentioned-user-id="3108351" ><s>@</s><b>WSJ</b></a>]]></document>
		<document id="334716464898654208" url="https://twitter.com/lawyerbychoice/status/334716464898654208"><![CDATA[6 Things In-House Counsel Must Know About E-Discovery <a href="http://t.co/bNxefwMcnz" rel="nofollow" dir="ltr" data-expanded-url="http://at.law.com/EgqSKN" class="twitter-timeline-link" target="_blank" title="http://at.law.com/EgqSKN" ><span class="tco-ellipsis"></span><span class="invisible">http://</span><span class="js-display-url">at.law.com/EgqSKN</span><span class="invisible"></span><span class="tco-ellipsis"><span class="invisible">&nbsp;</span></span></a> via <a href="/CorpCounsel" class="twitter-atreply pretty-link js-nav" dir="ltr" data-mentioned-user-id="38228827" ><s>@</s><b>CorpCounsel</b></a>]]></document>
		<document id="335082836228968448" url="https://twitter.com/lawyerbychoice/status/335082836228968448"><![CDATA[How To Attract Tech Tenants - Real Estate Bisnow (NY) <a href="http://t.co/bE6lWd7UsC" rel="nofollow" dir="ltr" data-expanded-url="http://www.bisnow.com/commercial-real-estate/new-york/how-to-attract-tech-tenants/" class="twitter-timeline-link" target="_blank" title="http://www.bisnow.com/commercial-real-estate/new-york/how-to-attract-tech-tenants/" ><span class="tco-ellipsis"></span><span class="invisible">http://www.</span><span class="js-display-url">bisnow.com/commercial-rea</span><span class="invisible">l-estate/new-york/how-to-attract-tech-tenants/</span><span class="tco-ellipsis"><span class="invisible">&nbsp;</span>…</span></a>]]></document>
		<document id="339795125242834944" url="https://twitter.com/lawyerbychoice/status/339795125242834944"><![CDATA[Ten Things to Consider When Establishing a Legal Hold Policy - Association of Corporate Counsel (ACC) <a href="http://t.co/8oAPcRpnaO" rel="nofollow" dir="ltr" data-expanded-url="http://www.acc.com/legalresources/publications/topten/tttcwealhp.cfm#.UaY6bH9OoV8.twitter" class="twitter-timeline-link" target="_blank" title="http://www.acc.com/legalresources/publications/topten/tttcwealhp.cfm#.UaY6bH9OoV8.twitter" ><span class="tco-ellipsis"></span><span class="invisible">http://www.</span><span class="js-display-url">acc.com/legalresources</span><span class="invisible">/publications/topten/tttcwealhp.cfm#.UaY6bH9OoV8.twitter</span><span class="tco-ellipsis"><span class="invisible">&nbsp;</span>…</span></a>]]></document>
		<document id="340487134072946690" url="https://twitter.com/lawyerbychoice/status/340487134072946690"><![CDATA[US Earns Top Spot as Safest for Data Centers<a href="http://t.co/RXpJHzcmkJ" rel="nofollow" dir="ltr" data-expanded-url="http://www.globest.com/news/12_616/national/industrial/Data-Centers-and-Terrorism-333934.html?ET=globest:e38783:14503a:&amp;st=email&amp;s=&amp;cmp=gst:National_AM_20130530:editorial" class="twitter-timeline-link u-hidden" target="_blank" title="http://www.globest.com/news/12_616/national/industrial/Data-Centers-and-Terrorism-333934.html?ET=globest:e38783:14503a:&amp;st=email&amp;s=&amp;cmp=gst:National_AM_20130530:editorial" ><span class="tco-ellipsis"></span><span class="invisible">http://www.</span><span class="js-display-url">globest.com/news/12_616/na</span><span class="invisible">tional/industrial/Data-Centers-and-Terrorism-333934.html?ET=globest:e38783:14503a:&amp;st=email&amp;s=&amp;cmp=gst:National_AM_20130530:editorial</span><span class="tco-ellipsis"><span class="invisible">&nbsp;</span>…</span></a>]]></document>
		<document id="340488568579440640" url="https://twitter.com/lawyerbychoice/status/340488568579440640"><![CDATA[Law Firms Tout Cybersecurity Cred <a href="http://t.co/Y9WVZHHEz5" rel="nofollow" dir="ltr" data-expanded-url="http://on.wsj.com/14yAJ3C" class="twitter-timeline-link" target="_blank" title="http://on.wsj.com/14yAJ3C" ><span class="tco-ellipsis"></span><span class="invisible">http://</span><span class="js-display-url">on.wsj.com/14yAJ3C</span><span class="invisible"></span><span class="tco-ellipsis"><span class="invisible">&nbsp;</span></span></a> via <a href="/WSJ" class="twitter-atreply pretty-link js-nav" dir="ltr" data-mentioned-user-id="3108351" ><s>@</s><b>WSJ</b></a>]]></document>
		<document id="346764393889034240" url="https://twitter.com/lawyerbychoice/status/346764393889034240"><![CDATA[Information value assessment.....on the road to <a href="/hashtag/IG?src=hash" data-query-source="hashtag_click" class="twitter-hashtag pretty-link js-nav" dir="ltr" ><s>#</s><b>IG</b></a>.  <a href="http://t.co/R43ORY1FcF" rel="nofollow" dir="ltr" data-expanded-url="http://smartdatacollective.com/mike20/129681/elements-information-governance-program" class="twitter-timeline-link" target="_blank" title="http://smartdatacollective.com/mike20/129681/elements-information-governance-program" ><span class="tco-ellipsis"></span><span class="invisible">http://</span><span class="js-display-url">smartdatacollective.com/mike20/129681/</span><span class="invisible">elements-information-governance-program</span><span class="tco-ellipsis"><span class="invisible">&nbsp;</span>…</span></a>]]></document>
		<document id="346765022648729601" url="https://twitter.com/lawyerbychoice/status/346765022648729601"><![CDATA[<a href="/hashtag/datasurveillance?src=hash" data-query-source="hashtag_click" class="twitter-hashtag pretty-link js-nav" dir="ltr" ><s>#</s><b>datasurveillance</b></a>...In Unfolding U.S. Data Surveillance Program, Big Data and Governance Lessons for Business <a href="http://t.co/1OuGImyi4X" rel="nofollow" dir="ltr" data-expanded-url="http://www.information-management.com/news/in-unfolding-US-data-surveillance-program-big-data-and-governance-lessons-10024495-1.html" class="twitter-timeline-link" target="_blank" title="http://www.information-management.com/news/in-unfolding-US-data-surveillance-program-big-data-and-governance-lessons-10024495-1.html" ><span class="tco-ellipsis"></span><span class="invisible">http://www.</span><span class="js-display-url">information-management.com/news/in-unfold</span><span class="invisible">ing-US-data-surveillance-program-big-data-and-governance-lessons-10024495-1.html</span><span class="tco-ellipsis"><span class="invisible">&nbsp;</span>…</span></a>]]></document>
		<document id="346960430759026688" url="https://twitter.com/lawyerbychoice/status/346960430759026688"><![CDATA[Here grows <a href="/hashtag/Brooklyn?src=hash" data-query-source="hashtag_click" class="twitter-hashtag pretty-link js-nav" dir="ltr" ><s>#</s><b>Brooklyn</b></a> - Brooklyn Tech Triangle will create and repurpose space to lure more firms <a href="http://t.co/wmR8JoHmhZ" rel="nofollow" dir="ltr" data-expanded-url="http://trdny.com/15ciFrO" class="twitter-timeline-link" target="_blank" title="http://trdny.com/15ciFrO" ><span class="tco-ellipsis"></span><span class="invisible">http://</span><span class="js-display-url">trdny.com/15ciFrO</span><span class="invisible"></span><span class="tco-ellipsis"><span class="invisible">&nbsp;</span></span></a> via <a href="/trdny" class="twitter-atreply pretty-link js-nav" dir="ltr" data-mentioned-user-id="17057248" ><s>@</s><b>trdny</b></a>]]></document>
		<document id="348136454247038977" url="https://twitter.com/lawyerbychoice/status/348136454247038977"><![CDATA[<a href="/hashtag/Techfirms?src=hash" data-query-source="hashtag_click" class="twitter-hashtag pretty-link js-nav" dir="ltr" ><s>#</s><b>Techfirms</b></a> leased a total of 444,478 square feet in NYC in May says <a href="/hashtag/JonesLangLaSalle?src=hash" data-query-source="hashtag_click" class="twitter-hashtag pretty-link js-nav" dir="ltr" ><s>#</s><b>JonesLangLaSalle</b></a>]]></document>
		<document id="348619606627332096" url="https://twitter.com/lawyerbychoice/status/348619606627332096"><![CDATA[Social Business Collaboration - 50% of businesses will have internal Facebook by 2016 <a href="/NuageSocial" class="twitter-atreply pretty-link js-nav" dir="ltr" data-mentioned-user-id="425880973" ><s>@</s><b>NuageSocial</b></a> <a href="http://t.co/uTzk02wWsf" rel="nofollow" dir="ltr" data-expanded-url="http://po.st/VCwczq" class="twitter-timeline-link" target="_blank" title="http://po.st/VCwczq" ><span class="tco-ellipsis"></span><span class="invisible">http://</span><span class="js-display-url">po.st/VCwczq</span><span class="invisible"></span><span class="tco-ellipsis"><span class="invisible">&nbsp;</span></span></a> via <a href="/B2Community" class="twitter-atreply pretty-link js-nav" dir="ltr" data-mentioned-user-id="133027929" ><s>@</s><b>B2Community</b></a>]]></document>
		<document id="350400917708877826" url="https://twitter.com/lawyerbychoice/status/350400917708877826"><![CDATA[Unlock the implicit, latent value of the information <a href="/hashtag/bigdata?src=hash" data-query-source="hashtag_click" class="twitter-hashtag pretty-link js-nav" dir="ltr" ><s>#</s><b>bigdata</b></a> <a href="http://t.co/qAlssoM7z4" rel="nofollow" dir="ltr" data-expanded-url="http://www.thestar.com/news/world/2013/06/24/big_data_the_good_the_bad_and_the_ugly.html" class="twitter-timeline-link" target="_blank" title="http://www.thestar.com/news/world/2013/06/24/big_data_the_good_the_bad_and_the_ugly.html" ><span class="tco-ellipsis"></span><span class="invisible">http://www.</span><span class="js-display-url">thestar.com/news/world/201</span><span class="invisible">3/06/24/big_data_the_good_the_bad_and_the_ugly.html</span><span class="tco-ellipsis"><span class="invisible">&nbsp;</span>…</span></a> via <a href="/TorontoStar" class="twitter-atreply pretty-link js-nav" dir="ltr" data-mentioned-user-id="12848262" ><s>@</s><b>torontostar</b></a>]]></document>
		<document id="352153432540454913" url="https://twitter.com/lawyerbychoice/status/352153432540454913"><![CDATA[Go mobile.....PC Declines Drag On Growth <a href="http://t.co/pMMLWvCb0G" rel="nofollow" dir="ltr" data-expanded-url="http://techcrunch.com/2013/07/02/gartner-it-spend-will-hit-3-7t-in-2013-pc-declines-drag-on-growth/" class="twitter-timeline-link" target="_blank" title="http://techcrunch.com/2013/07/02/gartner-it-spend-will-hit-3-7t-in-2013-pc-declines-drag-on-growth/" ><span class="tco-ellipsis"></span><span class="invisible">http://</span><span class="js-display-url">techcrunch.com/2013/07/02/gar</span><span class="invisible">tner-it-spend-will-hit-3-7t-in-2013-pc-declines-drag-on-growth/</span><span class="tco-ellipsis"><span class="invisible">&nbsp;</span>…</span></a> via <a href="/TechCrunch" class="twitter-atreply pretty-link js-nav" dir="ltr" data-mentioned-user-id="816653" ><s>@</s><b>techcrunch</b></a>]]></document>
		<document id="352154004433797120" url="https://twitter.com/lawyerbychoice/status/352154004433797120"><![CDATA[Silos Are the Future, Governance Is the Solution <a href="/hashtag/IG?src=hash" data-query-source="hashtag_click" class="twitter-hashtag pretty-link js-nav" dir="ltr" ><s>#</s><b>IG</b></a> <a href="http://t.co/xCTy7dSojD" rel="nofollow" dir="ltr" data-expanded-url="http://shar.es/AgVmw" class="twitter-timeline-link" target="_blank" title="http://shar.es/AgVmw" ><span class="tco-ellipsis"></span><span class="invisible">http://</span><span class="js-display-url">shar.es/AgVmw</span><span class="invisible"></span><span class="tco-ellipsis"><span class="invisible">&nbsp;</span></span></a> via <a href="/ShareThis" class="twitter-atreply pretty-link js-nav" dir="ltr" data-mentioned-user-id="14116807" ><s>@</s><b>sharethis</b></a>]]></document>
		<document id="352155720306794496" url="https://twitter.com/lawyerbychoice/status/352155720306794496"><![CDATA[Are you connecting?  Social Usage Involves More Platforms, More Often - eMarketer <a href="http://t.co/kaPF1MFZhX" rel="nofollow" dir="ltr" data-expanded-url="http://po.st/lA6WZy" class="twitter-timeline-link" target="_blank" title="http://po.st/lA6WZy" ><span class="tco-ellipsis"></span><span class="invisible">http://</span><span class="js-display-url">po.st/lA6WZy</span><span class="invisible"></span><span class="tco-ellipsis"><span class="invisible">&nbsp;</span></span></a> via <a href="/eMarketer" class="twitter-atreply pretty-link js-nav" dir="ltr" data-mentioned-user-id="21217761" ><s>@</s><b>eMarketer</b></a>]]></document>
		<document id="354264330340012032" url="https://twitter.com/lawyerbychoice/status/354264330340012032"><![CDATA[<a href="/hashtag/BigData?src=hash" data-query-source="hashtag_click" class="twitter-hashtag pretty-link js-nav" dir="ltr" ><s>#</s><b>BigData</b></a> = the digital breadcrumbs we leave in our wake - Retailers And Big Data: The Creepy Continuum  <a href="http://t.co/yxfJguYJfL" rel="nofollow" dir="ltr" data-expanded-url="http://onforb.es/11vpau4" class="twitter-timeline-link" target="_blank" title="http://onforb.es/11vpau4" ><span class="tco-ellipsis"></span><span class="invisible">http://</span><span class="js-display-url">onforb.es/11vpau4</span><span class="invisible"></span><span class="tco-ellipsis"><span class="invisible">&nbsp;</span></span></a> via <a href="/Forbes" class="twitter-atreply pretty-link js-nav" dir="ltr" data-mentioned-user-id="91478624" ><s>@</s><b>forbes</b></a>]]></document>
		<document id="355011430644318209" url="https://twitter.com/lawyerbychoice/status/355011430644318209"><![CDATA[<a href="/hashtag/M2M?src=hash" data-query-source="hashtag_click" class="twitter-hashtag pretty-link js-nav" dir="ltr" ><s>#</s><b>M2M</b></a> ... is it the Next $100 Billion Technology Market?  <a href="http://t.co/armgP2jnfq" rel="nofollow" dir="ltr" data-expanded-url="http://blogs.forbes.com/rajsabhlok/?p=2418" class="twitter-timeline-link" target="_blank" title="http://blogs.forbes.com/rajsabhlok/?p=2418" ><span class="tco-ellipsis"></span><span class="invisible">http://</span><span class="js-display-url">blogs.forbes.com/rajsabhlok/?p=</span><span class="invisible">2418</span><span class="tco-ellipsis"><span class="invisible">&nbsp;</span>…</span></a> via <a href="/Forbes" class="twitter-atreply pretty-link js-nav" dir="ltr" data-mentioned-user-id="91478624" ><s>@</s><b>forbes</b></a>]]></document>
		<document id="356961625909104640" url="https://twitter.com/lawyerbychoice/status/356961625909104640"><![CDATA[<a href="/hashtag/bigdata?src=hash" data-query-source="hashtag_click" class="twitter-hashtag pretty-link js-nav" dir="ltr" ><s>#</s><b>bigdata</b></a>, value TBD....<a href="http://t.co/As6RUvPifp" rel="nofollow" dir="ltr" data-expanded-url="http://searchcio.techtarget.com/opinion/Big-data-bad-analytics#.UeSt4b_05b0.twitter" class="twitter-timeline-link u-hidden" target="_blank" title="http://searchcio.techtarget.com/opinion/Big-data-bad-analytics#.UeSt4b_05b0.twitter" ><span class="tco-ellipsis"></span><span class="invisible">http://</span><span class="js-display-url">searchcio.techtarget.com/opinion/Big-da</span><span class="invisible">ta-bad-analytics#.UeSt4b_05b0.twitter</span><span class="tco-ellipsis"><span class="invisible">&nbsp;</span>…</span></a>]]></document>
		<document id="356965903855919105" url="https://twitter.com/lawyerbychoice/status/356965903855919105"><![CDATA[Social business collaboration changing professional mentorship.... <a href="http://t.co/HdlDrXnNgr" rel="nofollow" dir="ltr" data-expanded-url="http://on.mash.to/1dyjKyz" class="twitter-timeline-link" target="_blank" title="http://on.mash.to/1dyjKyz" ><span class="tco-ellipsis"></span><span class="invisible">http://</span><span class="js-display-url">on.mash.to/1dyjKyz</span><span class="invisible"></span><span class="tco-ellipsis"><span class="invisible">&nbsp;</span></span></a> via <a href="/mashable" class="twitter-atreply pretty-link js-nav" dir="ltr" data-mentioned-user-id="972651" ><s>@</s><b>mashable</b></a>]]></document>
		<document id="358222603166547968" url="https://twitter.com/lawyerbychoice/status/358222603166547968"><![CDATA[<a href="/hashtag/bigdata?src=hash" data-query-source="hashtag_click" class="twitter-hashtag pretty-link js-nav" dir="ltr" ><s>#</s><b>bigdata</b></a> opportunities for the automotive industry....vrooom! <a href="http://t.co/QZTVTB0Eee" rel="nofollow" dir="ltr" data-expanded-url="http://bit.ly/12S9w6c" class="twitter-timeline-link" target="_blank" title="http://bit.ly/12S9w6c" ><span class="tco-ellipsis"></span><span class="invisible">http://</span><span class="js-display-url">bit.ly/12S9w6c</span><span class="invisible"></span><span class="tco-ellipsis"><span class="invisible">&nbsp;</span></span></a> via <a href="/BigDataStartups" class="twitter-atreply pretty-link js-nav" dir="ltr" data-mentioned-user-id="1434094183" ><s>@</s><b>BigDataStartups</b></a>]]></document>
		<document id="358250504603709442" url="https://twitter.com/lawyerbychoice/status/358250504603709442"><![CDATA[Thx for the RT <a href="/BigDataStartups" class="twitter-atreply pretty-link js-nav" dir="ltr" data-mentioned-user-id="1434094183" ><s>@</s><b>BigDataStartups</b></a>, have a great <a href="/hashtag/ff?src=hash" data-query-source="hashtag_click" class="twitter-hashtag pretty-link js-nav" dir="ltr" ><s>#</s><b>ff</b></a>!]]></document>
		<document id="359695806833508353" url="https://twitter.com/lawyerbychoice/status/359695806833508353"><![CDATA[Customer facing technologies via the Cloud Helps Credit Unions, Community Banks Go Mano-a-Mano with Big Banks <a href="http://t.co/Fl5ymD9X2P" rel="nofollow" dir="ltr" data-expanded-url="http://twb.io/1dSo4c6" class="twitter-timeline-link" target="_blank" title="http://twb.io/1dSo4c6" ><span class="tco-ellipsis"></span><span class="invisible">http://</span><span class="js-display-url">twb.io/1dSo4c6</span><span class="invisible"></span><span class="tco-ellipsis"><span class="invisible">&nbsp;</span></span></a>]]></document>
		<document id="362599866142179329" url="https://twitter.com/lawyerbychoice/status/362599866142179329"><![CDATA[Tech startups form a web of sublets at <a href="/hashtag/568Broadway?src=hash" data-query-source="hashtag_click" class="twitter-hashtag pretty-link js-nav" dir="ltr" ><s>#</s><b>568Broadway</b></a> NYC,<a href="http://t.co/Uaei5uJ9Gk" rel="nofollow" dir="ltr" data-expanded-url="http://trdny.com/12iUkVY" class="twitter-timeline-link" target="_blank" title="http://trdny.com/12iUkVY" ><span class="tco-ellipsis"></span><span class="invisible">http://</span><span class="js-display-url">trdny.com/12iUkVY</span><span class="invisible"></span><span class="tco-ellipsis"><span class="invisible">&nbsp;</span></span></a> via <a href="/trdny" class="twitter-atreply pretty-link js-nav" dir="ltr" data-mentioned-user-id="17057248" ><s>@</s><b>trdny</b></a> <a href="/hashtag/coleschotz?src=hash" data-query-source="hashtag_click" class="twitter-hashtag pretty-link js-nav" dir="ltr" ><s>#</s><b>coleschotz</b></a>]]></document>
		<document id="364891119689019392" url="https://twitter.com/lawyerbychoice/status/364891119689019392"><![CDATA[<a href="/hashtag/AIRA?src=hash" data-query-source="hashtag_click" class="twitter-hashtag pretty-link js-nav" dir="ltr" ><s>#</s><b>AIRA</b></a> webinar, Thursday....<a href="/hashtag/ESI?src=hash" data-query-source="hashtag_click" class="twitter-hashtag pretty-link js-nav" dir="ltr" ><s>#</s><b>ESI</b></a> in the bankruptcy context <a href="https://t.co/Wsdmwb0CSk" rel="nofollow" dir="ltr" data-expanded-url="https://www.aira.org/conference/webinar/080813" class="twitter-timeline-link" target="_blank" title="https://www.aira.org/conference/webinar/080813" ><span class="tco-ellipsis"></span><span class="invisible">https://www.</span><span class="js-display-url">aira.org/conference/web</span><span class="invisible">inar/080813</span><span class="tco-ellipsis"><span class="invisible">&nbsp;</span>…</span></a>.  Not too late to join!]]></document>
		<document id="364907439478411267" url="https://twitter.com/lawyerbychoice/status/364907439478411267"><![CDATA[Reviewing Privacy Attys Capitalize On Creative Fee Arrangements  <a href="/hashtag/AFA?src=hash" data-query-source="hashtag_click" class="twitter-hashtag pretty-link js-nav" dir="ltr" ><s>#</s><b>AFA</b></a> <a href="http://t.co/sE4SzxxXRA" rel="nofollow" dir="ltr" data-expanded-url="http://www.law360.com/legalindustry/articles/458665" class="twitter-timeline-link" target="_blank" title="http://www.law360.com/legalindustry/articles/458665" ><span class="tco-ellipsis"></span><span class="invisible">http://www.</span><span class="js-display-url">law360.com/legalindustry/</span><span class="invisible">articles/458665</span><span class="tco-ellipsis"><span class="invisible">&nbsp;</span>…</span></a>]]></document>
		<document id="365104137341370369" url="https://twitter.com/lawyerbychoice/status/365104137341370369"><![CDATA[reading Move Beyond Enterprise IT to an API Strategy - <a href="/HarvardBiz" class="twitter-atreply pretty-link js-nav" dir="ltr" data-mentioned-user-id="14800270" ><s>@</s><b>HarvardBiz</b></a> <a href="http://t.co/OBt4AUD9Vy" rel="nofollow" dir="ltr" data-expanded-url="http://blogs.hbr.org/cs/2013/08/move_beyond_enterprise_it_to_a.html" class="twitter-timeline-link" target="_blank" title="http://blogs.hbr.org/cs/2013/08/move_beyond_enterprise_it_to_a.html" ><span class="tco-ellipsis"></span><span class="invisible">http://</span><span class="js-display-url">blogs.hbr.org/cs/2013/08/mov</span><span class="invisible">e_beyond_enterprise_it_to_a.html</span><span class="tco-ellipsis"><span class="invisible">&nbsp;</span>…</span></a> <a href="/hashtag/API?src=hash" data-query-source="hashtag_click" class="twitter-hashtag pretty-link js-nav" dir="ltr" ><s>#</s><b>API</b></a>]]></document>
		<document id="374625068191477760" url="https://twitter.com/lawyerbychoice/status/374625068191477760"><![CDATA[Reading This Information Governance Thing May Have Some Legs <a href="/hashtag/informationgovernance?src=hash" data-query-source="hashtag_click" class="twitter-hashtag pretty-link js-nav" dir="ltr" ><s>#</s><b>informationgovernance</b></a> <a href="http://t.co/2fmH0BBW2r" rel="nofollow" dir="ltr" data-expanded-url="http://www.cmswire.com/cms/information-management/this-information-governance-thing-may-have-some-legs-informationgovernance-022247.php" class="twitter-timeline-link" target="_blank" title="http://www.cmswire.com/cms/information-management/this-information-governance-thing-may-have-some-legs-informationgovernance-022247.php" ><span class="tco-ellipsis"></span><span class="invisible">http://www.</span><span class="js-display-url">cmswire.com/cms/informatio</span><span class="invisible">n-management/this-information-governance-thing-may-have-some-legs-informationgovernance-022247.php</span><span class="tco-ellipsis"><span class="invisible">&nbsp;</span>…</span></a> via <a href="/cmswire" class="twitter-atreply pretty-link js-nav" dir="ltr" data-mentioned-user-id="11104682" ><s>@</s><b>cmswire</b></a>]]></document>
		<document id="377443222517080064" url="https://twitter.com/lawyerbychoice/status/377443222517080064"><![CDATA[reading Beyond Passwords: New Tools to Identify Humans<a href="http://t.co/2WWCApkjIm" rel="nofollow" dir="ltr" data-expanded-url="http://nyti.ms/15SGpRY" class="twitter-timeline-link u-hidden" target="_blank" title="http://nyti.ms/15SGpRY" ><span class="tco-ellipsis"></span><span class="invisible">http://</span><span class="js-display-url">nyti.ms/15SGpRY</span><span class="invisible"></span><span class="tco-ellipsis"><span class="invisible">&nbsp;</span></span></a>]]></document>
		<document id="377444105900417024" url="https://twitter.com/lawyerbychoice/status/377444105900417024"><![CDATA[reading Data governance key to British Gas strategy <a href="http://t.co/oSpYqZcpvE" rel="nofollow" dir="ltr" data-expanded-url="http://www.computing.co.uk/ctg/news/2293006/data-governance-key-to-british-gas-strategy" class="twitter-timeline-link" target="_blank" title="http://www.computing.co.uk/ctg/news/2293006/data-governance-key-to-british-gas-strategy" ><span class="tco-ellipsis"></span><span class="invisible">http://www.</span><span class="js-display-url">computing.co.uk/ctg/news/22930</span><span class="invisible">06/data-governance-key-to-british-gas-strategy</span><span class="tco-ellipsis"><span class="invisible">&nbsp;</span>…</span></a> via <a href="/Computing_News" class="twitter-atreply pretty-link js-nav" dir="ltr" data-mentioned-user-id="15020155" ><s>@</s><b>computing_news</b></a> <a href="/hashtag/IG?src=hash" data-query-source="hashtag_click" class="twitter-hashtag pretty-link js-nav" dir="ltr" ><s>#</s><b>IG</b></a> <a href="/hashtag/BIGDATA?src=hash" data-query-source="hashtag_click" class="twitter-hashtag pretty-link js-nav" dir="ltr" ><s>#</s><b>BIGDATA</b></a>]]></document>
		<document id="380690035923632128" url="https://twitter.com/lawyerbychoice/status/380690035923632128"><![CDATA[<a href="/ToGovern" class="twitter-atreply pretty-link js-nav" dir="ltr" data-mentioned-user-id="166505377" ><s>@</s><b>ToGovern</b></a> thanks for the mention!]]></document>
		<document id="380690421317656576" url="https://twitter.com/lawyerbychoice/status/380690421317656576"><![CDATA[<a href="/ToGovern" class="twitter-atreply pretty-link js-nav" dir="ltr" data-mentioned-user-id="166505377" ><s>@</s><b>ToGovern</b></a> thanks for the RTs!]]></document>
		<document id="384771749528625152" url="https://twitter.com/lawyerbychoice/status/384771749528625152"><![CDATA[reading great <a href="/hashtag/IG?src=hash" data-query-source="hashtag_click" class="twitter-hashtag pretty-link js-nav" dir="ltr" ><s>#</s><b>IG</b></a> article - The key to information governance success: Start small <a href="http://t.co/LyuoMcqeT5" rel="nofollow" dir="ltr" data-expanded-url="http://www.kmworld.com/Articles/Editorial/Features/The-key-to-information-governance-success-Start-small-92033.aspx" class="twitter-timeline-link" target="_blank" title="http://www.kmworld.com/Articles/Editorial/Features/The-key-to-information-governance-success-Start-small-92033.aspx" ><span class="tco-ellipsis"></span><span class="invisible">http://www.</span><span class="js-display-url">kmworld.com/Articles/Edito</span><span class="invisible">rial/Features/The-key-to-information-governance-success-Start-small-92033.aspx</span><span class="tco-ellipsis"><span class="invisible">&nbsp;</span>…</span></a> via <a href="/KMWorldMagazine" class="twitter-atreply pretty-link js-nav" dir="ltr" data-mentioned-user-id="85385094" ><s>@</s><b>KMWorldMagazine</b></a>]]></document>
		<document id="384772242027978752" url="https://twitter.com/lawyerbychoice/status/384772242027978752"><![CDATA[reading <a href="/hashtag/IG?src=hash" data-query-source="hashtag_click" class="twitter-hashtag pretty-link js-nav" dir="ltr" ><s>#</s><b>IG</b></a> article and agree that unstructured data is huge challenge - The information game - The Global Legal Post<a href="http://t.co/O7onYxHD8Q" rel="nofollow" dir="ltr" data-expanded-url="http://www.globallegalpost.com/big-stories/the-information-game-87337378/#.UknacLt0bwU.twitter" class="twitter-timeline-link u-hidden" target="_blank" title="http://www.globallegalpost.com/big-stories/the-information-game-87337378/#.UknacLt0bwU.twitter" ><span class="tco-ellipsis"></span><span class="invisible">http://www.</span><span class="js-display-url">globallegalpost.com/big-stories/th</span><span class="invisible">e-information-game-87337378/#.UknacLt0bwU.twitter</span><span class="tco-ellipsis"><span class="invisible">&nbsp;</span>…</span></a>]]></document>
		<document id="385443824622764032" url="https://twitter.com/lawyerbychoice/status/385443824622764032"><![CDATA[mediate e-discovery disputes, save your business money - E-Mediation Can Simplify E-Discovery Disputes <a href="http://t.co/LBymLaaUan" rel="nofollow" dir="ltr" data-expanded-url="http://at.law.com/xN6z8K" class="twitter-timeline-link" target="_blank" title="http://at.law.com/xN6z8K" ><span class="tco-ellipsis"></span><span class="invisible">http://</span><span class="js-display-url">at.law.com/xN6z8K</span><span class="invisible"></span><span class="tco-ellipsis"><span class="invisible">&nbsp;</span></span></a> <a href="/LawTechNews" class="twitter-atreply pretty-link js-nav" dir="ltr" data-mentioned-user-id="3114956993" ><s>@</s><b>LawTechNews</b></a>]]></document>
		<document id="385448050950279169" url="https://twitter.com/lawyerbychoice/status/385448050950279169"><![CDATA[short and sweet <a href="/hashtag/EDISCOVERY?src=hash" data-query-source="hashtag_click" class="twitter-hashtag pretty-link js-nav" dir="ltr" ><s>#</s><b>EDISCOVERY</b></a> 5 Mistakes Organizations Keep Making in Litigation - Advertising <a href="http://t.co/5e0Ch0n1xJ" rel="nofollow" dir="ltr" data-expanded-url="http://j.mp/18Z88S2" class="twitter-timeline-link" target="_blank" title="http://j.mp/18Z88S2" ><span class="tco-ellipsis"></span><span class="invisible">http://</span><span class="js-display-url">j.mp/18Z88S2</span><span class="invisible"></span><span class="tco-ellipsis"><span class="invisible">&nbsp;</span></span></a>]]></document>
		<document id="389757752262025216" url="https://twitter.com/lawyerbychoice/status/389757752262025216"><![CDATA[reading NY’s Next Tech Hub: Utica<a href="http://t.co/doc8ntcBCG" rel="nofollow" dir="ltr" data-expanded-url="http://www.globest.com/news/12_712/northeast/development/NYs-Next-Tech-Hub-Utica-338596.html?ET=globest:e40594:14503a:&amp;st=email&amp;s=&amp;cmp=gst:New_York_AM_20131014:editorial" class="twitter-timeline-link u-hidden" target="_blank" title="http://www.globest.com/news/12_712/northeast/development/NYs-Next-Tech-Hub-Utica-338596.html?ET=globest:e40594:14503a:&amp;st=email&amp;s=&amp;cmp=gst:New_York_AM_20131014:editorial" ><span class="tco-ellipsis"></span><span class="invisible">http://www.</span><span class="js-display-url">globest.com/news/12_712/no</span><span class="invisible">rtheast/development/NYs-Next-Tech-Hub-Utica-338596.html?ET=globest:e40594:14503a:&amp;st=email&amp;s=&amp;cmp=gst:New_York_AM_20131014:editorial</span><span class="tco-ellipsis"><span class="invisible">&nbsp;</span>…</span></a>]]></document>
		<document id="392380722012372992" url="https://twitter.com/lawyerbychoice/status/392380722012372992"><![CDATA[reading The Grill: VA data guru Dat Tran on turning data into information <a href="http://t.co/ry4ZxKRHOq" rel="nofollow" dir="ltr" data-expanded-url="http://shar.es/ESOie" class="twitter-timeline-link" target="_blank" title="http://shar.es/ESOie" ><span class="tco-ellipsis"></span><span class="invisible">http://</span><span class="js-display-url">shar.es/ESOie</span><span class="invisible"></span><span class="tco-ellipsis"><span class="invisible">&nbsp;</span></span></a> via <a href="/Computerworld" class="twitter-atreply pretty-link js-nav" dir="ltr" data-mentioned-user-id="14539324" ><s>@</s><b>computerworld</b></a> <a href="/hashtag/chiefdataofficer?src=hash" data-query-source="hashtag_click" class="twitter-hashtag pretty-link js-nav" dir="ltr" ><s>#</s><b>chiefdataofficer</b></a>]]></document>
		<document id="393016339725418496" url="https://twitter.com/lawyerbychoice/status/393016339725418496"><![CDATA[TechLaunch startups are women-owned too | NJBIZ<a href="http://t.co/YKZFhnRceI" rel="nofollow" dir="ltr" data-expanded-url="http://www.njbiz.com/article/20130920/BREAKINGGLASS/130929968/TechLaunch-startups-are-women-owned-too" class="twitter-timeline-link u-hidden" target="_blank" title="http://www.njbiz.com/article/20130920/BREAKINGGLASS/130929968/TechLaunch-startups-are-women-owned-too" ><span class="tco-ellipsis"></span><span class="invisible">http://www.</span><span class="js-display-url">njbiz.com/article/201309</span><span class="invisible">20/BREAKINGGLASS/130929968/TechLaunch-startups-are-women-owned-too</span><span class="tco-ellipsis"><span class="invisible">&nbsp;</span>…</span></a>]]></document>
		<document id="393025600069574656" url="https://twitter.com/lawyerbychoice/status/393025600069574656"><![CDATA[considering....Compassion + Tech....fb.me/1XDGK0q3e <a href="/seekchange" class="twitter-atreply pretty-link js-nav" dir="ltr" data-mentioned-user-id="1223335537" ><s>@</s><b>seekchange</b></a>]]></document>
		<document id="393369809892560896" url="https://twitter.com/lawyerbychoice/status/393369809892560896"><![CDATA[e-discovery mediation....it&#39;s time <a href="http://t.co/f2DT5OBYb2" rel="nofollow" dir="ltr" data-expanded-url="http://at.law.com/FAvMY6" class="twitter-timeline-link" target="_blank" title="http://at.law.com/FAvMY6" ><span class="tco-ellipsis"></span><span class="invisible">http://</span><span class="js-display-url">at.law.com/FAvMY6</span><span class="invisible"></span><span class="tco-ellipsis"><span class="invisible">&nbsp;</span></span></a> <a href="/hashtag/AlternativeDisputeResolution?src=hash" data-query-source="hashtag_click" class="twitter-hashtag pretty-link js-nav" dir="ltr" ><s>#</s><b>AlternativeDisputeResolution</b></a> <a href="/hashtag/Mediation?src=hash" data-query-source="hashtag_click" class="twitter-hashtag pretty-link js-nav" dir="ltr" ><s>#</s><b>Mediation</b></a> via <a href="/LawTechNews" class="twitter-atreply pretty-link js-nav" dir="ltr" data-mentioned-user-id="3114956993" ><s>@</s><b>LawTechNews</b></a> <a href="/hashtag/IG?src=hash" data-query-source="hashtag_click" class="twitter-hashtag pretty-link js-nav" dir="ltr" ><s>#</s><b>IG</b></a> <a href="/hashtag/EDISCOVERY?src=hash" data-query-source="hashtag_click" class="twitter-hashtag pretty-link js-nav" dir="ltr" ><s>#</s><b>EDISCOVERY</b></a>]]></document>
		<document id="393414620821458946" url="https://twitter.com/lawyerbychoice/status/393414620821458946"><![CDATA[thanks for the RT <a href="/NJBIZ" class="twitter-atreply pretty-link js-nav" dir="ltr" data-mentioned-user-id="20524105" ><s>@</s><b>NJBIZ</b></a> and for delicious news - Jersey City steakhouse aims to attract female diners | NJBIZ<a href="http://t.co/o7YDgUZ1dU" rel="nofollow" dir="ltr" data-expanded-url="http://www.njbiz.com/article/20131023/NJBIZ01/131029923/A-different-cut:-Jersey-City-steakhouse-aims-to-attract-female-diners" class="twitter-timeline-link u-hidden" target="_blank" title="http://www.njbiz.com/article/20131023/NJBIZ01/131029923/A-different-cut:-Jersey-City-steakhouse-aims-to-attract-female-diners" ><span class="tco-ellipsis"></span><span class="invisible">http://www.</span><span class="js-display-url">njbiz.com/article/201310</span><span class="invisible">23/NJBIZ01/131029923/A-different-cut:-Jersey-City-steakhouse-aims-to-attract-female-diners</span><span class="tco-ellipsis"><span class="invisible">&nbsp;</span>…</span></a>]]></document>
		<document id="393777979521646592" url="https://twitter.com/lawyerbychoice/status/393777979521646592"><![CDATA[reading &#39;Start-Up NY&#39; tax breaks for start-ups in NY <a href="http://t.co/MJWF4LzeNM" rel="nofollow" dir="ltr" data-expanded-url="http://www.law360.com/newyork/articles/483195" class="twitter-timeline-link" target="_blank" title="http://www.law360.com/newyork/articles/483195" ><span class="tco-ellipsis"></span><span class="invisible">http://www.</span><span class="js-display-url">law360.com/newyork/articl</span><span class="invisible">es/483195</span><span class="tco-ellipsis"><span class="invisible">&nbsp;</span>…</span></a>]]></document>
		<document id="396263080457302016" url="https://twitter.com/lawyerbychoice/status/396263080457302016"><![CDATA[reading BYOD and Beyond: ACC Addresses Security Risks in the Digital Age <a href="http://t.co/83Mkivhw13" rel="nofollow" dir="ltr" data-expanded-url="http://at.law.com/bQZUoe" class="twitter-timeline-link" target="_blank" title="http://at.law.com/bQZUoe" ><span class="tco-ellipsis"></span><span class="invisible">http://</span><span class="js-display-url">at.law.com/bQZUoe</span><span class="invisible"></span><span class="tco-ellipsis"><span class="invisible">&nbsp;</span></span></a> via <a href="/LawTechNews" class="twitter-atreply pretty-link js-nav" dir="ltr" data-mentioned-user-id="3114956993" ><s>@</s><b>LawTechNews</b></a>]]></document>
		<document id="396264061060390912" url="https://twitter.com/lawyerbychoice/status/396264061060390912"><![CDATA[reading Efficiency Is the New Legal Pedigree <a href="http://t.co/qIyKMhhXoW" rel="nofollow" dir="ltr" data-expanded-url="http://at.law.com/7stcMn" class="twitter-timeline-link" target="_blank" title="http://at.law.com/7stcMn" ><span class="tco-ellipsis"></span><span class="invisible">http://</span><span class="js-display-url">at.law.com/7stcMn</span><span class="invisible"></span><span class="tco-ellipsis"><span class="invisible">&nbsp;</span></span></a> via <a href="/LawTechNews" class="twitter-atreply pretty-link js-nav" dir="ltr" data-mentioned-user-id="3114956993" ><s>@</s><b>LawTechNews</b></a>]]></document>
		<document id="397461338185687040" url="https://twitter.com/lawyerbychoice/status/397461338185687040"><![CDATA[NJ data centers....Five Data Center Trends - Data Center Bisnow (National) <a href="http://t.co/0S9yinuDw4" rel="nofollow" dir="ltr" data-expanded-url="http://www.bisnow.com/data-center-bisnow-national/five-data-center-trends2/" class="twitter-timeline-link" target="_blank" title="http://www.bisnow.com/data-center-bisnow-national/five-data-center-trends2/" ><span class="tco-ellipsis"></span><span class="invisible">http://www.</span><span class="js-display-url">bisnow.com/data-center-bi</span><span class="invisible">snow-national/five-data-center-trends2/</span><span class="tco-ellipsis"><span class="invisible">&nbsp;</span>…</span></a>]]></document>
		<document id="399876985783996416" url="https://twitter.com/lawyerbychoice/status/399876985783996416"/>
		<document id="401370791528259585" url="https://twitter.com/lawyerbychoice/status/401370791528259585"><![CDATA[reading A Systems Approach to E-Discovery <a href="http://t.co/pFVAwMb2Du" rel="nofollow" dir="ltr" data-expanded-url="http://at.law.com/EeK89r" class="twitter-timeline-link" target="_blank" title="http://at.law.com/EeK89r" ><span class="tco-ellipsis"></span><span class="invisible">http://</span><span class="js-display-url">at.law.com/EeK89r</span><span class="invisible"></span><span class="tco-ellipsis"><span class="invisible">&nbsp;</span></span></a> <a href="/hashtag/CivilProcedure?src=hash" data-query-source="hashtag_click" class="twitter-hashtag pretty-link js-nav" dir="ltr" ><s>#</s><b>CivilProcedure</b></a> <a href="/hashtag/Discovery?src=hash" data-query-source="hashtag_click" class="twitter-hashtag pretty-link js-nav" dir="ltr" ><s>#</s><b>Discovery</b></a> via <a href="/LawTechNews" class="twitter-atreply pretty-link js-nav" dir="ltr" data-mentioned-user-id="3114956993" ><s>@</s><b>LawTechNews</b></a>]]></document>
		<document id="401372678335918080" url="https://twitter.com/lawyerbychoice/status/401372678335918080"><![CDATA[reading ACC Explores Cross-Border Discovery Dilemmas <a href="http://t.co/OXCol7S1vS" rel="nofollow" dir="ltr" data-expanded-url="http://at.law.com/VSADjb" class="twitter-timeline-link" target="_blank" title="http://at.law.com/VSADjb" ><span class="tco-ellipsis"></span><span class="invisible">http://</span><span class="js-display-url">at.law.com/VSADjb</span><span class="invisible"></span><span class="tco-ellipsis"><span class="invisible">&nbsp;</span></span></a> <a href="/hashtag/InternationalBusinessandCommercialLaw?src=hash" data-query-source="hashtag_click" class="twitter-hashtag pretty-link js-nav" dir="ltr" ><s>#</s><b>InternationalBusinessandCommercialLaw</b></a> via <a href="/LawTechNews" class="twitter-atreply pretty-link js-nav" dir="ltr" data-mentioned-user-id="3114956993" ><s>@</s><b>LawTechNews</b></a>]]></document>
		<document id="402534205805973504" url="https://twitter.com/lawyerbychoice/status/402534205805973504"><![CDATA[reading Snark-Nado: What Happened With JP Morgan&#39;s Epic Twitter Fail <a href="http://t.co/Mxl3jdR3VT" rel="nofollow" dir="ltr" data-expanded-url="http://www.thestreet.com/story/12112324/1/snark-nado-what-happened-with-jp-morgans-epic-twitter-fail.html" class="twitter-timeline-link" target="_blank" title="http://www.thestreet.com/story/12112324/1/snark-nado-what-happened-with-jp-morgans-epic-twitter-fail.html" ><span class="tco-ellipsis"></span><span class="invisible">http://www.</span><span class="js-display-url">thestreet.com/story/12112324</span><span class="invisible">/1/snark-nado-what-happened-with-jp-morgans-epic-twitter-fail.html</span><span class="tco-ellipsis"><span class="invisible">&nbsp;</span>…</span></a>  via <a href="/TheStreet" class="twitter-atreply pretty-link js-nav" dir="ltr" data-mentioned-user-id="15281391" ><s>@</s><b>TheStreet</b></a>]]></document>
		<document id="402541877317996544" url="https://twitter.com/lawyerbychoice/status/402541877317996544"><![CDATA[reading Information Governance: A Great Idea That Few Are Willing to Do Well <a href="http://t.co/jylOla5yml" rel="nofollow" dir="ltr" data-expanded-url="http://www.itbusinessedge.com/blogs/integration/information-governance-a-great-idea-that-few-are-willing-to-do-well.html" class="twitter-timeline-link" target="_blank" title="http://www.itbusinessedge.com/blogs/integration/information-governance-a-great-idea-that-few-are-willing-to-do-well.html" ><span class="tco-ellipsis"></span><span class="invisible">http://www.</span><span class="js-display-url">itbusinessedge.com/blogs/integrat</span><span class="invisible">ion/information-governance-a-great-idea-that-few-are-willing-to-do-well.html</span><span class="tco-ellipsis"><span class="invisible">&nbsp;</span>…</span></a> via <a href="/ShareThis" class="twitter-atreply pretty-link js-nav" dir="ltr" data-mentioned-user-id="14116807" ><s>@</s><b>sharethis</b></a>]]></document>
		<document id="403228700402933760" url="https://twitter.com/lawyerbychoice/status/403228700402933760"><![CDATA[tech on the grow....Governor Pledges Support for Brooklyn Media Campus - Daily News Article - <a href="http://t.co/xMmXm84iAm" rel="nofollow" dir="ltr" data-expanded-url="http://GlobeSt.com" class="twitter-timeline-link" target="_blank" title="http://GlobeSt.com" ><span class="tco-ellipsis"></span><span class="invisible">http://</span><span class="js-display-url">GlobeSt.com</span><span class="invisible"></span><span class="tco-ellipsis"><span class="invisible">&nbsp;</span></span></a><a href="http://t.co/fBJGs9qFqH" rel="nofollow" dir="ltr" data-expanded-url="http://www.globest.com/news/12_739/newyork/development/Governor-Pledges-Support-for-Brooklyn-Media-Campus-339844.html?ET=globest%3Ae41081%3A14503a%3A&amp;st=email&amp;s=&amp;cmp=gst%3ANew_York_AM_20131119%3Aeditorial#.Uoz_V6T9eUA.twitter" class="twitter-timeline-link u-hidden" target="_blank" title="http://www.globest.com/news/12_739/newyork/development/Governor-Pledges-Support-for-Brooklyn-Media-Campus-339844.html?ET=globest%3Ae41081%3A14503a%3A&amp;st=email&amp;s=&amp;cmp=gst%3ANew_York_AM_20131119%3Aeditorial#.Uoz_V6T9eUA.twitter" ><span class="tco-ellipsis"></span><span class="invisible">http://www.</span><span class="js-display-url">globest.com/news/12_739/ne</span><span class="invisible">wyork/development/Governor-Pledges-Support-for-Brooklyn-Media-Campus-339844.html?ET=globest%3Ae41081%3A14503a%3A&amp;st=email&amp;s=&amp;cmp=gst%3ANew_York_AM_20131119%3Aeditorial#.Uoz_V6T9eUA.twitter</span><span class="tco-ellipsis"><span class="invisible">&nbsp;</span>…</span></a>]]></document>
		<document id="403229712157122561" url="https://twitter.com/lawyerbychoice/status/403229712157122561"><![CDATA[finding follow-on investors...The Startup Accelerator Trend Is Finally Slowing Down <a href="http://t.co/R8H7uL5v7L" rel="nofollow" dir="ltr" data-expanded-url="http://techcrunch.com/2013/11/19/the-startup-accelerator-trend-is-finally-slowing-down/?ncid=twittersocialshare" class="twitter-timeline-link" target="_blank" title="http://techcrunch.com/2013/11/19/the-startup-accelerator-trend-is-finally-slowing-down/?ncid=twittersocialshare" ><span class="tco-ellipsis"></span><span class="invisible">http://</span><span class="js-display-url">techcrunch.com/2013/11/19/the</span><span class="invisible">-startup-accelerator-trend-is-finally-slowing-down/?ncid=twittersocialshare</span><span class="tco-ellipsis"><span class="invisible">&nbsp;</span>…</span></a> via <a href="/TechCrunch" class="twitter-atreply pretty-link js-nav" dir="ltr" data-mentioned-user-id="816653" ><s>@</s><b>techcrunch</b></a>]]></document>
		<document id="403539308381880321" url="https://twitter.com/lawyerbychoice/status/403539308381880321"><![CDATA[reading abt a live, populated, interactive technology spectacle &quot;Under the High-Tech Big Top&quot; <a href="http://t.co/ri7pg20FmX" rel="nofollow" dir="ltr" data-expanded-url="http://www.bu.edu/bostonia/fall13/high-tech-big-top/" class="twitter-timeline-link" target="_blank" title="http://www.bu.edu/bostonia/fall13/high-tech-big-top/" ><span class="tco-ellipsis"></span><span class="invisible">http://www.</span><span class="js-display-url">bu.edu/bostonia/fall1</span><span class="invisible">3/high-tech-big-top/</span><span class="tco-ellipsis"><span class="invisible">&nbsp;</span>…</span></a> via <a href="/bostonia" class="twitter-atreply pretty-link js-nav" dir="ltr" data-mentioned-user-id="793290409682296832" ><s>@</s><b>Bostonia</b></a>]]></document>
		<document id="403548497397309442" url="https://twitter.com/lawyerbychoice/status/403548497397309442"><![CDATA[reading Reputational Damage Is the Lingering Data Breach Injury <a href="http://t.co/qdCV3b9a2s" rel="nofollow" dir="ltr" data-expanded-url="http://at.law.com/G3feHu" class="twitter-timeline-link" target="_blank" title="http://at.law.com/G3feHu" ><span class="tco-ellipsis"></span><span class="invisible">http://</span><span class="js-display-url">at.law.com/G3feHu</span><span class="invisible"></span><span class="tco-ellipsis"><span class="invisible">&nbsp;</span></span></a> <a href="/hashtag/InsuranceLaw?src=hash" data-query-source="hashtag_click" class="twitter-hashtag pretty-link js-nav" dir="ltr" ><s>#</s><b>InsuranceLaw</b></a> <a href="/hashtag/Contracts?src=hash" data-query-source="hashtag_click" class="twitter-hashtag pretty-link js-nav" dir="ltr" ><s>#</s><b>Contracts</b></a> <a href="/hashtag/Breach?src=hash" data-query-source="hashtag_click" class="twitter-hashtag pretty-link js-nav" dir="ltr" ><s>#</s><b>Breach</b></a> via <a href="/LawTechNews" class="twitter-atreply pretty-link js-nav" dir="ltr" data-mentioned-user-id="3114956993" ><s>@</s><b>LawTechNews</b></a>]]></document>
		<document id="405373386047496192" url="https://twitter.com/lawyerbychoice/status/405373386047496192"><![CDATA[Watching our new firm video, &quot;What is Cole Schotz to You.&quot;  <a href="http://t.co/KOonYGBV8v" rel="nofollow" dir="ltr" data-expanded-url="http://coleschotz.com" class="twitter-timeline-link" target="_blank" title="http://coleschotz.com" ><span class="tco-ellipsis"></span><span class="invisible">http://</span><span class="js-display-url">coleschotz.com</span><span class="invisible"></span><span class="tco-ellipsis"><span class="invisible">&nbsp;</span></span></a> <a href="/ColeSchotz" class="twitter-atreply pretty-link js-nav" dir="ltr" data-mentioned-user-id="317154859" ><s>@</s><b>ColeSchotz</b></a>]]></document>
		<document id="405380925740945408" url="https://twitter.com/lawyerbychoice/status/405380925740945408"><![CDATA[reading &#39;Microsoft says its average employee has to preserve 30 gigs of data, up from around 17 GB two years ago&#39; <a href="http://t.co/ZluVufcrJR" rel="nofollow" dir="ltr" data-expanded-url="http://on.wsj.com/1g9CLdX" class="twitter-timeline-link" target="_blank" title="http://on.wsj.com/1g9CLdX" ><span class="tco-ellipsis"></span><span class="invisible">http://</span><span class="js-display-url">on.wsj.com/1g9CLdX</span><span class="invisible"></span><span class="tco-ellipsis"><span class="invisible">&nbsp;</span></span></a> <a href="/hashtag/IG?src=hash" data-query-source="hashtag_click" class="twitter-hashtag pretty-link js-nav" dir="ltr" ><s>#</s><b>IG</b></a>]]></document>
		<document id="410419802587422720" url="https://twitter.com/lawyerbychoice/status/410419802587422720"><![CDATA[reading MSU J.D. Program Offers Major in Tech <a href="http://t.co/dWH0fyAo7p" rel="nofollow" dir="ltr" data-expanded-url="http://at.law.com/U26cQL" class="twitter-timeline-link" target="_blank" title="http://at.law.com/U26cQL" ><span class="tco-ellipsis"></span><span class="invisible">http://</span><span class="js-display-url">at.law.com/U26cQL</span><span class="invisible"></span><span class="tco-ellipsis"><span class="invisible">&nbsp;</span></span></a> <a href="/hashtag/EducationLaw?src=hash" data-query-source="hashtag_click" class="twitter-hashtag pretty-link js-nav" dir="ltr" ><s>#</s><b>EducationLaw</b></a> via <a href="/LawTechNews" class="twitter-atreply pretty-link js-nav" dir="ltr" data-mentioned-user-id="3114956993" ><s>@</s><b>LawTechNews</b></a>]]></document>
		<document id="410430740245905409" url="https://twitter.com/lawyerbychoice/status/410430740245905409"><![CDATA[reading Changing Discovery Culture One Step at a Time <a href="http://t.co/QPWU0y76pf" rel="nofollow" dir="ltr" data-expanded-url="http://at.law.com/ZCq3DL" class="twitter-timeline-link" target="_blank" title="http://at.law.com/ZCq3DL" ><span class="tco-ellipsis"></span><span class="invisible">http://</span><span class="js-display-url">at.law.com/ZCq3DL</span><span class="invisible"></span><span class="tco-ellipsis"><span class="invisible">&nbsp;</span></span></a> via <a href="/LawTechNews" class="twitter-atreply pretty-link js-nav" dir="ltr" data-mentioned-user-id="3114956993" ><s>@</s><b>LawTechNews</b></a>]]></document>
		<document id="410434262056189952" url="https://twitter.com/lawyerbychoice/status/410434262056189952"><![CDATA[interesting new idea....Have Data Center, Will Travel | CFO <a href="http://t.co/Pga79i3b7n" rel="nofollow" dir="ltr" data-expanded-url="http://ww2.cfo.com/technology/2013/11/data-center-will-travel/" class="twitter-timeline-link" target="_blank" title="http://ww2.cfo.com/technology/2013/11/data-center-will-travel/" ><span class="tco-ellipsis"></span><span class="invisible">http://</span><span class="js-display-url">ww2.cfo.com/technology/201</span><span class="invisible">3/11/data-center-will-travel/</span><span class="tco-ellipsis"><span class="invisible">&nbsp;</span>…</span></a> via <a href="/cfo" class="twitter-atreply pretty-link js-nav" dir="ltr" data-mentioned-user-id="44906914" ><s>@</s><b>cfo</b></a>]]></document>
	</documents>
</author>