<?xml version="1.0" encoding="UTF-8" standalone="no"?><author age_group="xx" gender="xx" lang="EN" type="twitter" url="https://twitter.com/ElviraLindo">
	<documents count="156">
		<document id="10571867266" url="https://twitter.com/ElviraLindo/status/10571867266"><![CDATA[Come to &quot;Algo Más Inesperado Que La Muerte&quot; Wednesday, March 24 at 8:00 pm until &lt;br /&gt;Saturday, April 24 at 11:00... http://fb.me/7kLR3SI]]></document>
		<document id="10623442379" url="https://twitter.com/ElviraLindo/status/10623442379"><![CDATA[Los Patriotas http://fb.me/KueLf3Gl7]]></document>
		<document id="10675874462" url="https://twitter.com/ElviraLindo/status/10675874462"><![CDATA[http://www.facebook.com/photo.php?pid=3505512&amp;l=465638bc2e&amp;id=43000311091]]></document>
		<document id="11039655976" url="https://twitter.com/ElviraLindo/status/11039655976"><![CDATA[I posted 2 photos on Facebook in the album &quot;Mi álbum (III)&quot; http://fb.me/uEB1rEKr]]></document>
		<document id="11197684619" url="https://twitter.com/ElviraLindo/status/11197684619"><![CDATA[Por Mi Culpa http://fb.me/tE5vwZsG]]></document>
		<document id="11569982172" url="https://twitter.com/ElviraLindo/status/11569982172"><![CDATA[Hacer Sangre http://fb.me/uCoUvfG9]]></document>
		<document id="12400897091" url="https://twitter.com/ElviraLindo/status/12400897091"><![CDATA[Mi vida, en dos patadas http://fb.me/wykhb3oR]]></document>
		<document id="12576227635" url="https://twitter.com/ElviraLindo/status/12576227635"><![CDATA[Partidismo http://fb.me/wIpbkuaU]]></document>
		<document id="12764990490" url="https://twitter.com/ElviraLindo/status/12764990490"><![CDATA[Viajando Con Elvira Lindo http://fb.me/sFPyDLwD]]></document>
		<document id="13006512901" url="https://twitter.com/ElviraLindo/status/13006512901"><![CDATA[Pícaro gordo http://fb.me/yBYhrXJ2]]></document>
		<document id="13430337258" url="https://twitter.com/ElviraLindo/status/13430337258"><![CDATA[Catastrofismo http://fb.me/xgR25mWs]]></document>
		<document id="13500439935" url="https://twitter.com/ElviraLindo/status/13500439935"><![CDATA[Mi Querido Soulaimane http://fb.me/zlgwHMjU]]></document>
		<document id="13955284239" url="https://twitter.com/ElviraLindo/status/13955284239"><![CDATA[http://www.facebook.com/photo.php?pid=3892397&amp;l=7816a1ce44&amp;id=43000311091]]></document>
		<document id="14100514500" url="https://twitter.com/ElviraLindo/status/14100514500"><![CDATA[Gordos Y Sanos http://fb.me/xmHV7zmB]]></document>
		<document id="144901569840816128" url="https://twitter.com/ElviraLindo/status/144901569840816128"><![CDATA[La mejor galleta de NYC¡ RT <a href="/Mai_Madrid" class="twitter-atreply pretty-link js-nav" dir="ltr" data-mentioned-user-id="278065716" ><s>@</s><b>mai_madrid</b></a>: <a href="/ElviraLindo" class="twitter-atreply pretty-link js-nav" dir="ltr" data-mentioned-user-id="66789097" ><s>@</s><b>ElviraLindo</b></a> <a href="/FrancescaCheska" class="twitter-atreply pretty-link js-nav" dir="ltr" data-mentioned-user-id="278117537" ><s>@</s><b>FrancescaCheska</b></a> buenísimo!!!! Otra vez Thanks <a href="http://t.co/7TZi5GV4" rel="nofollow" dir="ltr" data-expanded-url="https://twitter.com/Mai_Madrid/status/144858030230601728/photo/1" class="twitter-timeline-link" target="_blank" title="https://twitter.com/Mai_Madrid/status/144858030230601728/photo/1" ><span class="tco-ellipsis"></span><span class="invisible">https://twitter.com/Mai_Madrid/status/144858030230601728/photo/1</span><span class="js-display-url">pic.twitter.com/7TZi5GV4</span><span class="invisible"></span><span class="tco-ellipsis"><span class="invisible">&nbsp;</span></span></a>]]></document>
		<document id="14530854343" url="https://twitter.com/ElviraLindo/status/14530854343"><![CDATA[Mentiras Milagrosas http://fb.me/xSokuLVU]]></document>
		<document id="146322926998794241" url="https://twitter.com/ElviraLindo/status/146322926998794241"><![CDATA[Photo: Diario de Pontevedra - Cuando la vida se vuelve literatura<a href="http://t.co/K7eEv9xR" rel="nofollow" dir="ltr" data-expanded-url="http://tmblr.co/ZKqT4xDA5dV7" class="twitter-timeline-link u-hidden" target="_blank" title="http://tmblr.co/ZKqT4xDA5dV7" ><span class="tco-ellipsis"></span><span class="invisible">http://</span><span class="js-display-url">tmblr.co/ZKqT4xDA5dV7</span><span class="invisible"></span><span class="tco-ellipsis"><span class="invisible">&nbsp;</span></span></a>]]></document>
		<document id="14766768061" url="https://twitter.com/ElviraLindo/status/14766768061"><![CDATA[La Fiesta http://fb.me/znk1eFxI]]></document>
		<document id="15222865160" url="https://twitter.com/ElviraLindo/status/15222865160"><![CDATA[La Monja Santa http://fb.me/BhpZwBDL]]></document>
		<document id="15760799122" url="https://twitter.com/ElviraLindo/status/15760799122"><![CDATA[Lo que no sé http://fb.me/AxEbBU67]]></document>
		<document id="161543456207028224" url="https://twitter.com/ElviraLindo/status/161543456207028224"><![CDATA[Mii favorita RT “<a href="/McGutierrezSj" class="twitter-atreply pretty-link js-nav" dir="ltr" data-mentioned-user-id="270988337" ><s>@</s><b>McGutierrezSj</b></a>: <a href="/ElviraLindo" class="twitter-atreply pretty-link js-nav" dir="ltr" data-mentioned-user-id="66789097" ><s>@</s><b>ElviraLindo</b></a> <a href="/XAlegret" class="twitter-atreply pretty-link js-nav" dir="ltr" data-mentioned-user-id="196503119" ><s>@</s><b>XAlegret</b></a> Y la de P.J. Clarke´s?”]]></document>
		<document id="16198173300" url="https://twitter.com/ElviraLindo/status/16198173300"><![CDATA[I posted 5 photos on Facebook in the album &quot;Mi álbum (III)&quot; http://fb.me/ANxhpEyQ]]></document>
		<document id="162665528924712960" url="https://twitter.com/ElviraLindo/status/162665528924712960"><![CDATA[I am! “<a href="/spaincultureny" class="twitter-atreply pretty-link js-nav" dir="ltr" data-mentioned-user-id="197764197" ><s>@</s><b>spaincultureny</b></a>: Anyone going to <a href="/CervantesNY" class="twitter-atreply pretty-link js-nav" dir="ltr" data-mentioned-user-id="113686801" ><s>@</s><b>CervantesNY</b></a> to see the launch of &#39;Lugares que no quiero compartir con nadie&#39; by <a href="/ElviraLindo" class="twitter-atreply pretty-link js-nav" dir="ltr" data-mentioned-user-id="66789097" ><s>@</s><b>ElviraLindo</b></a> ?”]]></document>
		<document id="164874496409473024" url="https://twitter.com/ElviraLindo/status/164874496409473024"><![CDATA[<a href="/pecesrojos" class="twitter-atreply pretty-link js-nav" dir="ltr" data-mentioned-user-id="228469249" ><s>@</s><b>pecesrojos</b></a> McNally Jackson en soho]]></document>
		<document id="179914444443365376" url="https://twitter.com/ElviraLindo/status/179914444443365376"><![CDATA[Gracias Maxim! RT “<a href="/maximhuerta" class="twitter-atreply pretty-link js-nav" dir="ltr" data-mentioned-user-id="102480916" ><s>@</s><b>maximhuerta</b></a>: Gran <a href="/ElviraLindo" class="twitter-atreply pretty-link js-nav" dir="ltr" data-mentioned-user-id="66789097" ><s>@</s><b>ElviraLindo</b></a> RT <a href="/AimarBretos" class="twitter-atreply pretty-link js-nav" dir="ltr" data-mentioned-user-id="23042583" ><s>@</s><b>AimarBretos</b></a>: &quot;Una vergüenza&quot;, por Elvira Lindo  <a href="http://t.co/ZI5nqzwt" rel="nofollow" dir="ltr" data-expanded-url="http://elpais.com/elpais/2012/03/13/opinion/1331654413_622784.html" class="twitter-timeline-link" target="_blank" title="http://elpais.com/elpais/2012/03/13/opinion/1331654413_622784.html" ><span class="tco-ellipsis"></span><span class="invisible">http://</span><span class="js-display-url">elpais.com/elpais/2012/03</span><span class="invisible">/13/opinion/1331654413_622784.html</span><span class="tco-ellipsis"><span class="invisible">&nbsp;</span>…</span></a>”]]></document>
		<document id="18011352580" url="https://twitter.com/ElviraLindo/status/18011352580"><![CDATA[I posted a new photo to Facebook http://fb.me/E9lgi1ud]]></document>
		<document id="18060724293" url="https://twitter.com/ElviraLindo/status/18060724293"><![CDATA[ELOGIO APASIONADO DEL CONOCIMIENTO http://fb.me/DsNYDJdi]]></document>
		<document id="18500061386" url="https://twitter.com/ElviraLindo/status/18500061386"><![CDATA[Banderas http://fb.me/w19gbYOX]]></document>
		<document id="18570756184" url="https://twitter.com/ElviraLindo/status/18570756184"><![CDATA[I posted a new photo to Facebook http://fb.me/vlXakZB1]]></document>
		<document id="18919442520" url="https://twitter.com/ElviraLindo/status/18919442520"><![CDATA[I posted a new photo to Facebook http://fb.me/vI3bk5Cx]]></document>
		<document id="19461409809" url="https://twitter.com/ElviraLindo/status/19461409809"><![CDATA[A callarse http://fb.me/EcBtU2z1]]></document>
		<document id="19850554313" url="https://twitter.com/ElviraLindo/status/19850554313"><![CDATA[UN HOMBRE CONTRA EL SISTEMA http://fb.me/A28f1twK]]></document>
		<document id="19936413091" url="https://twitter.com/ElviraLindo/status/19936413091"><![CDATA[SuperMajete http://fb.me/FQMwV9dS]]></document>
		<document id="208707117841002496" url="https://twitter.com/ElviraLindo/status/208707117841002496"><![CDATA[FOTO: Siempre adoré a Shirley Temple <a href="/hashtag/DondeGentes?src=hash" data-query-source="hashtag_click" class="twitter-hashtag pretty-link js-nav" dir="ltr" ><s>#</s><b>DondeGentes</b></a><a href="http://t.co/cBhKaVaY" rel="nofollow" dir="ltr" data-expanded-url="http://say.ly/hOG3rVo" class="twitter-timeline-link u-hidden" target="_blank" title="http://say.ly/hOG3rVo" ><span class="tco-ellipsis"></span><span class="invisible">http://</span><span class="js-display-url">say.ly/hOG3rVo</span><span class="invisible"></span><span class="tco-ellipsis"><span class="invisible">&nbsp;</span></span></a>]]></document>
		<document id="210092483458236416" url="https://twitter.com/ElviraLindo/status/210092483458236416"><![CDATA[Hecha con el iPhone para compartir este momento con mis lectores: premio Johnnie Walker etiqueta negra. <a href="/amunozmolina" class="twitter-atreply pretty-link js-nav" dir="ltr" data-mentioned-user-id="169417042" ><s>@</s><b>amunozmolina</b></a> …<a href="http://t.co/LAgZxYhs" rel="nofollow" dir="ltr" data-expanded-url="http://say.ly/mqV3tBz" class="twitter-timeline-link u-hidden" target="_blank" title="http://say.ly/mqV3tBz" ><span class="tco-ellipsis"></span><span class="invisible">http://</span><span class="js-display-url">say.ly/mqV3tBz</span><span class="invisible"></span><span class="tco-ellipsis"><span class="invisible">&nbsp;</span></span></a>]]></document>
		<document id="219349854638456832" url="https://twitter.com/ElviraLindo/status/219349854638456832"><![CDATA[RT “<a href="/Bebramar" class="twitter-atreply pretty-link js-nav" dir="ltr" data-mentioned-user-id="310238026" ><s>@</s><b>Bebramar</b></a>: &quot;Evidentemente&quot;, por <a href="/ElviraLindo" class="twitter-atreply pretty-link js-nav" dir="ltr" data-mentioned-user-id="66789097" ><s>@</s><b>ElviraLindo</b></a> <a href="http://t.co/366gMXkM" rel="nofollow" dir="ltr" data-expanded-url="http://cultura.elpais.com/cultura/2012/06/29/actualidad/1340967301_699330.html" class="twitter-timeline-link" target="_blank" title="http://cultura.elpais.com/cultura/2012/06/29/actualidad/1340967301_699330.html" ><span class="tco-ellipsis"></span><span class="invisible">http://</span><span class="js-display-url">cultura.elpais.com/cultura/2012/0</span><span class="invisible">6/29/actualidad/1340967301_699330.html</span><span class="tco-ellipsis"><span class="invisible">&nbsp;</span>…</span></a>”]]></document>
		<document id="224698703078899714" url="https://twitter.com/ElviraLindo/status/224698703078899714"><![CDATA[<a href="/RafaelBonachela" class="twitter-atreply pretty-link js-nav" dir="ltr" data-mentioned-user-id="245124967" ><s>@</s><b>RafaelBonachela</b></a> wow!!!! No paras Rafa!!!!!]]></document>
		<document id="238100773119082496" url="https://twitter.com/ElviraLindo/status/238100773119082496"><![CDATA[RT “<a href="/RafaelBonachela" class="twitter-atreply pretty-link js-nav" dir="ltr" data-mentioned-user-id="245124967" ><s>@</s><b>RafaelBonachela</b></a>: Maria Pages &amp; Sidi Larbi press call <a href="/Spring_Dance" class="twitter-atreply pretty-link js-nav" dir="ltr" data-mentioned-user-id="608680617" ><s>@</s><b>spring_dance</b></a> <a href="/SydOperaHouse" class="twitter-atreply pretty-link js-nav" dir="ltr" data-mentioned-user-id="90300296" ><s>@</s><b>sydoperahouse</b></a> <a href="/hashtag/springdancesyd?src=hash" data-query-source="hashtag_click" class="twitter-hashtag pretty-link js-nav" dir="ltr" ><s>#</s><b>springdancesyd</b></a> <a href="/hashtag/flamenco?src=hash" data-query-source="hashtag_click" class="twitter-hashtag pretty-link js-nav" dir="ltr" ><s>#</s><b>flamenco</b></a>  <a href="http://t.co/sZlZbaca" rel="nofollow" dir="ltr" data-expanded-url="http://instagr.am/p/OnQSyqLmqs/" class="twitter-timeline-link" target="_blank" title="http://instagr.am/p/OnQSyqLmqs/" ><span class="tco-ellipsis"></span><span class="invisible">http://</span><span class="js-display-url">instagr.am/p/OnQSyqLmqs/</span><span class="invisible"></span><span class="tco-ellipsis"><span class="invisible">&nbsp;</span></span></a>”]]></document>
		<document id="267029335620337665" url="https://twitter.com/ElviraLindo/status/267029335620337665"><![CDATA[Feliç Aniversari! RT <a href="/maria_navasa" class="twitter-atreply pretty-link js-nav" dir="ltr" data-mentioned-user-id="608293492" ><s>@</s><b>maria_navasa</b></a> El meu regal de 25 anys ha arribat a Suècia! Manolito forever d&#39; <a href="/ElviraLindo" class="twitter-atreply pretty-link js-nav" dir="ltr" data-mentioned-user-id="66789097" ><s>@</s><b>ElviraLindo</b></a><a href="http://t.co/dh8Vzf3y" class="twitter-timeline-link u-hidden" data-pre-embedded="true" dir="ltr" >pic.twitter.com/dh8Vzf3y</a>]]></document>
		<document id="267306382712242176" url="https://twitter.com/ElviraLindo/status/267306382712242176"><![CDATA[<a href="/martaaragon89" class="twitter-atreply pretty-link js-nav" dir="ltr" data-mentioned-user-id="760203386" ><s>@</s><b>martaaragon89</b></a> sí!]]></document>
		<document id="267353647124463619" url="https://twitter.com/ElviraLindo/status/267353647124463619"><![CDATA[Besos!!!! RT “<a href="/josrased" class="twitter-atreply pretty-link js-nav" dir="ltr" data-mentioned-user-id="61053469" ><s>@</s><b>josrased</b></a>: Mejor Manolo de <a href="/ElviraLindo" class="twitter-atreply pretty-link js-nav" dir="ltr" data-mentioned-user-id="66789097" ><s>@</s><b>ElviraLindo</b></a> comprado. Y de regalo una chapita! <a href="http://t.co/T3FoMrt2" class="twitter-timeline-link u-hidden" data-pre-embedded="true" dir="ltr" >pic.twitter.com/T3FoMrt2</a>”]]></document>
		<document id="268407166036217857" url="https://twitter.com/ElviraLindo/status/268407166036217857"><![CDATA[Mi Chavo de Washington Heights! RT <a href="/xavimenos" class="twitter-atreply pretty-link js-nav" dir="ltr" data-mentioned-user-id="16655942" ><s>@</s><b>xavimenos</b></a> Ya tengo en mis manos mi querido <a href="/hashtag/ManolitoGafotas?src=hash" data-query-source="hashtag_click" class="twitter-hashtag pretty-link js-nav" dir="ltr" ><s>#</s><b>ManolitoGafotas</b></a> de mi <a href="/ElviraLindo" class="twitter-atreply pretty-link js-nav" dir="ltr" data-mentioned-user-id="66789097" ><s>@</s><b>elviralindo</b></a>!!!! <a href="http://t.co/zBo7Ie1j" rel="nofollow" dir="ltr" data-expanded-url="http://instagr.am/p/R-jdAkH13a/" class="twitter-timeline-link" target="_blank" title="http://instagr.am/p/R-jdAkH13a/" ><span class="tco-ellipsis"></span><span class="invisible">http://</span><span class="js-display-url">instagr.am/p/R-jdAkH13a/</span><span class="invisible"></span><span class="tco-ellipsis"><span class="invisible">&nbsp;</span></span></a>]]></document>
		<document id="273574327704748032" url="https://twitter.com/ElviraLindo/status/273574327704748032"><![CDATA[<a href="/IlProfumiereGr" class="twitter-atreply pretty-link js-nav" dir="ltr" data-mentioned-user-id="390883696" ><s>@</s><b>IlProfumiereGr</b></a> <a href="/DorothyMaia" class="twitter-atreply pretty-link js-nav" dir="ltr" data-mentioned-user-id="149052829" ><s>@</s><b>dorothymaia</b></a> un beso!!]]></document>
		<document id="282530220077109249" url="https://twitter.com/ElviraLindo/status/282530220077109249"><![CDATA[Jajaja jajaja <a href="/hashtag/lachirli?src=hash" data-query-source="hashtag_click" class="twitter-hashtag pretty-link js-nav" dir="ltr" ><s>#</s><b>lachirli</b></a> RT “<a href="/evalovemusic1" class="twitter-atreply pretty-link js-nav" dir="ltr" data-mentioned-user-id="53403543" ><s>@</s><b>evalovemusic1</b></a>: <a href="/ElviraLindo" class="twitter-atreply pretty-link js-nav" dir="ltr" data-mentioned-user-id="66789097" ><s>@</s><b>ElviraLindo</b></a> SI llega a salir vestida de lady gaga, ya me habría olido algo raro jaja”]]></document>
		<document id="283279573825748993" url="https://twitter.com/ElviraLindo/status/283279573825748993"><![CDATA[¡¡¡¡¡ Feliz Navidad !!!!! <a href="https://t.co/SePenbIE" rel="nofollow" dir="ltr" data-expanded-url="https://www.youtube.com/watch?feature=player_embedded&amp;v=5g4lY8Y3eoo" class="twitter-timeline-link" target="_blank" title="https://www.youtube.com/watch?feature=player_embedded&amp;v=5g4lY8Y3eoo" ><span class="tco-ellipsis"></span><span class="invisible">https://www.</span><span class="js-display-url">youtube.com/watch?feature=</span><span class="invisible">player_embedded&amp;v=5g4lY8Y3eoo</span><span class="tco-ellipsis"><span class="invisible">&nbsp;</span>…</span></a>]]></document>
		<document id="417740861087444992" url="https://twitter.com/ElviraLindo/status/417740861087444992"><![CDATA[.<a href="/amunozmolina" class="twitter-atreply pretty-link js-nav" dir="ltr" data-mentioned-user-id="169417042" ><s>@</s><b>amunozmolina</b></a> &quot;Tan Solo Novelista&quot; <a href="/elpaissemanal" class="twitter-atreply pretty-link js-nav" dir="ltr" data-mentioned-user-id="28483909" ><s>@</s><b>elpaissemanal</b></a><a href="http://t.co/XzXY5JeIay" rel="nofollow" dir="ltr" data-expanded-url="http://elpais.com/elpais/2013/12/26/fotorrelato/1388056154_080486.html#1388056154_080486_1388056330" class="twitter-timeline-link u-hidden" target="_blank" title="http://elpais.com/elpais/2013/12/26/fotorrelato/1388056154_080486.html#1388056154_080486_1388056330" ><span class="tco-ellipsis"></span><span class="invisible">http://</span><span class="js-display-url">elpais.com/elpais/2013/12</span><span class="invisible">/26/fotorrelato/1388056154_080486.html#1388056154_080486_1388056330</span><span class="tco-ellipsis"><span class="invisible">&nbsp;</span>…</span></a>]]></document>
		<document id="61204350898421760" url="https://twitter.com/ElviraLindo/status/61204350898421760"><![CDATA[<a href="/josecorbacho" class="twitter-atreply pretty-link js-nav" dir="ltr" data-mentioned-user-id="97656149" ><s>@</s><b>josecorbacho</b></a> gràcies! Arribo demà!]]></document>
		<document id="61713911531057152" url="https://twitter.com/ElviraLindo/status/61713911531057152"><![CDATA[Foto: últimos detalles <a href="/hashtag/santjordi?src=hash" data-query-source="hashtag_click" class="twitter-hashtag pretty-link js-nav" dir="ltr" ><s>#</s><b>santjordi</b></a>  <a href="http://t.co/fk7B1xG" rel="nofollow" dir="ltr" data-expanded-url="http://yfrog.com/h8ewbijj" class="twitter-timeline-link" target="_blank" title="http://yfrog.com/h8ewbijj" ><span class="tco-ellipsis"></span><span class="invisible">http://</span><span class="js-display-url">yfrog.com/h8ewbijj</span><span class="invisible"></span><span class="tco-ellipsis"><span class="invisible">&nbsp;</span></span></a>]]></document>
		<document id="61715945655250944" url="https://twitter.com/ElviraLindo/status/61715945655250944"><![CDATA[Chavo: nos dirigimos al Corte Inglés de Plaça Catalunya¡ Firma de 11 a 12¡ <a href="/hashtag/santjordi?src=hash" data-query-source="hashtag_click" class="twitter-hashtag pretty-link js-nav" dir="ltr" ><s>#</s><b>santjordi</b></a>]]></document>
		<document id="61734154387206144" url="https://twitter.com/ElviraLindo/status/61734154387206144"><![CDATA[Photo; FNAC triangle!  <a href="http://t.co/ebOUifA" rel="nofollow" dir="ltr" data-expanded-url="http://yfrog.com/gzsg5xaj" class="twitter-timeline-link" target="_blank" title="http://yfrog.com/gzsg5xaj" ><span class="tco-ellipsis"></span><span class="invisible">http://</span><span class="js-display-url">yfrog.com/gzsg5xaj</span><span class="invisible"></span><span class="tco-ellipsis"><span class="invisible">&nbsp;</span></span></a>]]></document>
		<document id="61737221962739712" url="https://twitter.com/ElviraLindo/status/61737221962739712"><![CDATA[Primera sorpresa: Manolito en Polaco!!!  <a href="/hashtag/santjordi?src=hash" data-query-source="hashtag_click" class="twitter-hashtag pretty-link js-nav" dir="ltr" ><s>#</s><b>santjordi</b></a>  <a href="http://t.co/EOqDxCm" rel="nofollow" dir="ltr" data-expanded-url="http://yfrog.com/h24p0cuj" class="twitter-timeline-link" target="_blank" title="http://yfrog.com/h24p0cuj" ><span class="tco-ellipsis"></span><span class="invisible">http://</span><span class="js-display-url">yfrog.com/h24p0cuj</span><span class="invisible"></span><span class="tco-ellipsis"><span class="invisible">&nbsp;</span></span></a>]]></document>
		<document id="61756822515744768" url="https://twitter.com/ElviraLindo/status/61756822515744768"><![CDATA[Contraplano: casa del llibre. Passeig de Gràcia <a href="/hashtag/santjordi?src=hash" data-query-source="hashtag_click" class="twitter-hashtag pretty-link js-nav" dir="ltr" ><s>#</s><b>santjordi</b></a>  <a href="http://t.co/zFFJom8" rel="nofollow" dir="ltr" data-expanded-url="http://yfrog.com/hs7wfgrj" class="twitter-timeline-link" target="_blank" title="http://yfrog.com/hs7wfgrj" ><span class="tco-ellipsis"></span><span class="invisible">http://</span><span class="js-display-url">yfrog.com/hs7wfgrj</span><span class="invisible"></span><span class="tco-ellipsis"><span class="invisible">&nbsp;</span></span></a>]]></document>
		<document id="62937466264502274" url="https://twitter.com/ElviraLindo/status/62937466264502274"><![CDATA[<a href="/ElviraLindo" class="twitter-atreply pretty-link js-nav" dir="ltr" data-mentioned-user-id="66789097" ><s>@</s><b>elviralindo</b></a> esta <a href="/xavimenos" class="twitter-atreply pretty-link js-nav" dir="ltr" data-mentioned-user-id="16655942" ><s>@</s><b>xavimenos</b></a>]]></document>
		<document id="65383298330923008" url="https://twitter.com/ElviraLindo/status/65383298330923008"><![CDATA[<a href="/josefajram" class="twitter-atreply pretty-link js-nav" dir="ltr" data-mentioned-user-id="69227791" ><s>@</s><b>josefajram</b></a> there are no limits my friend]]></document>
		<document id="10571867266" url="https://twitter.com/ElviraLindo/status/10571867266"><![CDATA[Come to &quot;Algo Más Inesperado Que La Muerte&quot; Wednesday, March 24 at 8:00 pm until &lt;br /&gt;Saturday, April 24 at 11:00... http://fb.me/7kLR3SI]]></document>
		<document id="10623442379" url="https://twitter.com/ElviraLindo/status/10623442379"><![CDATA[Los Patriotas http://fb.me/KueLf3Gl7]]></document>
		<document id="10675874462" url="https://twitter.com/ElviraLindo/status/10675874462"><![CDATA[http://www.facebook.com/photo.php?pid=3505512&amp;l=465638bc2e&amp;id=43000311091]]></document>
		<document id="11039655976" url="https://twitter.com/ElviraLindo/status/11039655976"><![CDATA[I posted 2 photos on Facebook in the album &quot;Mi álbum (III)&quot; http://fb.me/uEB1rEKr]]></document>
		<document id="11197684619" url="https://twitter.com/ElviraLindo/status/11197684619"><![CDATA[Por Mi Culpa http://fb.me/tE5vwZsG]]></document>
		<document id="11569982172" url="https://twitter.com/ElviraLindo/status/11569982172"><![CDATA[Hacer Sangre http://fb.me/uCoUvfG9]]></document>
		<document id="12400897091" url="https://twitter.com/ElviraLindo/status/12400897091"><![CDATA[Mi vida, en dos patadas http://fb.me/wykhb3oR]]></document>
		<document id="12576227635" url="https://twitter.com/ElviraLindo/status/12576227635"><![CDATA[Partidismo http://fb.me/wIpbkuaU]]></document>
		<document id="12764990490" url="https://twitter.com/ElviraLindo/status/12764990490"><![CDATA[Viajando Con Elvira Lindo http://fb.me/sFPyDLwD]]></document>
		<document id="13006512901" url="https://twitter.com/ElviraLindo/status/13006512901"><![CDATA[Pícaro gordo http://fb.me/yBYhrXJ2]]></document>
		<document id="13430337258" url="https://twitter.com/ElviraLindo/status/13430337258"><![CDATA[Catastrofismo http://fb.me/xgR25mWs]]></document>
		<document id="13500439935" url="https://twitter.com/ElviraLindo/status/13500439935"><![CDATA[Mi Querido Soulaimane http://fb.me/zlgwHMjU]]></document>
		<document id="13955284239" url="https://twitter.com/ElviraLindo/status/13955284239"><![CDATA[http://www.facebook.com/photo.php?pid=3892397&amp;l=7816a1ce44&amp;id=43000311091]]></document>
		<document id="14100514500" url="https://twitter.com/ElviraLindo/status/14100514500"><![CDATA[Gordos Y Sanos http://fb.me/xmHV7zmB]]></document>
		<document id="144901569840816128" url="https://twitter.com/ElviraLindo/status/144901569840816128"><![CDATA[La mejor galleta de NYC¡ RT <a href="/Mai_Madrid" class="twitter-atreply pretty-link js-nav" dir="ltr" data-mentioned-user-id="278065716" ><s>@</s><b>mai_madrid</b></a>: <a href="/ElviraLindo" class="twitter-atreply pretty-link js-nav" dir="ltr" data-mentioned-user-id="66789097" ><s>@</s><b>ElviraLindo</b></a> <a href="/FrancescaCheska" class="twitter-atreply pretty-link js-nav" dir="ltr" data-mentioned-user-id="278117537" ><s>@</s><b>FrancescaCheska</b></a> buenísimo!!!! Otra vez Thanks <a href="http://t.co/7TZi5GV4" rel="nofollow" dir="ltr" data-expanded-url="https://twitter.com/Mai_Madrid/status/144858030230601728/photo/1" class="twitter-timeline-link" target="_blank" title="https://twitter.com/Mai_Madrid/status/144858030230601728/photo/1" ><span class="tco-ellipsis"></span><span class="invisible">https://twitter.com/Mai_Madrid/status/144858030230601728/photo/1</span><span class="js-display-url">pic.twitter.com/7TZi5GV4</span><span class="invisible"></span><span class="tco-ellipsis"><span class="invisible">&nbsp;</span></span></a>]]></document>
		<document id="14530854343" url="https://twitter.com/ElviraLindo/status/14530854343"><![CDATA[Mentiras Milagrosas http://fb.me/xSokuLVU]]></document>
		<document id="146322926998794241" url="https://twitter.com/ElviraLindo/status/146322926998794241"><![CDATA[Photo: Diario de Pontevedra - Cuando la vida se vuelve literatura<a href="http://t.co/K7eEv9xR" rel="nofollow" dir="ltr" data-expanded-url="http://tmblr.co/ZKqT4xDA5dV7" class="twitter-timeline-link u-hidden" target="_blank" title="http://tmblr.co/ZKqT4xDA5dV7" ><span class="tco-ellipsis"></span><span class="invisible">http://</span><span class="js-display-url">tmblr.co/ZKqT4xDA5dV7</span><span class="invisible"></span><span class="tco-ellipsis"><span class="invisible">&nbsp;</span></span></a>]]></document>
		<document id="14766768061" url="https://twitter.com/ElviraLindo/status/14766768061"><![CDATA[La Fiesta http://fb.me/znk1eFxI]]></document>
		<document id="15222865160" url="https://twitter.com/ElviraLindo/status/15222865160"><![CDATA[La Monja Santa http://fb.me/BhpZwBDL]]></document>
		<document id="15760799122" url="https://twitter.com/ElviraLindo/status/15760799122"><![CDATA[Lo que no sé http://fb.me/AxEbBU67]]></document>
		<document id="161543456207028224" url="https://twitter.com/ElviraLindo/status/161543456207028224"><![CDATA[Mii favorita RT “<a href="/McGutierrezSj" class="twitter-atreply pretty-link js-nav" dir="ltr" data-mentioned-user-id="270988337" ><s>@</s><b>McGutierrezSj</b></a>: <a href="/ElviraLindo" class="twitter-atreply pretty-link js-nav" dir="ltr" data-mentioned-user-id="66789097" ><s>@</s><b>ElviraLindo</b></a> <a href="/XAlegret" class="twitter-atreply pretty-link js-nav" dir="ltr" data-mentioned-user-id="196503119" ><s>@</s><b>XAlegret</b></a> Y la de P.J. Clarke´s?”]]></document>
		<document id="16198173300" url="https://twitter.com/ElviraLindo/status/16198173300"><![CDATA[I posted 5 photos on Facebook in the album &quot;Mi álbum (III)&quot; http://fb.me/ANxhpEyQ]]></document>
		<document id="162665528924712960" url="https://twitter.com/ElviraLindo/status/162665528924712960"><![CDATA[I am! “<a href="/spaincultureny" class="twitter-atreply pretty-link js-nav" dir="ltr" data-mentioned-user-id="197764197" ><s>@</s><b>spaincultureny</b></a>: Anyone going to <a href="/CervantesNY" class="twitter-atreply pretty-link js-nav" dir="ltr" data-mentioned-user-id="113686801" ><s>@</s><b>CervantesNY</b></a> to see the launch of &#39;Lugares que no quiero compartir con nadie&#39; by <a href="/ElviraLindo" class="twitter-atreply pretty-link js-nav" dir="ltr" data-mentioned-user-id="66789097" ><s>@</s><b>ElviraLindo</b></a> ?”]]></document>
		<document id="164874496409473024" url="https://twitter.com/ElviraLindo/status/164874496409473024"><![CDATA[<a href="/pecesrojos" class="twitter-atreply pretty-link js-nav" dir="ltr" data-mentioned-user-id="228469249" ><s>@</s><b>pecesrojos</b></a> McNally Jackson en soho]]></document>
		<document id="179914444443365376" url="https://twitter.com/ElviraLindo/status/179914444443365376"><![CDATA[Gracias Maxim! RT “<a href="/maximhuerta" class="twitter-atreply pretty-link js-nav" dir="ltr" data-mentioned-user-id="102480916" ><s>@</s><b>maximhuerta</b></a>: Gran <a href="/ElviraLindo" class="twitter-atreply pretty-link js-nav" dir="ltr" data-mentioned-user-id="66789097" ><s>@</s><b>ElviraLindo</b></a> RT <a href="/AimarBretos" class="twitter-atreply pretty-link js-nav" dir="ltr" data-mentioned-user-id="23042583" ><s>@</s><b>AimarBretos</b></a>: &quot;Una vergüenza&quot;, por Elvira Lindo  <a href="http://t.co/ZI5nqzwt" rel="nofollow" dir="ltr" data-expanded-url="http://elpais.com/elpais/2012/03/13/opinion/1331654413_622784.html" class="twitter-timeline-link" target="_blank" title="http://elpais.com/elpais/2012/03/13/opinion/1331654413_622784.html" ><span class="tco-ellipsis"></span><span class="invisible">http://</span><span class="js-display-url">elpais.com/elpais/2012/03</span><span class="invisible">/13/opinion/1331654413_622784.html</span><span class="tco-ellipsis"><span class="invisible">&nbsp;</span>…</span></a>”]]></document>
		<document id="18011352580" url="https://twitter.com/ElviraLindo/status/18011352580"><![CDATA[I posted a new photo to Facebook http://fb.me/E9lgi1ud]]></document>
		<document id="18060724293" url="https://twitter.com/ElviraLindo/status/18060724293"><![CDATA[ELOGIO APASIONADO DEL CONOCIMIENTO http://fb.me/DsNYDJdi]]></document>
		<document id="18500061386" url="https://twitter.com/ElviraLindo/status/18500061386"><![CDATA[Banderas http://fb.me/w19gbYOX]]></document>
		<document id="18570756184" url="https://twitter.com/ElviraLindo/status/18570756184"><![CDATA[I posted a new photo to Facebook http://fb.me/vlXakZB1]]></document>
		<document id="18919442520" url="https://twitter.com/ElviraLindo/status/18919442520"><![CDATA[I posted a new photo to Facebook http://fb.me/vI3bk5Cx]]></document>
		<document id="19461409809" url="https://twitter.com/ElviraLindo/status/19461409809"><![CDATA[A callarse http://fb.me/EcBtU2z1]]></document>
		<document id="19850554313" url="https://twitter.com/ElviraLindo/status/19850554313"><![CDATA[UN HOMBRE CONTRA EL SISTEMA http://fb.me/A28f1twK]]></document>
		<document id="19936413091" url="https://twitter.com/ElviraLindo/status/19936413091"><![CDATA[SuperMajete http://fb.me/FQMwV9dS]]></document>
		<document id="208707117841002496" url="https://twitter.com/ElviraLindo/status/208707117841002496"><![CDATA[FOTO: Siempre adoré a Shirley Temple <a href="/hashtag/DondeGentes?src=hash" data-query-source="hashtag_click" class="twitter-hashtag pretty-link js-nav" dir="ltr" ><s>#</s><b>DondeGentes</b></a><a href="http://t.co/cBhKaVaY" rel="nofollow" dir="ltr" data-expanded-url="http://say.ly/hOG3rVo" class="twitter-timeline-link u-hidden" target="_blank" title="http://say.ly/hOG3rVo" ><span class="tco-ellipsis"></span><span class="invisible">http://</span><span class="js-display-url">say.ly/hOG3rVo</span><span class="invisible"></span><span class="tco-ellipsis"><span class="invisible">&nbsp;</span></span></a>]]></document>
		<document id="210092483458236416" url="https://twitter.com/ElviraLindo/status/210092483458236416"><![CDATA[Hecha con el iPhone para compartir este momento con mis lectores: premio Johnnie Walker etiqueta negra. <a href="/amunozmolina" class="twitter-atreply pretty-link js-nav" dir="ltr" data-mentioned-user-id="169417042" ><s>@</s><b>amunozmolina</b></a> …<a href="http://t.co/LAgZxYhs" rel="nofollow" dir="ltr" data-expanded-url="http://say.ly/mqV3tBz" class="twitter-timeline-link u-hidden" target="_blank" title="http://say.ly/mqV3tBz" ><span class="tco-ellipsis"></span><span class="invisible">http://</span><span class="js-display-url">say.ly/mqV3tBz</span><span class="invisible"></span><span class="tco-ellipsis"><span class="invisible">&nbsp;</span></span></a>]]></document>
		<document id="219349854638456832" url="https://twitter.com/ElviraLindo/status/219349854638456832"><![CDATA[RT “<a href="/Bebramar" class="twitter-atreply pretty-link js-nav" dir="ltr" data-mentioned-user-id="310238026" ><s>@</s><b>Bebramar</b></a>: &quot;Evidentemente&quot;, por <a href="/ElviraLindo" class="twitter-atreply pretty-link js-nav" dir="ltr" data-mentioned-user-id="66789097" ><s>@</s><b>ElviraLindo</b></a> <a href="http://t.co/366gMXkM" rel="nofollow" dir="ltr" data-expanded-url="http://cultura.elpais.com/cultura/2012/06/29/actualidad/1340967301_699330.html" class="twitter-timeline-link" target="_blank" title="http://cultura.elpais.com/cultura/2012/06/29/actualidad/1340967301_699330.html" ><span class="tco-ellipsis"></span><span class="invisible">http://</span><span class="js-display-url">cultura.elpais.com/cultura/2012/0</span><span class="invisible">6/29/actualidad/1340967301_699330.html</span><span class="tco-ellipsis"><span class="invisible">&nbsp;</span>…</span></a>”]]></document>
		<document id="224698703078899714" url="https://twitter.com/ElviraLindo/status/224698703078899714"><![CDATA[<a href="/RafaelBonachela" class="twitter-atreply pretty-link js-nav" dir="ltr" data-mentioned-user-id="245124967" ><s>@</s><b>RafaelBonachela</b></a> wow!!!! No paras Rafa!!!!!]]></document>
		<document id="238100773119082496" url="https://twitter.com/ElviraLindo/status/238100773119082496"><![CDATA[RT “<a href="/RafaelBonachela" class="twitter-atreply pretty-link js-nav" dir="ltr" data-mentioned-user-id="245124967" ><s>@</s><b>RafaelBonachela</b></a>: Maria Pages &amp; Sidi Larbi press call <a href="/Spring_Dance" class="twitter-atreply pretty-link js-nav" dir="ltr" data-mentioned-user-id="608680617" ><s>@</s><b>spring_dance</b></a> <a href="/SydOperaHouse" class="twitter-atreply pretty-link js-nav" dir="ltr" data-mentioned-user-id="90300296" ><s>@</s><b>sydoperahouse</b></a> <a href="/hashtag/springdancesyd?src=hash" data-query-source="hashtag_click" class="twitter-hashtag pretty-link js-nav" dir="ltr" ><s>#</s><b>springdancesyd</b></a> <a href="/hashtag/flamenco?src=hash" data-query-source="hashtag_click" class="twitter-hashtag pretty-link js-nav" dir="ltr" ><s>#</s><b>flamenco</b></a>  <a href="http://t.co/sZlZbaca" rel="nofollow" dir="ltr" data-expanded-url="http://instagr.am/p/OnQSyqLmqs/" class="twitter-timeline-link" target="_blank" title="http://instagr.am/p/OnQSyqLmqs/" ><span class="tco-ellipsis"></span><span class="invisible">http://</span><span class="js-display-url">instagr.am/p/OnQSyqLmqs/</span><span class="invisible"></span><span class="tco-ellipsis"><span class="invisible">&nbsp;</span></span></a>”]]></document>
		<document id="267029335620337665" url="https://twitter.com/ElviraLindo/status/267029335620337665"><![CDATA[Feliç Aniversari! RT <a href="/maria_navasa" class="twitter-atreply pretty-link js-nav" dir="ltr" data-mentioned-user-id="608293492" ><s>@</s><b>maria_navasa</b></a> El meu regal de 25 anys ha arribat a Suècia! Manolito forever d&#39; <a href="/ElviraLindo" class="twitter-atreply pretty-link js-nav" dir="ltr" data-mentioned-user-id="66789097" ><s>@</s><b>ElviraLindo</b></a><a href="http://t.co/dh8Vzf3y" class="twitter-timeline-link u-hidden" data-pre-embedded="true" dir="ltr" >pic.twitter.com/dh8Vzf3y</a>]]></document>
		<document id="267306382712242176" url="https://twitter.com/ElviraLindo/status/267306382712242176"><![CDATA[<a href="/martaaragon89" class="twitter-atreply pretty-link js-nav" dir="ltr" data-mentioned-user-id="760203386" ><s>@</s><b>martaaragon89</b></a> sí!]]></document>
		<document id="267353647124463619" url="https://twitter.com/ElviraLindo/status/267353647124463619"><![CDATA[Besos!!!! RT “<a href="/josrased" class="twitter-atreply pretty-link js-nav" dir="ltr" data-mentioned-user-id="61053469" ><s>@</s><b>josrased</b></a>: Mejor Manolo de <a href="/ElviraLindo" class="twitter-atreply pretty-link js-nav" dir="ltr" data-mentioned-user-id="66789097" ><s>@</s><b>ElviraLindo</b></a> comprado. Y de regalo una chapita! <a href="http://t.co/T3FoMrt2" class="twitter-timeline-link u-hidden" data-pre-embedded="true" dir="ltr" >pic.twitter.com/T3FoMrt2</a>”]]></document>
		<document id="268407166036217857" url="https://twitter.com/ElviraLindo/status/268407166036217857"><![CDATA[Mi Chavo de Washington Heights! RT <a href="/xavimenos" class="twitter-atreply pretty-link js-nav" dir="ltr" data-mentioned-user-id="16655942" ><s>@</s><b>xavimenos</b></a> Ya tengo en mis manos mi querido <a href="/hashtag/ManolitoGafotas?src=hash" data-query-source="hashtag_click" class="twitter-hashtag pretty-link js-nav" dir="ltr" ><s>#</s><b>ManolitoGafotas</b></a> de mi <a href="/ElviraLindo" class="twitter-atreply pretty-link js-nav" dir="ltr" data-mentioned-user-id="66789097" ><s>@</s><b>elviralindo</b></a>!!!! <a href="http://t.co/zBo7Ie1j" rel="nofollow" dir="ltr" data-expanded-url="http://instagr.am/p/R-jdAkH13a/" class="twitter-timeline-link" target="_blank" title="http://instagr.am/p/R-jdAkH13a/" ><span class="tco-ellipsis"></span><span class="invisible">http://</span><span class="js-display-url">instagr.am/p/R-jdAkH13a/</span><span class="invisible"></span><span class="tco-ellipsis"><span class="invisible">&nbsp;</span></span></a>]]></document>
		<document id="273574327704748032" url="https://twitter.com/ElviraLindo/status/273574327704748032"><![CDATA[<a href="/IlProfumiereGr" class="twitter-atreply pretty-link js-nav" dir="ltr" data-mentioned-user-id="390883696" ><s>@</s><b>IlProfumiereGr</b></a> <a href="/DorothyMaia" class="twitter-atreply pretty-link js-nav" dir="ltr" data-mentioned-user-id="149052829" ><s>@</s><b>dorothymaia</b></a> un beso!!]]></document>
		<document id="282530220077109249" url="https://twitter.com/ElviraLindo/status/282530220077109249"><![CDATA[Jajaja jajaja <a href="/hashtag/lachirli?src=hash" data-query-source="hashtag_click" class="twitter-hashtag pretty-link js-nav" dir="ltr" ><s>#</s><b>lachirli</b></a> RT “<a href="/evalovemusic1" class="twitter-atreply pretty-link js-nav" dir="ltr" data-mentioned-user-id="53403543" ><s>@</s><b>evalovemusic1</b></a>: <a href="/ElviraLindo" class="twitter-atreply pretty-link js-nav" dir="ltr" data-mentioned-user-id="66789097" ><s>@</s><b>ElviraLindo</b></a> SI llega a salir vestida de lady gaga, ya me habría olido algo raro jaja”]]></document>
		<document id="283279573825748993" url="https://twitter.com/ElviraLindo/status/283279573825748993"><![CDATA[¡¡¡¡¡ Feliz Navidad !!!!! <a href="https://t.co/SePenbIE" rel="nofollow" dir="ltr" data-expanded-url="https://www.youtube.com/watch?feature=player_embedded&amp;v=5g4lY8Y3eoo" class="twitter-timeline-link" target="_blank" title="https://www.youtube.com/watch?feature=player_embedded&amp;v=5g4lY8Y3eoo" ><span class="tco-ellipsis"></span><span class="invisible">https://www.</span><span class="js-display-url">youtube.com/watch?feature=</span><span class="invisible">player_embedded&amp;v=5g4lY8Y3eoo</span><span class="tco-ellipsis"><span class="invisible">&nbsp;</span>…</span></a>]]></document>
		<document id="417740861087444992" url="https://twitter.com/ElviraLindo/status/417740861087444992"><![CDATA[.<a href="/amunozmolina" class="twitter-atreply pretty-link js-nav" dir="ltr" data-mentioned-user-id="169417042" ><s>@</s><b>amunozmolina</b></a> &quot;Tan Solo Novelista&quot; <a href="/elpaissemanal" class="twitter-atreply pretty-link js-nav" dir="ltr" data-mentioned-user-id="28483909" ><s>@</s><b>elpaissemanal</b></a><a href="http://t.co/XzXY5JeIay" rel="nofollow" dir="ltr" data-expanded-url="http://elpais.com/elpais/2013/12/26/fotorrelato/1388056154_080486.html#1388056154_080486_1388056330" class="twitter-timeline-link u-hidden" target="_blank" title="http://elpais.com/elpais/2013/12/26/fotorrelato/1388056154_080486.html#1388056154_080486_1388056330" ><span class="tco-ellipsis"></span><span class="invisible">http://</span><span class="js-display-url">elpais.com/elpais/2013/12</span><span class="invisible">/26/fotorrelato/1388056154_080486.html#1388056154_080486_1388056330</span><span class="tco-ellipsis"><span class="invisible">&nbsp;</span>…</span></a>]]></document>
		<document id="61204350898421760" url="https://twitter.com/ElviraLindo/status/61204350898421760"><![CDATA[<a href="/josecorbacho" class="twitter-atreply pretty-link js-nav" dir="ltr" data-mentioned-user-id="97656149" ><s>@</s><b>josecorbacho</b></a> gràcies! Arribo demà!]]></document>
		<document id="61713911531057152" url="https://twitter.com/ElviraLindo/status/61713911531057152"><![CDATA[Foto: últimos detalles <a href="/hashtag/santjordi?src=hash" data-query-source="hashtag_click" class="twitter-hashtag pretty-link js-nav" dir="ltr" ><s>#</s><b>santjordi</b></a>  <a href="http://t.co/fk7B1xG" rel="nofollow" dir="ltr" data-expanded-url="http://yfrog.com/h8ewbijj" class="twitter-timeline-link" target="_blank" title="http://yfrog.com/h8ewbijj" ><span class="tco-ellipsis"></span><span class="invisible">http://</span><span class="js-display-url">yfrog.com/h8ewbijj</span><span class="invisible"></span><span class="tco-ellipsis"><span class="invisible">&nbsp;</span></span></a>]]></document>
		<document id="61715945655250944" url="https://twitter.com/ElviraLindo/status/61715945655250944"><![CDATA[Chavo: nos dirigimos al Corte Inglés de Plaça Catalunya¡ Firma de 11 a 12¡ <a href="/hashtag/santjordi?src=hash" data-query-source="hashtag_click" class="twitter-hashtag pretty-link js-nav" dir="ltr" ><s>#</s><b>santjordi</b></a>]]></document>
		<document id="61734154387206144" url="https://twitter.com/ElviraLindo/status/61734154387206144"><![CDATA[Photo; FNAC triangle!  <a href="http://t.co/ebOUifA" rel="nofollow" dir="ltr" data-expanded-url="http://yfrog.com/gzsg5xaj" class="twitter-timeline-link" target="_blank" title="http://yfrog.com/gzsg5xaj" ><span class="tco-ellipsis"></span><span class="invisible">http://</span><span class="js-display-url">yfrog.com/gzsg5xaj</span><span class="invisible"></span><span class="tco-ellipsis"><span class="invisible">&nbsp;</span></span></a>]]></document>
		<document id="61737221962739712" url="https://twitter.com/ElviraLindo/status/61737221962739712"><![CDATA[Primera sorpresa: Manolito en Polaco!!!  <a href="/hashtag/santjordi?src=hash" data-query-source="hashtag_click" class="twitter-hashtag pretty-link js-nav" dir="ltr" ><s>#</s><b>santjordi</b></a>  <a href="http://t.co/EOqDxCm" rel="nofollow" dir="ltr" data-expanded-url="http://yfrog.com/h24p0cuj" class="twitter-timeline-link" target="_blank" title="http://yfrog.com/h24p0cuj" ><span class="tco-ellipsis"></span><span class="invisible">http://</span><span class="js-display-url">yfrog.com/h24p0cuj</span><span class="invisible"></span><span class="tco-ellipsis"><span class="invisible">&nbsp;</span></span></a>]]></document>
		<document id="61756822515744768" url="https://twitter.com/ElviraLindo/status/61756822515744768"><![CDATA[Contraplano: casa del llibre. Passeig de Gràcia <a href="/hashtag/santjordi?src=hash" data-query-source="hashtag_click" class="twitter-hashtag pretty-link js-nav" dir="ltr" ><s>#</s><b>santjordi</b></a>  <a href="http://t.co/zFFJom8" rel="nofollow" dir="ltr" data-expanded-url="http://yfrog.com/hs7wfgrj" class="twitter-timeline-link" target="_blank" title="http://yfrog.com/hs7wfgrj" ><span class="tco-ellipsis"></span><span class="invisible">http://</span><span class="js-display-url">yfrog.com/hs7wfgrj</span><span class="invisible"></span><span class="tco-ellipsis"><span class="invisible">&nbsp;</span></span></a>]]></document>
		<document id="62937466264502274" url="https://twitter.com/ElviraLindo/status/62937466264502274"><![CDATA[<a href="/ElviraLindo" class="twitter-atreply pretty-link js-nav" dir="ltr" data-mentioned-user-id="66789097" ><s>@</s><b>elviralindo</b></a> esta <a href="/xavimenos" class="twitter-atreply pretty-link js-nav" dir="ltr" data-mentioned-user-id="16655942" ><s>@</s><b>xavimenos</b></a>]]></document>
		<document id="65383298330923008" url="https://twitter.com/ElviraLindo/status/65383298330923008"><![CDATA[<a href="/josefajram" class="twitter-atreply pretty-link js-nav" dir="ltr" data-mentioned-user-id="69227791" ><s>@</s><b>josefajram</b></a> there are no limits my friend]]></document>
	</documents>
</author>